2026-04-17 19:48:49  INFO: Operating system name: Windows 11 version: 10.0 architecture: amd64
2026-04-17 19:48:49  INFO: Java runtime name: OpenJDK 64-Bit Server VM vendor: Eclipse Adoptium version: 17.0.16+8
2026-04-17 19:48:49  INFO: Memory limit heap: 8176mb non-heap: 0mb
2026-04-17 19:48:49  INFO: Character encoding: windows-1252
2026-04-17 19:48:49  INFO: Version: 6.12.2
2026-04-17 19:48:49  INFO: Starting server...
2026-04-17 19:48:50  INFO: HikariPool-1 - Starting...
2026-04-17 19:48:50  INFO: HikariPool-1 - Added connection conn0: url=jdbc:h2:./database/data/database user=SA
2026-04-17 19:48:50  INFO: HikariPool-1 - Start completed.
2026-04-17 19:48:50  INFO: Set default schema name to PUBLIC
2026-04-17 19:48:50  INFO: Creating snapshot
2026-04-17 19:48:50  INFO: Successfully acquired change log lock
2026-04-17 19:48:50  INFO: Creating database changelog table with name: PUBLIC.DATABASECHANGELOG
2026-04-17 19:48:50  INFO: Clearing database change log checksums for database h2
2026-04-17 19:48:50  INFO: Successfully released change log lock
2026-04-17 19:48:50  INFO: Command execution complete
2026-04-17 19:48:51  INFO: Reading from PUBLIC.DATABASECHANGELOG
2026-04-17 19:48:51  INFO: Successfully acquired change log lock
2026-04-17 19:48:51  INFO: Using deploymentId: 6473330488
2026-04-17 19:48:51  INFO: Reading from PUBLIC.DATABASECHANGELOG
2026-04-17 19:48:51  INFO: Table tc_attributes created
2026-04-17 19:48:51  INFO: Table tc_calendars created
2026-04-17 19:48:51  INFO: Table tc_commands created
2026-04-17 19:48:51  INFO: Table tc_device_attribute created
2026-04-17 19:48:51  INFO: Table tc_device_command created
2026-04-17 19:48:51  INFO: Table tc_device_driver created
2026-04-17 19:48:51  INFO: Table tc_device_geofence created
2026-04-17 19:48:51  INFO: Table tc_device_maintenance created
2026-04-17 19:48:51  INFO: Table tc_device_notification created
2026-04-17 19:48:51  INFO: Table tc_devices created
2026-04-17 19:48:51  INFO: Table tc_drivers created
2026-04-17 19:48:51  INFO: Table tc_events created
2026-04-17 19:48:51  INFO: Table tc_geofences created
2026-04-17 19:48:51  INFO: Table tc_group_attribute created
2026-04-17 19:48:51  INFO: Table tc_group_command created
2026-04-17 19:48:51  INFO: Table tc_group_driver created
2026-04-17 19:48:51  INFO: Table tc_group_geofence created
2026-04-17 19:48:51  INFO: Table tc_group_maintenance created
2026-04-17 19:48:51  INFO: Table tc_group_notification created
2026-04-17 19:48:51  INFO: Table tc_groups created
2026-04-17 19:48:51  INFO: Table tc_maintenances created
2026-04-17 19:48:51  INFO: Table tc_notifications created
2026-04-17 19:48:51  INFO: Table tc_positions created
2026-04-17 19:48:51  INFO: Table tc_servers created
2026-04-17 19:48:51  INFO: Table tc_statistics created
2026-04-17 19:48:51  INFO: Table tc_user_attribute created
2026-04-17 19:48:51  INFO: Table tc_user_calendar created
2026-04-17 19:48:51  INFO: Table tc_user_command created
2026-04-17 19:48:51  INFO: Table tc_user_device created
2026-04-17 19:48:51  INFO: Table tc_user_driver created
2026-04-17 19:48:51  INFO: Table tc_user_geofence created
2026-04-17 19:48:51  INFO: Table tc_user_group created
2026-04-17 19:48:51  INFO: Table tc_user_maintenance created
2026-04-17 19:48:51  INFO: Table tc_user_notification created
2026-04-17 19:48:51  INFO: Table tc_user_user created
2026-04-17 19:48:51  INFO: Table tc_users created
2026-04-17 19:48:51  INFO: Foreign key constraint added to tc_device_command (commandid)
2026-04-17 19:48:51  INFO: Foreign key constraint added to tc_device_command (deviceid)
2026-04-17 19:48:51  INFO: Foreign key constraint added to tc_device_driver (deviceid)
2026-04-17 19:48:51  INFO: Foreign key constraint added to tc_device_driver (driverid)
2026-04-17 19:48:51  INFO: Foreign key constraint added to tc_device_geofence (deviceid)
2026-04-17 19:48:51  INFO: Foreign key constraint added to tc_device_geofence (geofenceid)
2026-04-17 19:48:51  INFO: Foreign key constraint added to tc_device_maintenance (deviceid)
2026-04-17 19:48:51  INFO: Foreign key constraint added to tc_device_maintenance (maintenanceid)
2026-04-17 19:48:51  INFO: Foreign key constraint added to tc_device_notification (deviceid)
2026-04-17 19:48:51  INFO: Foreign key constraint added to tc_device_notification (notificationid)
2026-04-17 19:48:51  INFO: Foreign key constraint added to tc_devices (groupid)
2026-04-17 19:48:51  INFO: Foreign key constraint added to tc_events (deviceid)
2026-04-17 19:48:51  INFO: Foreign key constraint added to tc_geofences (calendarid)
2026-04-17 19:48:51  INFO: Foreign key constraint added to tc_group_attribute (attributeid)
2026-04-17 19:48:51  INFO: Foreign key constraint added to tc_group_attribute (groupid)
2026-04-17 19:48:51  INFO: Foreign key constraint added to tc_group_command (commandid)
2026-04-17 19:48:51  INFO: Foreign key constraint added to tc_group_command (groupid)
2026-04-17 19:48:51  INFO: Foreign key constraint added to tc_group_driver (driverid)
2026-04-17 19:48:51  INFO: Foreign key constraint added to tc_group_driver (groupid)
2026-04-17 19:48:51  INFO: Foreign key constraint added to tc_group_geofence (geofenceid)
2026-04-17 19:48:51  INFO: Foreign key constraint added to tc_group_geofence (groupid)
2026-04-17 19:48:51  INFO: Foreign key constraint added to tc_group_maintenance (groupid)
2026-04-17 19:48:51  INFO: Foreign key constraint added to tc_group_maintenance (maintenanceid)
2026-04-17 19:48:51  INFO: Foreign key constraint added to tc_group_notification (groupid)
2026-04-17 19:48:51  INFO: Foreign key constraint added to tc_group_notification (notificationid)
2026-04-17 19:48:51  INFO: Foreign key constraint added to tc_notifications (calendarid)
2026-04-17 19:48:51  INFO: Foreign key constraint added to tc_positions (deviceid)
2026-04-17 19:48:51  INFO: Foreign key constraint added to tc_user_attribute (attributeid)
2026-04-17 19:48:51  INFO: Foreign key constraint added to tc_user_attribute (userid)
2026-04-17 19:48:51  INFO: Foreign key constraint added to tc_user_calendar (calendarid)
2026-04-17 19:48:51  INFO: Foreign key constraint added to tc_user_calendar (userid)
2026-04-17 19:48:51  INFO: Foreign key constraint added to tc_user_command (commandid)
2026-04-17 19:48:51  INFO: Foreign key constraint added to tc_user_command (userid)
2026-04-17 19:48:51  INFO: Foreign key constraint added to tc_device_attribute (attributeid)
2026-04-17 19:48:51  INFO: Foreign key constraint added to tc_device_attribute (deviceid)
2026-04-17 19:48:51  INFO: Foreign key constraint added to tc_user_device (deviceid)
2026-04-17 19:48:51  INFO: Foreign key constraint added to tc_user_device (userid)
2026-04-17 19:48:51  INFO: Foreign key constraint added to tc_user_driver (driverid)
2026-04-17 19:48:51  INFO: Foreign key constraint added to tc_user_driver (userid)
2026-04-17 19:48:51  INFO: Foreign key constraint added to tc_user_geofence (geofenceid)
2026-04-17 19:48:51  INFO: Foreign key constraint added to tc_user_geofence (userid)
2026-04-17 19:48:51  INFO: Foreign key constraint added to tc_user_group (groupid)
2026-04-17 19:48:51  INFO: Foreign key constraint added to tc_user_group (userid)
2026-04-17 19:48:51  INFO: Foreign key constraint added to tc_user_maintenance (maintenanceid)
2026-04-17 19:48:51  INFO: Foreign key constraint added to tc_user_maintenance (userid)
2026-04-17 19:48:51  INFO: Foreign key constraint added to tc_user_notification (notificationid)
2026-04-17 19:48:51  INFO: Foreign key constraint added to tc_user_notification (userid)
2026-04-17 19:48:51  INFO: Foreign key constraint added to tc_user_user (userid)
2026-04-17 19:48:51  INFO: New row inserted into tc_servers
2026-04-17 19:48:51  INFO: ChangeSet changelog-4.0-clean::changelog-4.0-clean::author ran successfully in 139ms
2026-04-17 19:48:51  INFO: Foreign key constraint added to tc_groups (groupid)
2026-04-17 19:48:51  INFO: Foreign key constraint added to tc_user_user (manageduserid)
2026-04-17 19:48:51  INFO: ChangeSet changelog-4.0-clean::changelog-4.0-clean-common::author ran successfully in 5ms
2026-04-17 19:48:51  INFO: Marking ChangeSet: "changelog-4.1::changelog-4.1-mssql::author" as ran despite precondition failure due to onFail='MARK_RAN': 
          database/schema/changelog-master.xml : DBMS Precondition failed: expected mssql, got h2

2026-04-17 19:48:51  INFO: Creating snapshot
2026-04-17 19:48:51  INFO: Index user_device_user_id created
2026-04-17 19:48:51  INFO: Index position_deviceid_fixtime created
2026-04-17 19:48:51  INFO: ChangeSet changelog-4.7::changelog-4.7::author ran successfully in 18ms
2026-04-17 19:48:51  INFO: Index event_deviceid_servertime created
2026-04-17 19:48:51  INFO: ChangeSet changelog-4.9::changelog-4.9::author ran successfully in 1ms
2026-04-17 19:48:51  INFO: Columns protocols(VARCHAR(4096)) added to tc_statistics
2026-04-17 19:48:51  INFO: ChangeSet changelog-4.10::changelog-4.10::author ran successfully in 8ms
2026-04-17 19:48:51  INFO: Columns announcement(VARCHAR(4000)) added to tc_servers
2026-04-17 19:48:51  INFO: ChangeSet changelog-4.11::changelog-4.11::author ran successfully in 4ms
2026-04-17 19:48:51  INFO: Column tc_events.servertime renamed to eventtime
2026-04-17 19:48:51  INFO: ChangeSet changelog-4.13::changelog-4.13::author ran successfully in 2ms
2026-04-17 19:48:51  INFO: Table tc_orders created
2026-04-17 19:48:51  INFO: Table tc_user_order created
2026-04-17 19:48:51  INFO: Foreign key constraint added to tc_user_order (userid)
2026-04-17 19:48:51  INFO: Foreign key constraint added to tc_user_order (orderid)
2026-04-17 19:48:51  INFO: Table tc_group_order created
2026-04-17 19:48:51  INFO: Foreign key constraint added to tc_group_order (groupid)
2026-04-17 19:48:51  INFO: Foreign key constraint added to tc_group_order (orderid)
2026-04-17 19:48:51  INFO: Table tc_device_order created
2026-04-17 19:48:51  INFO: Foreign key constraint added to tc_device_order (deviceid)
2026-04-17 19:48:51  INFO: Foreign key constraint added to tc_device_order (orderid)
2026-04-17 19:48:52  INFO: ChangeSet changelog-4.15::changelog-4.15::author ran successfully in 14ms
2026-04-17 19:48:52  INFO: Columns disablereports(BOOLEAN) added to tc_servers
2026-04-17 19:48:52  INFO: Columns disablereports(BOOLEAN) added to tc_users
2026-04-17 19:48:52  INFO: Column tc_orders.toAddress renamed to toaddresstmp
2026-04-17 19:48:52  INFO: Column tc_orders.fromAddress renamed to fromaddresstmp
2026-04-17 19:48:52  INFO: Column tc_orders.toaddresstmp renamed to toaddress
2026-04-17 19:48:52  INFO: Column tc_orders.fromaddresstmp renamed to fromaddress
2026-04-17 19:48:52  INFO: ChangeSet changelog-5.0::changelog-5.0::author ran successfully in 20ms
2026-04-17 19:48:52  INFO: Index idx_drivers_uniqueid created
2026-04-17 19:48:52  INFO: Index idx_devices_uniqueid created
2026-04-17 19:48:52  INFO: Index idx_users_email created
2026-04-17 19:48:52  INFO: Index idx_users_login created
2026-04-17 19:48:52  INFO: Index idx_users_token created
2026-04-17 19:48:52  INFO: Columns overlayurl(VARCHAR(512)) added to tc_servers
2026-04-17 19:48:52  INFO: ChangeSet changelog-5.1::changelog-5.1::author ran successfully in 6ms
2026-04-17 19:48:52  INFO: Columns status(CHAR(8)) added to tc_devices
2026-04-17 19:48:52  INFO: Columns geofenceids(VARCHAR(128)) added to tc_devices
2026-04-17 19:48:52  INFO: ChangeSet changelog-5.2::changelog-5.2::author ran successfully in 15ms
2026-04-17 19:48:52  INFO: Columns fixedemail(BOOLEAN) added to tc_servers
2026-04-17 19:48:52  INFO: Columns fixedemail(BOOLEAN) added to tc_users
2026-04-17 19:48:52  INFO: Columns expirationtime(TIMESTAMP) added to tc_devices
2026-04-17 19:48:52  INFO: Table tc_keystore created
2026-04-17 19:48:52  INFO: Index idx_users_token dropped from table tc_users
2026-04-17 19:48:52  INFO: Column tc_users.token dropped
2026-04-17 19:48:52  INFO: ChangeSet changelog-5.3::changelog-5.3::author ran successfully in 25ms
2026-04-17 19:48:52  INFO: Columns motionstate(BOOLEAN),motiontime(TIMESTAMP),motiondistance(DOUBLE),overspeedstate(BOOLEAN),overspeedtime(TIMESTAMP),overspeedgeofenceid(INT) added to tc_devices
2026-04-17 19:48:52  INFO: Table tc_commands_queue created
2026-04-17 19:48:52  INFO: Foreign key constraint added to tc_commands_queue (deviceid)
2026-04-17 19:48:52  INFO: Index idx_commands_queue_deviceid created
2026-04-17 19:48:52  INFO: ChangeSet changelog-5.4::changelog-5.4::author ran successfully in 35ms
2026-04-17 19:48:52  INFO: Column tc_commands_queue.description dropped
2026-04-17 19:48:52  INFO: ChangeSet changelog-5.5::changelog-5.5::author ran successfully in 2ms
2026-04-17 19:48:52  INFO: Columns motionstreak(BOOLEAN) added to tc_devices
2026-04-17 19:48:52  INFO: Table tc_reports created
2026-04-17 19:48:52  INFO: Foreign key constraint added to tc_reports (calendarid)
2026-04-17 19:48:52  INFO: Table tc_user_report created
2026-04-17 19:48:52  INFO: Foreign key constraint added to tc_user_report (userid)
2026-04-17 19:48:52  INFO: Foreign key constraint added to tc_user_report (reportid)
2026-04-17 19:48:52  INFO: Table tc_group_report created
2026-04-17 19:48:52  INFO: Foreign key constraint added to tc_group_report (groupid)
2026-04-17 19:48:52  INFO: Foreign key constraint added to tc_group_report (reportid)
2026-04-17 19:48:52  INFO: Table tc_device_report created
2026-04-17 19:48:52  INFO: Foreign key constraint added to tc_device_report (deviceid)
2026-04-17 19:48:52  INFO: Foreign key constraint added to tc_device_report (reportid)
2026-04-17 19:48:52  INFO: ChangeSet changelog-5.6::changelog-5.6::author ran successfully in 18ms
2026-04-17 19:48:52  INFO: Columns commandid(INT) added to tc_notifications
2026-04-17 19:48:52  INFO: Foreign key constraint added to tc_notifications (commandid)
2026-04-17 19:48:52  INFO: ChangeSet changelog-5.7::changelog-5.7::author ran successfully in 5ms
2026-04-17 19:48:52  INFO: Column tc_devices.geofenceids dropped
2026-04-17 19:48:52  INFO: Columns geofenceids(VARCHAR(128)) added to tc_positions
2026-04-17 19:48:52  INFO: ChangeSet changelog-5.8::changelog-5.8::author ran successfully in 9ms
2026-04-17 19:48:52  INFO: Columns calendarid(INT) added to tc_devices
2026-04-17 19:48:52  INFO: Foreign key constraint added to tc_devices (calendarid)
2026-04-17 19:48:52  INFO: ChangeSet changelog-5.9::changelog-5.9::author ran successfully in 8ms
2026-04-17 19:48:52  INFO: Columns totpkey(VARCHAR(64)) added to tc_users
2026-04-17 19:48:52  INFO: ChangeSet changelog-5.10::changelog-5.10::author ran successfully in 6ms
2026-04-17 19:48:52  INFO: Columns temporary(BOOLEAN) added to tc_users
2026-04-17 19:48:52  INFO: ChangeSet changelog-5.11::changelog-5.11::author ran successfully in 7ms
2026-04-17 19:48:52  INFO: Column tc_servers.twelvehourformat dropped
2026-04-17 19:48:52  INFO: Column tc_users.twelvehourformat dropped
2026-04-17 19:48:52  INFO: Columns priority(INT) added to tc_attributes
2026-04-17 19:48:52  INFO: ChangeSet changelog-6.2::changelog-6.2::author ran successfully in 12ms
2026-04-17 19:48:52  INFO: Creating snapshot
2026-04-17 19:48:52  INFO: Marking ChangeSet: "changelog-6.3::changelog-6.3-old::author" as ran despite precondition failure due to onFail='MARK_RAN': 
          database/schema/changelog-master.xml : Foreign Key PUBLIC.fk_event_deviceid does not exist

2026-04-17 19:48:52  INFO: Foreign key fk_events_deviceid dropped
2026-04-17 19:48:52  INFO: Foreign key fk_positions_deviceid dropped
2026-04-17 19:48:52  INFO: ChangeSet changelog-6.3::changelog-6.3-new::author ran successfully in 12ms
2026-04-17 19:48:52  INFO: Columns description(VARCHAR(4000)) added to tc_notifications
2026-04-17 19:48:52  INFO: ChangeSet changelog-6.6::changelog-6.6::author ran successfully in 3ms
2026-04-17 19:48:52  INFO: Creating snapshot
2026-04-17 19:48:52  INFO: Table tc_actions created
2026-04-17 19:48:52  INFO: ChangeSet changelog-6.7.0::changelog-6.7.0::author ran successfully in 13ms
2026-04-17 19:48:52  INFO: Marking ChangeSet: "changelog-6.8.0::changelog-6.8.0-timescale::author" as ran despite precondition failure due to onFail='MARK_RAN': 
          database/schema/changelog-master.xml : DBMS Precondition failed: expected postgresql, got h2

2026-04-17 19:48:52  INFO: Columns motionpositionid(INT) added to tc_devices
2026-04-17 19:48:52  INFO: ChangeSet changelog-6.9.0::changelog-6.9.0::author ran successfully in 6ms
2026-04-17 19:48:52  INFO: Marking ChangeSet: "changelog-6.11.0::changelog-6.11.0-timescale::author" as ran despite precondition failure due to onFail='MARK_RAN': 
          database/schema/changelog-master.xml : DBMS Precondition failed: expected postgresql, got h2

2026-04-17 19:48:52  INFO: Marking ChangeSet: "changelog-6.11.0::changelog-6.11.0-other::author" as ran despite precondition failure due to onFail='MARK_RAN': 
          database/schema/changelog-master.xml : Not precondition failed

2026-04-17 19:48:52  INFO: Table tc_revoked_tokens created
2026-04-17 19:48:52  INFO: ChangeSet changelog-6.11.0::changelog-6.11.0::author ran successfully in 1ms
2026-04-17 19:48:52  INFO: Columns motionlatitude(DOUBLE),motionlongitude(DOUBLE) added to tc_devices
2026-04-17 19:48:52  INFO: ChangeSet changelog-6.13.0::changelog-6.13.0::author ran successfully in 14ms
2026-04-17 19:48:52  INFO: Table tc_checkpoints created
2026-04-17 19:48:52  INFO: Foreign key constraint added to tc_checkpoints (groupId)
2026-04-17 19:48:52  INFO: Index idx_checkpoint_groupid created
2026-04-17 19:48:52  INFO: Table tc_user_checkpoint created
2026-04-17 19:48:52  INFO: Foreign key constraint added to tc_user_checkpoint (userid)
2026-04-17 19:48:52  INFO: Foreign key constraint added to tc_user_checkpoint (checkpointid)
2026-04-17 19:48:52  INFO: Table tc_group_checkpoint created
2026-04-17 19:48:52  INFO: Foreign key constraint added to tc_group_checkpoint (groupid)
2026-04-17 19:48:52  INFO: Foreign key constraint added to tc_group_checkpoint (checkpointid)
2026-04-17 19:48:52  INFO: ChangeSet changelog-checkpoints::changelog-checkpoints-1::urbus ran successfully in 10ms
2026-04-17 19:48:52  INFO: Table tc_routes created
2026-04-17 19:48:52  INFO: Foreign key constraint added to tc_routes (groupId)
2026-04-17 19:48:52  INFO: Index idx_route_groupid created
2026-04-17 19:48:52  INFO: Index idx_route_active created
2026-04-17 19:48:52  INFO: Table tc_user_route created
2026-04-17 19:48:52  INFO: Foreign key constraint added to tc_user_route (userid)
2026-04-17 19:48:52  INFO: Foreign key constraint added to tc_user_route (routeid)
2026-04-17 19:48:52  INFO: Table tc_group_route created
2026-04-17 19:48:52  INFO: Foreign key constraint added to tc_group_route (groupid)
2026-04-17 19:48:52  INFO: Foreign key constraint added to tc_group_route (routeid)
2026-04-17 19:48:52  INFO: ChangeSet changelog-routes::changelog-routes-1::urbus ran successfully in 10ms
2026-04-17 19:48:52  INFO: Table tc_route_checkpoint created
2026-04-17 19:48:52  INFO: Foreign key constraint added to tc_route_checkpoint (routeId)
2026-04-17 19:48:52  INFO: Foreign key constraint added to tc_route_checkpoint (checkpointId)
2026-04-17 19:48:52  INFO: Index idx_route_checkpoint_routeid created
2026-04-17 19:48:52  INFO: Index idx_route_checkpoint_checkpointid created
2026-04-17 19:48:52  INFO: Index idx_route_checkpoint_sequence created
2026-04-17 19:48:52  INFO: ChangeSet changelog-routes::changelog-routes-2::urbus ran successfully in 7ms
2026-04-17 19:48:52  INFO: Table tc_device_route created
2026-04-17 19:48:52  INFO: Foreign key constraint added to tc_device_route (deviceId)
2026-04-17 19:48:52  INFO: Foreign key constraint added to tc_device_route (routeId)
2026-04-17 19:48:52  INFO: Foreign key constraint added to tc_device_route (currentCheckpointId)
2026-04-17 19:48:52  INFO: Index idx_device_route_deviceid created
2026-04-17 19:48:52  INFO: Index idx_device_route_routeid created
2026-04-17 19:48:52  INFO: Index idx_device_route_completed created
2026-04-17 19:48:52  INFO: ChangeSet changelog-routes::changelog-routes-3::urbus ran successfully in 6ms
2026-04-17 19:48:52  INFO: UPDATE SUMMARY
2026-04-17 19:48:52  INFO: Run:                         36
2026-04-17 19:48:52  INFO: Previously run:               0
2026-04-17 19:48:52  INFO: Filtered out:                 0
2026-04-17 19:48:52  INFO: -------------------------------
2026-04-17 19:48:52  INFO: Total change sets:           36
2026-04-17 19:48:52  INFO: Update summary generated
2026-04-17 19:48:52  INFO: Update command completed successfully.
2026-04-17 19:48:52  INFO: Successfully released change log lock
2026-04-17 19:48:52  INFO: Command execution complete
2026-04-17 19:48:53  WARN: Port disabled due to conflict - Address already in use: bind - BindException (...)
2026-04-17 19:48:53  WARN: Port disabled due to conflict - Address already in use: bind - BindException (...)
2026-04-17 19:48:53  INFO: jetty-12.1.6; built: 2026-01-27T18:53:19.182Z; git: 88ca559572b1c8858b3c5684bb0293fa64e5e90f; jvm 17.0.16+8
2026-04-17 19:48:53  INFO: Session workerName=node0
2026-04-17 19:48:53  INFO: Started oeje10s.ServletContextHandler@4182a651{ROOT,/,b=file:///C:/Users/juanm/Documents/Traccat-Server/web/,a=AVAILABLE,h=oeje10s.SessionHandler@7791ff50{STARTED}}
2026-04-17 19:48:54  INFO: Started oeje10s.ServletContextHandler@4182a651{ROOT,/,b=file:///C:/Users/juanm/Documents/Traccat-Server/web/,a=AVAILABLE,h=oeje10s.SessionHandler@7791ff50{STARTED}}
2026-04-17 19:48:54  INFO: Started oejs.ServerConnector@13d4c343{HTTP/1.1, (http/1.1)}{0.0.0.0:8082}
2026-04-17 19:48:54  INFO: Started oejs.Server@1cda75be{STARTING}[12.1.6,sto=0] @908ms
2026-04-17 19:50:38  INFO: Operating system name: Windows 11 version: 10.0 architecture: amd64
2026-04-17 19:50:38  INFO: Java runtime name: OpenJDK 64-Bit Server VM vendor: Eclipse Adoptium version: 17.0.16+8
2026-04-17 19:50:38  INFO: Memory limit heap: 8176mb non-heap: 0mb
2026-04-17 19:50:38  INFO: Character encoding: windows-1252
2026-04-17 19:50:38  INFO: Version: 6.12.2
2026-04-17 19:50:38  INFO: Starting server...
2026-04-17 19:50:38  INFO: HikariPool-1 - Starting...
2026-04-17 19:50:39 ERROR: Main method error - The file is locked: C:/Users/juanm/Documents/Traccat-Server/database/data/database.mv.db [2.4.240/7] - MVStoreException (... < DatabaseModule:80 < <gener:-1 < *:-1 < ... < MainModule:140 < <gener:-1 < ...)
2026-04-17 19:55:57  INFO: Operating system name: Windows 11 version: 10.0 architecture: amd64
2026-04-17 19:55:57  INFO: Java runtime name: OpenJDK 64-Bit Server VM vendor: Eclipse Adoptium version: 17.0.16+8
2026-04-17 19:55:57  INFO: Memory limit heap: 8176mb non-heap: 0mb
2026-04-17 19:55:57  INFO: Character encoding: windows-1252
2026-04-17 19:55:57  INFO: Version: 6.12.2
2026-04-17 19:55:57  INFO: Starting server...
2026-04-17 19:55:57  INFO: HikariPool-1 - Starting...
2026-04-17 19:55:57  INFO: HikariPool-1 - Added connection conn0: url=jdbc:h2:./database/data/database user=SA
2026-04-17 19:55:57  INFO: HikariPool-1 - Start completed.
2026-04-17 19:55:57  INFO: Set default schema name to PUBLIC
2026-04-17 19:55:57  INFO: Successfully acquired change log lock
2026-04-17 19:55:58  INFO: Clearing database change log checksums for database h2
2026-04-17 19:55:58  INFO: Successfully released change log lock
2026-04-17 19:55:58  INFO: Command execution complete
2026-04-17 19:55:58  INFO: Reading from PUBLIC.DATABASECHANGELOG
2026-04-17 19:55:58  INFO: Reading from PUBLIC.DATABASECHANGELOG
2026-04-17 19:55:58  INFO: Reading from PUBLIC.DATABASECHANGELOG
2026-04-17 19:55:58  INFO: UPDATE SUMMARY
2026-04-17 19:55:58  INFO: Run:                          0
2026-04-17 19:55:58  INFO: Previously run:              36
2026-04-17 19:55:58  INFO: Filtered out:                 0
2026-04-17 19:55:58  INFO: -------------------------------
2026-04-17 19:55:58  INFO: Total change sets:           36
2026-04-17 19:55:58  INFO: Update summary generated
2026-04-17 19:55:58  INFO: Command execution complete
2026-04-17 19:55:59  WARN: Port disabled due to conflict - Address already in use: bind - BindException (...)
2026-04-17 19:55:59  WARN: Port disabled due to conflict - Address already in use: bind - BindException (...)
2026-04-17 19:55:59  INFO: jetty-12.1.6; built: 2026-01-27T18:53:19.182Z; git: 88ca559572b1c8858b3c5684bb0293fa64e5e90f; jvm 17.0.16+8
2026-04-17 19:55:59  INFO: Session workerName=node0
2026-04-17 19:55:59  INFO: Started oeje10s.ServletContextHandler@18513c23{ROOT,/,b=file:///C:/Users/juanm/Documents/Traccat-Server/web/,a=AVAILABLE,h=oeje10s.SessionHandler@6be50b35{STARTED}}
2026-04-17 19:56:00  INFO: Started oeje10s.ServletContextHandler@18513c23{ROOT,/,b=file:///C:/Users/juanm/Documents/Traccat-Server/web/,a=AVAILABLE,h=oeje10s.SessionHandler@6be50b35{STARTED}}
2026-04-17 19:56:00  INFO: Started oejs.ServerConnector@f5167f0{HTTP/1.1, (http/1.1)}{0.0.0.0:8082}
2026-04-17 19:56:00  INFO: Started oejs.Server@1260c85e{STARTING}[12.1.6,sto=0] @590ms
2026-04-17 19:57:26  INFO: Operating system name: Windows 11 version: 10.0 architecture: amd64
2026-04-17 19:57:26  INFO: Java runtime name: OpenJDK 64-Bit Server VM vendor: Eclipse Adoptium version: 17.0.16+8
2026-04-17 19:57:26  INFO: Memory limit heap: 8176mb non-heap: 0mb
2026-04-17 19:57:26  INFO: Character encoding: windows-1252
2026-04-17 19:57:26  INFO: Version: 6.12.2
2026-04-17 19:57:26  INFO: Starting server...
2026-04-17 19:57:26  INFO: HikariPool-1 - Starting...
2026-04-17 19:57:27 ERROR: Main method error - The file is locked: C:/Users/juanm/Documents/Traccat-Server/database/data/database.mv.db [2.4.240/7] - MVStoreException (... < DatabaseModule:80 < <gener:-1 < *:-1 < ... < MainModule:140 < <gener:-1 < ...)
2026-04-17 19:57:50  INFO: login failed from: [0:0:0:0:0:0:0:1]
2026-04-17 20:02:23  INFO: [Ta33ac1f4] connected
2026-04-17 20:02:23  INFO: [Ta33ac1f4: osmand < 127.0.0.1] POST /client-proxy/ HTTP/1.1\r\nUser-Agent: okhttp/4.12.0\r\nAccept-Encoding: gzip\r\nContent-Type: application/json; charset=utf-8\r\nX-Forwarded-For: 2800:e2:b80:e70:2909:819a:729e:3c3a\r\nX-Forwarded-Host: arrive-legible-reexamine.ngrok-free.dev\r\nX-Forwarded-Proto: https\r\nVia: 1.1 DESKTOP-MAR70HE\r\nForwarded: by="[0:0:0:0:0:0:0:1]";for="[0:0:0:0:0:0:0:1]";host="arrive-legible-reexamine.ngrok-free.dev";proto=http\r\nHost: localhost:5055\r\nContent-Length: 401\r\n\r\n{"location":{"timestamp":"2026-04-18T01:02:01.206Z","coords":{"latitude":6.2563383,"longitude":-75.5546188,"accuracy":14.82,"speed":-1,"heading":-1,"altitude":1617.6},"is_moving":false,"odometer":5201.63,"battery":{"level":0.99,"is_charging":true},"activity":{"type":"still"},"extras":{},"_":"&id=123&lat=6.2563383&lon=-75.5546188&timestamp=2026-04-18T01:02:01.206Z&","manual":true},"device_id":"123"}
2026-04-17 20:02:23  INFO: [Ta33ac1f4: osmand > 127.0.0.1] HTTP/1.1 200 OK\r\ncontent-length: 0\r\n\r\n
2026-04-17 20:02:23  INFO: Event id: 123, time: 2026-04-17 20:02:23, type: deviceOnline, notifications: 0
2026-04-17 20:02:26  INFO: [Ta33ac1f4] id: 123, time: 2026-04-17 20:02:01, lat: 6.25634, lon: -75.55462, course: 0.0, accuracy: 14.8
2026-04-17 20:02:53  INFO: [Ta33ac1f4] disconnected
2026-04-17 20:03:36  INFO: [T756a7179] connected
2026-04-17 20:03:36  INFO: [T756a7179: osmand < 127.0.0.1] POST /client-proxy/ HTTP/1.1\r\nUser-Agent: okhttp/4.12.0\r\nAccept-Encoding: gzip\r\nContent-Type: application/json; charset=utf-8\r\nX-Forwarded-For: 2800:e2:b80:e70:2909:819a:729e:3c3a\r\nX-Forwarded-Host: arrive-legible-reexamine.ngrok-free.dev\r\nX-Forwarded-Proto: https\r\nVia: 1.1 DESKTOP-MAR70HE\r\nForwarded: by="[0:0:0:0:0:0:0:1]";for="[0:0:0:0:0:0:0:1]";host="arrive-legible-reexamine.ngrok-free.dev";proto=http\r\nHost: localhost:5055\r\nContent-Length: 401\r\n\r\n{"location":{"timestamp":"2026-04-18T01:02:01.206Z","coords":{"latitude":6.2563383,"longitude":-75.5546188,"accuracy":14.82,"speed":-1,"heading":-1,"altitude":1617.6},"is_moving":false,"odometer":5201.63,"battery":{"level":0.99,"is_charging":true},"activity":{"type":"still"},"extras":{},"_":"&id=123&lat=6.2563383&lon=-75.5546188&timestamp=2026-04-18T01:02:01.206Z&","manual":true},"device_id":"123"}
2026-04-17 20:03:36  INFO: [T756a7179: osmand > 127.0.0.1] HTTP/1.1 200 OK\r\ncontent-length: 0\r\n\r\n
2026-04-17 20:03:39  INFO: [T756a7179] id: 123, time: 2026-04-17 20:02:01, lat: 6.25634, lon: -75.55462, course: 0.0, accuracy: 14.8
2026-04-17 20:04:06  INFO: [T756a7179] disconnected
2026-04-18 13:04:50  INFO: Operating system name: Windows 11 version: 10.0 architecture: amd64
2026-04-18 13:04:50  INFO: Java runtime name: OpenJDK 64-Bit Server VM vendor: Eclipse Adoptium version: 17.0.16+8
2026-04-18 13:04:50  INFO: Memory limit heap: 8176mb non-heap: 0mb
2026-04-18 13:04:50  INFO: Character encoding: windows-1252
2026-04-18 13:04:50  INFO: Version: 6.12.2
2026-04-18 13:04:50  INFO: Starting server...
2026-04-18 13:04:51  INFO: HikariPool-1 - Starting...
2026-04-18 13:04:51  INFO: HikariPool-1 - Added connection conn0: url=jdbc:h2:./database/data/database user=SA
2026-04-18 13:04:51  INFO: HikariPool-1 - Start completed.
2026-04-18 13:04:51  INFO: Set default schema name to PUBLIC
2026-04-18 13:04:51  INFO: Successfully acquired change log lock
2026-04-18 13:04:51  INFO: Clearing database change log checksums for database h2
2026-04-18 13:04:51  INFO: Successfully released change log lock
2026-04-18 13:04:51  INFO: Command execution complete
2026-04-18 13:04:52  INFO: Reading from PUBLIC.DATABASECHANGELOG
2026-04-18 13:04:52  INFO: Reading from PUBLIC.DATABASECHANGELOG
2026-04-18 13:04:52  INFO: Reading from PUBLIC.DATABASECHANGELOG
2026-04-18 13:04:52  INFO: UPDATE SUMMARY
2026-04-18 13:04:52  INFO: Run:                          0
2026-04-18 13:04:52  INFO: Previously run:              36
2026-04-18 13:04:52  INFO: Filtered out:                 0
2026-04-18 13:04:52  INFO: -------------------------------
2026-04-18 13:04:52  INFO: Total change sets:           36
2026-04-18 13:04:52  INFO: Update summary generated
2026-04-18 13:04:52  INFO: Command execution complete
2026-04-18 13:04:53  WARN: Port disabled due to conflict - Address already in use: bind - BindException (...)
2026-04-18 13:04:53  WARN: Port disabled due to conflict - Address already in use: bind - BindException (...)
2026-04-18 13:04:53  INFO: jetty-12.1.6; built: 2026-01-27T18:53:19.182Z; git: 88ca559572b1c8858b3c5684bb0293fa64e5e90f; jvm 17.0.16+8
2026-04-18 13:04:53  INFO: Session workerName=node0
2026-04-18 13:04:53  INFO: Started oeje10s.ServletContextHandler@75a9cc24{ROOT,/,b=file:///C:/Users/juanm/Documents/Traccat-Server/web/,a=AVAILABLE,h=oeje10s.SessionHandler@4449a60b{STARTED}}
2026-04-18 13:04:54  INFO: Started oeje10s.ServletContextHandler@75a9cc24{ROOT,/,b=file:///C:/Users/juanm/Documents/Traccat-Server/web/,a=AVAILABLE,h=oeje10s.SessionHandler@4449a60b{STARTED}}
2026-04-18 13:04:54  INFO: Started oejs.ServerConnector@2cc37633{HTTP/1.1, (http/1.1)}{0.0.0.0:8082}
2026-04-18 13:04:54  INFO: Started oejs.Server@6ad26381{STARTING}[12.1.6,sto=0] @662ms
2026-04-18 13:06:15  INFO: login failed from: [0:0:0:0:0:0:0:1]
2026-04-18 13:06:18  INFO: login failed from: [0:0:0:0:0:0:0:1]
2026-04-29 21:19:28  INFO: Operating system name: Windows 11 version: 10.0 architecture: amd64
2026-04-29 21:19:28  INFO: Java runtime name: OpenJDK 64-Bit Server VM vendor: Eclipse Adoptium version: 17.0.16+8
2026-04-29 21:19:28  INFO: Memory limit heap: 8176mb non-heap: 0mb
2026-04-29 21:19:28  INFO: Character encoding: windows-1252
2026-04-29 21:19:28  INFO: Version: 6.12.2
2026-04-29 21:19:28  INFO: Starting server...
2026-04-29 21:19:28  INFO: HikariPool-1 - Starting...
2026-04-29 21:19:29  INFO: HikariPool-1 - Added connection conn0: url=jdbc:h2:./database/data/database user=SA
2026-04-29 21:19:29  INFO: HikariPool-1 - Start completed.
2026-04-29 21:19:29  INFO: Set default schema name to PUBLIC
2026-04-29 21:19:29  INFO: Successfully acquired change log lock
2026-04-29 21:19:29  INFO: Clearing database change log checksums for database h2
2026-04-29 21:19:29  INFO: Successfully released change log lock
2026-04-29 21:19:29  INFO: Command execution complete
2026-04-29 21:19:30  INFO: Reading from PUBLIC.DATABASECHANGELOG
2026-04-29 21:19:30  INFO: Reading from PUBLIC.DATABASECHANGELOG
2026-04-29 21:19:30  INFO: Reading from PUBLIC.DATABASECHANGELOG
2026-04-29 21:19:30  INFO: UPDATE SUMMARY
2026-04-29 21:19:30  INFO: Run:                          0
2026-04-29 21:19:30  INFO: Previously run:              36
2026-04-29 21:19:30  INFO: Filtered out:                 0
2026-04-29 21:19:30  INFO: -------------------------------
2026-04-29 21:19:30  INFO: Total change sets:           36
2026-04-29 21:19:30  INFO: Update summary generated
2026-04-29 21:19:30  INFO: Command execution complete
2026-04-29 21:19:31  WARN: Port disabled due to conflict - Address already in use: bind - BindException (...)
2026-04-29 21:19:31  INFO: jetty-12.1.6; built: 2026-01-27T18:53:19.182Z; git: 88ca559572b1c8858b3c5684bb0293fa64e5e90f; jvm 17.0.16+8
2026-04-29 21:19:31  INFO: Session workerName=node0
2026-04-29 21:19:31  INFO: Started oeje10s.ServletContextHandler@da5d5e1{ROOT,/,b=file:///C:/Users/juanm/Documents/Traccat-Server/web/,a=AVAILABLE,h=oeje10s.SessionHandler@7d7d8911{STARTED}}
2026-04-29 21:19:32  INFO: Started oeje10s.ServletContextHandler@da5d5e1{ROOT,/,b=file:///C:/Users/juanm/Documents/Traccat-Server/web/,a=AVAILABLE,h=oeje10s.SessionHandler@7d7d8911{STARTED}}
2026-04-29 21:19:32  INFO: Started oejs.ServerConnector@4b20aa21{HTTP/1.1, (http/1.1)}{0.0.0.0:8082}
2026-04-29 21:19:32  INFO: Started oejs.Server@f5167f0{STARTING}[12.1.6,sto=0] @769ms
2026-04-29 21:20:06  INFO: login failed from: [0:0:0:0:0:0:0:1]
2026-04-29 21:20:40  INFO: Operating system name: Windows 11 version: 10.0 architecture: amd64
2026-04-29 21:20:40  INFO: Java runtime name: OpenJDK 64-Bit Server VM vendor: Eclipse Adoptium version: 17.0.16+8
2026-04-29 21:20:40  INFO: Memory limit heap: 8176mb non-heap: 0mb
2026-04-29 21:20:40  INFO: Character encoding: windows-1252
2026-04-29 21:20:40  INFO: Version: 6.12.2
2026-04-29 21:20:40  INFO: Starting server...
2026-04-29 21:20:40  INFO: HikariPool-1 - Starting...
2026-04-29 21:20:41  INFO: HikariPool-1 - Added connection conn0: url=jdbc:h2:./database/data/database user=SA
2026-04-29 21:20:41  INFO: HikariPool-1 - Start completed.
2026-04-29 21:20:41  INFO: Set default schema name to PUBLIC
2026-04-29 21:20:41  INFO: Successfully acquired change log lock
2026-04-29 21:20:41  INFO: Clearing database change log checksums for database h2
2026-04-29 21:20:41  INFO: Successfully released change log lock
2026-04-29 21:20:41  INFO: Command execution complete
2026-04-29 21:20:41  INFO: Reading from PUBLIC.DATABASECHANGELOG
2026-04-29 21:20:42  INFO: Reading from PUBLIC.DATABASECHANGELOG
2026-04-29 21:20:42  INFO: Reading from PUBLIC.DATABASECHANGELOG
2026-04-29 21:20:42  INFO: UPDATE SUMMARY
2026-04-29 21:20:42  INFO: Run:                          0
2026-04-29 21:20:42  INFO: Previously run:              36
2026-04-29 21:20:42  INFO: Filtered out:                 0
2026-04-29 21:20:42  INFO: -------------------------------
2026-04-29 21:20:42  INFO: Total change sets:           36
2026-04-29 21:20:42  INFO: Update summary generated
2026-04-29 21:20:42  INFO: Command execution complete
2026-04-29 21:20:43  WARN: Port disabled due to conflict - Address already in use: bind - BindException (...)
2026-04-29 21:20:43  INFO: jetty-12.1.6; built: 2026-01-27T18:53:19.182Z; git: 88ca559572b1c8858b3c5684bb0293fa64e5e90f; jvm 17.0.16+8
2026-04-29 21:20:43  INFO: Session workerName=node0
2026-04-29 21:20:43  INFO: Started oeje10s.ServletContextHandler@7fc1fd31{ROOT,/,b=file:///C:/Users/juanm/Documents/Traccat-Server/web/,a=AVAILABLE,h=oeje10s.SessionHandler@75a9cc24{STARTED}}
2026-04-29 21:20:44  INFO: Started oeje10s.ServletContextHandler@7fc1fd31{ROOT,/,b=file:///C:/Users/juanm/Documents/Traccat-Server/web/,a=AVAILABLE,h=oeje10s.SessionHandler@75a9cc24{STARTED}}
2026-04-29 21:20:44  INFO: Started oejs.ServerConnector@5cc669d{HTTP/1.1, (http/1.1)}{0.0.0.0:8082}
2026-04-29 21:20:44  INFO: Started oejs.Server@351be56b{STARTING}[12.1.6,sto=0] @690ms
2026-04-29 21:20:49  INFO: login failed from: [0:0:0:0:0:0:0:1]
2026-04-29 21:22:26  INFO: Operating system name: Windows 11 version: 10.0 architecture: amd64
2026-04-29 21:22:26  INFO: Java runtime name: OpenJDK 64-Bit Server VM vendor: Eclipse Adoptium version: 17.0.16+8
2026-04-29 21:22:26  INFO: Memory limit heap: 8176mb non-heap: 0mb
2026-04-29 21:22:26  INFO: Character encoding: windows-1252
2026-04-29 21:22:26  INFO: Version: 6.12.2
2026-04-29 21:22:26  INFO: Starting server...
2026-04-29 21:22:26  INFO: HikariPool-1 - Starting...
2026-04-29 21:22:26  INFO: HikariPool-1 - Added connection conn0: url=jdbc:h2:./database/data/database user=SA
2026-04-29 21:22:26  INFO: HikariPool-1 - Start completed.
2026-04-29 21:22:26  INFO: Set default schema name to PUBLIC
2026-04-29 21:22:26  INFO: Successfully acquired change log lock
2026-04-29 21:22:26  INFO: Clearing database change log checksums for database h2
2026-04-29 21:22:26  INFO: Successfully released change log lock
2026-04-29 21:22:26  INFO: Command execution complete
2026-04-29 21:22:27  INFO: Reading from PUBLIC.DATABASECHANGELOG
2026-04-29 21:22:27  INFO: Reading from PUBLIC.DATABASECHANGELOG
2026-04-29 21:22:27  INFO: Reading from PUBLIC.DATABASECHANGELOG
2026-04-29 21:22:27  INFO: UPDATE SUMMARY
2026-04-29 21:22:27  INFO: Run:                          0
2026-04-29 21:22:27  INFO: Previously run:              36
2026-04-29 21:22:27  INFO: Filtered out:                 0
2026-04-29 21:22:27  INFO: -------------------------------
2026-04-29 21:22:27  INFO: Total change sets:           36
2026-04-29 21:22:27  INFO: Update summary generated
2026-04-29 21:22:27  INFO: Command execution complete
2026-04-29 21:22:28  WARN: Port disabled due to conflict - Address already in use: bind - BindException (...)
2026-04-29 21:22:28  INFO: jetty-12.1.6; built: 2026-01-27T18:53:19.182Z; git: 88ca559572b1c8858b3c5684bb0293fa64e5e90f; jvm 17.0.16+8
2026-04-29 21:22:28  INFO: Session workerName=node0
2026-04-29 21:22:28  INFO: Started oeje10s.ServletContextHandler@7fc1fd31{ROOT,/,b=file:///C:/Users/juanm/Documents/Traccat-Server/web/,a=AVAILABLE,h=oeje10s.SessionHandler@75a9cc24{STARTED}}
2026-04-29 21:22:29  INFO: Started oeje10s.ServletContextHandler@7fc1fd31{ROOT,/,b=file:///C:/Users/juanm/Documents/Traccat-Server/web/,a=AVAILABLE,h=oeje10s.SessionHandler@75a9cc24{STARTED}}
2026-04-29 21:22:29  INFO: Started oejs.ServerConnector@336145a7{HTTP/1.1, (http/1.1)}{0.0.0.0:8082}
2026-04-29 21:22:29  INFO: Started oejs.Server@5cc669d{STARTING}[12.1.6,sto=0] @728ms
2026-04-29 21:24:22  INFO: login failed from: [0:0:0:0:0:0:0:1]
2026-04-29 21:26:13  INFO: Operating system name: Windows 11 version: 10.0 architecture: amd64
2026-04-29 21:26:13  INFO: Java runtime name: OpenJDK 64-Bit Server VM vendor: Eclipse Adoptium version: 17.0.16+8
2026-04-29 21:26:13  INFO: Memory limit heap: 8176mb non-heap: 0mb
2026-04-29 21:26:13  INFO: Character encoding: windows-1252
2026-04-29 21:26:13  INFO: Version: 6.12.2
2026-04-29 21:26:13  INFO: Starting server...
2026-04-29 21:26:14  INFO: HikariPool-1 - Starting...
2026-04-29 21:26:14  INFO: HikariPool-1 - Added connection conn0: url=jdbc:h2:./database/data/database user=SA
2026-04-29 21:26:14  INFO: HikariPool-1 - Start completed.
2026-04-29 21:26:14  INFO: Set default schema name to PUBLIC
2026-04-29 21:26:14  INFO: Creating snapshot
2026-04-29 21:26:14  INFO: Successfully acquired change log lock
2026-04-29 21:26:14  INFO: Creating database changelog table with name: PUBLIC.DATABASECHANGELOG
2026-04-29 21:26:14  INFO: Clearing database change log checksums for database h2
2026-04-29 21:26:14  INFO: Successfully released change log lock
2026-04-29 21:26:14  INFO: Command execution complete
2026-04-29 21:26:15  INFO: Reading from PUBLIC.DATABASECHANGELOG
2026-04-29 21:26:15  INFO: Successfully acquired change log lock
2026-04-29 21:26:15  INFO: Using deploymentId: 7515974423
2026-04-29 21:26:15  INFO: Reading from PUBLIC.DATABASECHANGELOG
2026-04-29 21:26:15  INFO: Table tc_attributes created
2026-04-29 21:26:15  INFO: Table tc_calendars created
2026-04-29 21:26:15  INFO: Table tc_commands created
2026-04-29 21:26:15  INFO: Table tc_device_attribute created
2026-04-29 21:26:15  INFO: Table tc_device_command created
2026-04-29 21:26:15  INFO: Table tc_device_driver created
2026-04-29 21:26:15  INFO: Table tc_device_geofence created
2026-04-29 21:26:15  INFO: Table tc_device_maintenance created
2026-04-29 21:26:15  INFO: Table tc_device_notification created
2026-04-29 21:26:15  INFO: Table tc_devices created
2026-04-29 21:26:15  INFO: Table tc_drivers created
2026-04-29 21:26:15  INFO: Table tc_events created
2026-04-29 21:26:15  INFO: Table tc_geofences created
2026-04-29 21:26:15  INFO: Table tc_group_attribute created
2026-04-29 21:26:15  INFO: Table tc_group_command created
2026-04-29 21:26:15  INFO: Table tc_group_driver created
2026-04-29 21:26:15  INFO: Table tc_group_geofence created
2026-04-29 21:26:15  INFO: Table tc_group_maintenance created
2026-04-29 21:26:15  INFO: Table tc_group_notification created
2026-04-29 21:26:15  INFO: Table tc_groups created
2026-04-29 21:26:15  INFO: Table tc_maintenances created
2026-04-29 21:26:15  INFO: Table tc_notifications created
2026-04-29 21:26:15  INFO: Table tc_positions created
2026-04-29 21:26:15  INFO: Table tc_servers created
2026-04-29 21:26:15  INFO: Table tc_statistics created
2026-04-29 21:26:15  INFO: Table tc_user_attribute created
2026-04-29 21:26:15  INFO: Table tc_user_calendar created
2026-04-29 21:26:15  INFO: Table tc_user_command created
2026-04-29 21:26:15  INFO: Table tc_user_device created
2026-04-29 21:26:15  INFO: Table tc_user_driver created
2026-04-29 21:26:15  INFO: Table tc_user_geofence created
2026-04-29 21:26:15  INFO: Table tc_user_group created
2026-04-29 21:26:15  INFO: Table tc_user_maintenance created
2026-04-29 21:26:15  INFO: Table tc_user_notification created
2026-04-29 21:26:15  INFO: Table tc_user_user created
2026-04-29 21:26:15  INFO: Table tc_users created
2026-04-29 21:26:15  INFO: Foreign key constraint added to tc_device_command (commandid)
2026-04-29 21:26:15  INFO: Foreign key constraint added to tc_device_command (deviceid)
2026-04-29 21:26:15  INFO: Foreign key constraint added to tc_device_driver (deviceid)
2026-04-29 21:26:15  INFO: Foreign key constraint added to tc_device_driver (driverid)
2026-04-29 21:26:15  INFO: Foreign key constraint added to tc_device_geofence (deviceid)
2026-04-29 21:26:15  INFO: Foreign key constraint added to tc_device_geofence (geofenceid)
2026-04-29 21:26:15  INFO: Foreign key constraint added to tc_device_maintenance (deviceid)
2026-04-29 21:26:15  INFO: Foreign key constraint added to tc_device_maintenance (maintenanceid)
2026-04-29 21:26:15  INFO: Foreign key constraint added to tc_device_notification (deviceid)
2026-04-29 21:26:15  INFO: Foreign key constraint added to tc_device_notification (notificationid)
2026-04-29 21:26:15  INFO: Foreign key constraint added to tc_devices (groupid)
2026-04-29 21:26:15  INFO: Foreign key constraint added to tc_events (deviceid)
2026-04-29 21:26:15  INFO: Foreign key constraint added to tc_geofences (calendarid)
2026-04-29 21:26:15  INFO: Foreign key constraint added to tc_group_attribute (attributeid)
2026-04-29 21:26:15  INFO: Foreign key constraint added to tc_group_attribute (groupid)
2026-04-29 21:26:15  INFO: Foreign key constraint added to tc_group_command (commandid)
2026-04-29 21:26:15  INFO: Foreign key constraint added to tc_group_command (groupid)
2026-04-29 21:26:15  INFO: Foreign key constraint added to tc_group_driver (driverid)
2026-04-29 21:26:15  INFO: Foreign key constraint added to tc_group_driver (groupid)
2026-04-29 21:26:15  INFO: Foreign key constraint added to tc_group_geofence (geofenceid)
2026-04-29 21:26:15  INFO: Foreign key constraint added to tc_group_geofence (groupid)
2026-04-29 21:26:15  INFO: Foreign key constraint added to tc_group_maintenance (groupid)
2026-04-29 21:26:15  INFO: Foreign key constraint added to tc_group_maintenance (maintenanceid)
2026-04-29 21:26:15  INFO: Foreign key constraint added to tc_group_notification (groupid)
2026-04-29 21:26:15  INFO: Foreign key constraint added to tc_group_notification (notificationid)
2026-04-29 21:26:15  INFO: Foreign key constraint added to tc_notifications (calendarid)
2026-04-29 21:26:15  INFO: Foreign key constraint added to tc_positions (deviceid)
2026-04-29 21:26:15  INFO: Foreign key constraint added to tc_user_attribute (attributeid)
2026-04-29 21:26:15  INFO: Foreign key constraint added to tc_user_attribute (userid)
2026-04-29 21:26:15  INFO: Foreign key constraint added to tc_user_calendar (calendarid)
2026-04-29 21:26:15  INFO: Foreign key constraint added to tc_user_calendar (userid)
2026-04-29 21:26:15  INFO: Foreign key constraint added to tc_user_command (commandid)
2026-04-29 21:26:15  INFO: Foreign key constraint added to tc_user_command (userid)
2026-04-29 21:26:15  INFO: Foreign key constraint added to tc_device_attribute (attributeid)
2026-04-29 21:26:15  INFO: Foreign key constraint added to tc_device_attribute (deviceid)
2026-04-29 21:26:15  INFO: Foreign key constraint added to tc_user_device (deviceid)
2026-04-29 21:26:15  INFO: Foreign key constraint added to tc_user_device (userid)
2026-04-29 21:26:15  INFO: Foreign key constraint added to tc_user_driver (driverid)
2026-04-29 21:26:15  INFO: Foreign key constraint added to tc_user_driver (userid)
2026-04-29 21:26:15  INFO: Foreign key constraint added to tc_user_geofence (geofenceid)
2026-04-29 21:26:15  INFO: Foreign key constraint added to tc_user_geofence (userid)
2026-04-29 21:26:15  INFO: Foreign key constraint added to tc_user_group (groupid)
2026-04-29 21:26:15  INFO: Foreign key constraint added to tc_user_group (userid)
2026-04-29 21:26:15  INFO: Foreign key constraint added to tc_user_maintenance (maintenanceid)
2026-04-29 21:26:15  INFO: Foreign key constraint added to tc_user_maintenance (userid)
2026-04-29 21:26:15  INFO: Foreign key constraint added to tc_user_notification (notificationid)
2026-04-29 21:26:15  INFO: Foreign key constraint added to tc_user_notification (userid)
2026-04-29 21:26:15  INFO: Foreign key constraint added to tc_user_user (userid)
2026-04-29 21:26:15  INFO: New row inserted into tc_servers
2026-04-29 21:26:15  INFO: ChangeSet changelog-4.0-clean::changelog-4.0-clean::author ran successfully in 116ms
2026-04-29 21:26:15  INFO: Foreign key constraint added to tc_groups (groupid)
2026-04-29 21:26:15  INFO: Foreign key constraint added to tc_user_user (manageduserid)
2026-04-29 21:26:15  INFO: ChangeSet changelog-4.0-clean::changelog-4.0-clean-common::author ran successfully in 3ms
2026-04-29 21:26:15  INFO: Marking ChangeSet: "changelog-4.1::changelog-4.1-mssql::author" as ran despite precondition failure due to onFail='MARK_RAN': 
          database/schema/changelog-master.xml : DBMS Precondition failed: expected mssql, got h2

2026-04-29 21:26:15  INFO: Creating snapshot
2026-04-29 21:26:15  INFO: Index user_device_user_id created
2026-04-29 21:26:15  INFO: Index position_deviceid_fixtime created
2026-04-29 21:26:15  INFO: ChangeSet changelog-4.7::changelog-4.7::author ran successfully in 16ms
2026-04-29 21:26:15  INFO: Index event_deviceid_servertime created
2026-04-29 21:26:15  INFO: ChangeSet changelog-4.9::changelog-4.9::author ran successfully in 2ms
2026-04-29 21:26:15  INFO: Columns protocols(VARCHAR(4096)) added to tc_statistics
2026-04-29 21:26:15  INFO: ChangeSet changelog-4.10::changelog-4.10::author ran successfully in 6ms
2026-04-29 21:26:15  INFO: Columns announcement(VARCHAR(4000)) added to tc_servers
2026-04-29 21:26:15  INFO: ChangeSet changelog-4.11::changelog-4.11::author ran successfully in 3ms
2026-04-29 21:26:15  INFO: Column tc_events.servertime renamed to eventtime
2026-04-29 21:26:15  INFO: ChangeSet changelog-4.13::changelog-4.13::author ran successfully in 1ms
2026-04-29 21:26:15  INFO: Table tc_orders created
2026-04-29 21:26:15  INFO: Table tc_user_order created
2026-04-29 21:26:15  INFO: Foreign key constraint added to tc_user_order (userid)
2026-04-29 21:26:15  INFO: Foreign key constraint added to tc_user_order (orderid)
2026-04-29 21:26:15  INFO: Table tc_group_order created
2026-04-29 21:26:15  INFO: Foreign key constraint added to tc_group_order (groupid)
2026-04-29 21:26:15  INFO: Foreign key constraint added to tc_group_order (orderid)
2026-04-29 21:26:15  INFO: Table tc_device_order created
2026-04-29 21:26:15  INFO: Foreign key constraint added to tc_device_order (deviceid)
2026-04-29 21:26:15  INFO: Foreign key constraint added to tc_device_order (orderid)
2026-04-29 21:26:15  INFO: ChangeSet changelog-4.15::changelog-4.15::author ran successfully in 11ms
2026-04-29 21:26:15  INFO: Columns disablereports(BOOLEAN) added to tc_servers
2026-04-29 21:26:15  INFO: Columns disablereports(BOOLEAN) added to tc_users
2026-04-29 21:26:15  INFO: Column tc_orders.toAddress renamed to toaddresstmp
2026-04-29 21:26:15  INFO: Column tc_orders.fromAddress renamed to fromaddresstmp
2026-04-29 21:26:15  INFO: Column tc_orders.toaddresstmp renamed to toaddress
2026-04-29 21:26:15  INFO: Column tc_orders.fromaddresstmp renamed to fromaddress
2026-04-29 21:26:15  INFO: ChangeSet changelog-5.0::changelog-5.0::author ran successfully in 14ms
2026-04-29 21:26:15  INFO: Index idx_drivers_uniqueid created
2026-04-29 21:26:15  INFO: Index idx_devices_uniqueid created
2026-04-29 21:26:15  INFO: Index idx_users_email created
2026-04-29 21:26:15  INFO: Index idx_users_login created
2026-04-29 21:26:15  INFO: Index idx_users_token created
2026-04-29 21:26:15  INFO: Columns overlayurl(VARCHAR(512)) added to tc_servers
2026-04-29 21:26:15  INFO: ChangeSet changelog-5.1::changelog-5.1::author ran successfully in 7ms
2026-04-29 21:26:15  INFO: Columns status(CHAR(8)) added to tc_devices
2026-04-29 21:26:15  INFO: Columns geofenceids(VARCHAR(128)) added to tc_devices
2026-04-29 21:26:15  INFO: ChangeSet changelog-5.2::changelog-5.2::author ran successfully in 11ms
2026-04-29 21:26:15  INFO: Columns fixedemail(BOOLEAN) added to tc_servers
2026-04-29 21:26:15  INFO: Columns fixedemail(BOOLEAN) added to tc_users
2026-04-29 21:26:15  INFO: Columns expirationtime(TIMESTAMP) added to tc_devices
2026-04-29 21:26:15  INFO: Table tc_keystore created
2026-04-29 21:26:15  INFO: Index idx_users_token dropped from table tc_users
2026-04-29 21:26:15  INFO: Column tc_users.token dropped
2026-04-29 21:26:15  INFO: ChangeSet changelog-5.3::changelog-5.3::author ran successfully in 21ms
2026-04-29 21:26:15  INFO: Columns motionstate(BOOLEAN),motiontime(TIMESTAMP),motiondistance(DOUBLE),overspeedstate(BOOLEAN),overspeedtime(TIMESTAMP),overspeedgeofenceid(INT) added to tc_devices
2026-04-29 21:26:15  INFO: Table tc_commands_queue created
2026-04-29 21:26:15  INFO: Foreign key constraint added to tc_commands_queue (deviceid)
2026-04-29 21:26:15  INFO: Index idx_commands_queue_deviceid created
2026-04-29 21:26:15  INFO: ChangeSet changelog-5.4::changelog-5.4::author ran successfully in 28ms
2026-04-29 21:26:15  INFO: Column tc_commands_queue.description dropped
2026-04-29 21:26:15  INFO: ChangeSet changelog-5.5::changelog-5.5::author ran successfully in 3ms
2026-04-29 21:26:15  INFO: Columns motionstreak(BOOLEAN) added to tc_devices
2026-04-29 21:26:15  INFO: Table tc_reports created
2026-04-29 21:26:15  INFO: Foreign key constraint added to tc_reports (calendarid)
2026-04-29 21:26:15  INFO: Table tc_user_report created
2026-04-29 21:26:15  INFO: Foreign key constraint added to tc_user_report (userid)
2026-04-29 21:26:15  INFO: Foreign key constraint added to tc_user_report (reportid)
2026-04-29 21:26:15  INFO: Table tc_group_report created
2026-04-29 21:26:15  INFO: Foreign key constraint added to tc_group_report (groupid)
2026-04-29 21:26:15  INFO: Foreign key constraint added to tc_group_report (reportid)
2026-04-29 21:26:15  INFO: Table tc_device_report created
2026-04-29 21:26:15  INFO: Foreign key constraint added to tc_device_report (deviceid)
2026-04-29 21:26:15  INFO: Foreign key constraint added to tc_device_report (reportid)
2026-04-29 21:26:15  INFO: ChangeSet changelog-5.6::changelog-5.6::author ran successfully in 14ms
2026-04-29 21:26:15  INFO: Columns commandid(INT) added to tc_notifications
2026-04-29 21:26:15  INFO: Foreign key constraint added to tc_notifications (commandid)
2026-04-29 21:26:15  INFO: ChangeSet changelog-5.7::changelog-5.7::author ran successfully in 2ms
2026-04-29 21:26:15  INFO: Column tc_devices.geofenceids dropped
2026-04-29 21:26:15  INFO: Columns geofenceids(VARCHAR(128)) added to tc_positions
2026-04-29 21:26:15  INFO: ChangeSet changelog-5.8::changelog-5.8::author ran successfully in 7ms
2026-04-29 21:26:15  INFO: Columns calendarid(INT) added to tc_devices
2026-04-29 21:26:15  INFO: Foreign key constraint added to tc_devices (calendarid)
2026-04-29 21:26:15  INFO: ChangeSet changelog-5.9::changelog-5.9::author ran successfully in 6ms
2026-04-29 21:26:15  INFO: Columns totpkey(VARCHAR(64)) added to tc_users
2026-04-29 21:26:15  INFO: ChangeSet changelog-5.10::changelog-5.10::author ran successfully in 4ms
2026-04-29 21:26:15  INFO: Columns temporary(BOOLEAN) added to tc_users
2026-04-29 21:26:15  INFO: ChangeSet changelog-5.11::changelog-5.11::author ran successfully in 5ms
2026-04-29 21:26:15  INFO: Column tc_servers.twelvehourformat dropped
2026-04-29 21:26:15  INFO: Column tc_users.twelvehourformat dropped
2026-04-29 21:26:15  INFO: Columns priority(INT) added to tc_attributes
2026-04-29 21:26:15  INFO: ChangeSet changelog-6.2::changelog-6.2::author ran successfully in 7ms
2026-04-29 21:26:15  INFO: Creating snapshot
2026-04-29 21:26:15  INFO: Marking ChangeSet: "changelog-6.3::changelog-6.3-old::author" as ran despite precondition failure due to onFail='MARK_RAN': 
          database/schema/changelog-master.xml : Foreign Key PUBLIC.fk_event_deviceid does not exist

2026-04-29 21:26:15  INFO: Foreign key fk_events_deviceid dropped
2026-04-29 21:26:15  INFO: Foreign key fk_positions_deviceid dropped
2026-04-29 21:26:15  INFO: ChangeSet changelog-6.3::changelog-6.3-new::author ran successfully in 5ms
2026-04-29 21:26:15  INFO: Columns description(VARCHAR(4000)) added to tc_notifications
2026-04-29 21:26:15  INFO: ChangeSet changelog-6.6::changelog-6.6::author ran successfully in 4ms
2026-04-29 21:26:15  INFO: Creating snapshot
2026-04-29 21:26:15  INFO: Table tc_actions created
2026-04-29 21:26:15  INFO: ChangeSet changelog-6.7.0::changelog-6.7.0::author ran successfully in 12ms
2026-04-29 21:26:15  INFO: Marking ChangeSet: "changelog-6.8.0::changelog-6.8.0-timescale::author" as ran despite precondition failure due to onFail='MARK_RAN': 
          database/schema/changelog-master.xml : DBMS Precondition failed: expected postgresql, got h2

2026-04-29 21:26:15  INFO: Columns motionpositionid(INT) added to tc_devices
2026-04-29 21:26:15  INFO: ChangeSet changelog-6.9.0::changelog-6.9.0::author ran successfully in 4ms
2026-04-29 21:26:15  INFO: Marking ChangeSet: "changelog-6.11.0::changelog-6.11.0-timescale::author" as ran despite precondition failure due to onFail='MARK_RAN': 
          database/schema/changelog-master.xml : DBMS Precondition failed: expected postgresql, got h2

2026-04-29 21:26:15  INFO: Marking ChangeSet: "changelog-6.11.0::changelog-6.11.0-other::author" as ran despite precondition failure due to onFail='MARK_RAN': 
          database/schema/changelog-master.xml : Not precondition failed

2026-04-29 21:26:15  INFO: Table tc_revoked_tokens created
2026-04-29 21:26:15  INFO: ChangeSet changelog-6.11.0::changelog-6.11.0::author ran successfully in 1ms
2026-04-29 21:26:15  INFO: Columns motionlatitude(DOUBLE),motionlongitude(DOUBLE) added to tc_devices
2026-04-29 21:26:15  INFO: ChangeSet changelog-6.13.0::changelog-6.13.0::author ran successfully in 10ms
2026-04-29 21:26:15  INFO: Table tc_checkpoints created
2026-04-29 21:26:15  INFO: Foreign key constraint added to tc_checkpoints (groupId)
2026-04-29 21:26:15  INFO: Index idx_checkpoint_groupid created
2026-04-29 21:26:15  INFO: Table tc_user_checkpoint created
2026-04-29 21:26:15  INFO: Foreign key constraint added to tc_user_checkpoint (userid)
2026-04-29 21:26:15  INFO: Foreign key constraint added to tc_user_checkpoint (checkpointid)
2026-04-29 21:26:15  INFO: Table tc_group_checkpoint created
2026-04-29 21:26:15  INFO: Foreign key constraint added to tc_group_checkpoint (groupid)
2026-04-29 21:26:15  INFO: Foreign key constraint added to tc_group_checkpoint (checkpointid)
2026-04-29 21:26:15  INFO: ChangeSet changelog-checkpoints::changelog-checkpoints-1::urbus ran successfully in 9ms
2026-04-29 21:26:15  INFO: Table tc_routes created
2026-04-29 21:26:15  INFO: Foreign key constraint added to tc_routes (groupId)
2026-04-29 21:26:15  INFO: Index idx_route_groupid created
2026-04-29 21:26:15  INFO: Index idx_route_active created
2026-04-29 21:26:15  INFO: Table tc_user_route created
2026-04-29 21:26:15  INFO: Foreign key constraint added to tc_user_route (userid)
2026-04-29 21:26:15  INFO: Foreign key constraint added to tc_user_route (routeid)
2026-04-29 21:26:15  INFO: Table tc_group_route created
2026-04-29 21:26:15  INFO: Foreign key constraint added to tc_group_route (groupid)
2026-04-29 21:26:15  INFO: Foreign key constraint added to tc_group_route (routeid)
2026-04-29 21:26:15  INFO: ChangeSet changelog-routes::changelog-routes-1::urbus ran successfully in 9ms
2026-04-29 21:26:15  INFO: Table tc_route_checkpoint created
2026-04-29 21:26:15  INFO: Foreign key constraint added to tc_route_checkpoint (routeId)
2026-04-29 21:26:15  INFO: Foreign key constraint added to tc_route_checkpoint (checkpointId)
2026-04-29 21:26:15  INFO: Index idx_route_checkpoint_routeid created
2026-04-29 21:26:15  INFO: Index idx_route_checkpoint_checkpointid created
2026-04-29 21:26:15  INFO: Index idx_route_checkpoint_sequence created
2026-04-29 21:26:15  INFO: ChangeSet changelog-routes::changelog-routes-2::urbus ran successfully in 7ms
2026-04-29 21:26:15  INFO: Table tc_device_route created
2026-04-29 21:26:15  INFO: Foreign key constraint added to tc_device_route (deviceId)
2026-04-29 21:26:15  INFO: Foreign key constraint added to tc_device_route (routeId)
2026-04-29 21:26:15  INFO: Foreign key constraint added to tc_device_route (currentCheckpointId)
2026-04-29 21:26:15  INFO: Index idx_device_route_deviceid created
2026-04-29 21:26:15  INFO: Index idx_device_route_routeid created
2026-04-29 21:26:15  INFO: Index idx_device_route_completed created
2026-04-29 21:26:15  INFO: ChangeSet changelog-routes::changelog-routes-3::urbus ran successfully in 6ms
2026-04-29 21:26:15  INFO: UPDATE SUMMARY
2026-04-29 21:26:15  INFO: Run:                         36
2026-04-29 21:26:15  INFO: Previously run:               0
2026-04-29 21:26:15  INFO: Filtered out:                 0
2026-04-29 21:26:15  INFO: -------------------------------
2026-04-29 21:26:15  INFO: Total change sets:           36
2026-04-29 21:26:15  INFO: Update summary generated
2026-04-29 21:26:15  INFO: Update command completed successfully.
2026-04-29 21:26:15  INFO: Successfully released change log lock
2026-04-29 21:26:15  INFO: Command execution complete
2026-04-29 21:26:16  WARN: Port disabled due to conflict - Address already in use: bind - BindException (...)
2026-04-29 21:26:16  INFO: jetty-12.1.6; built: 2026-01-27T18:53:19.182Z; git: 88ca559572b1c8858b3c5684bb0293fa64e5e90f; jvm 17.0.16+8
2026-04-29 21:26:17  INFO: Session workerName=node0
2026-04-29 21:26:17  INFO: Started oeje10s.ServletContextHandler@46de118b{ROOT,/,b=file:///C:/Users/juanm/Documents/Traccat-Server/web/,a=AVAILABLE,h=oeje10s.SessionHandler@55682482{STARTED}}
2026-04-29 21:26:17  INFO: Started oeje10s.ServletContextHandler@46de118b{ROOT,/,b=file:///C:/Users/juanm/Documents/Traccat-Server/web/,a=AVAILABLE,h=oeje10s.SessionHandler@55682482{STARTED}}
2026-04-29 21:26:17  INFO: Started oejs.ServerConnector@67e1a5fd{HTTP/1.1, (http/1.1)}{0.0.0.0:8082}
2026-04-29 21:26:17  INFO: Started oejs.Server@4b9dc62f{STARTING}[12.1.6,sto=0] @603ms
2026-04-29 21:26:29  INFO: login failed from: [0:0:0:0:0:0:0:1]
2026-04-29 21:36:35  INFO: [T341105d0] connected
2026-04-29 21:36:35  INFO: [T341105d0: osmand < 127.0.0.1] POST /client-proxy/ HTTP/1.1\r\nUser-Agent: okhttp/4.12.0\r\nAccept-Encoding: gzip\r\nContent-Type: application/json; charset=utf-8\r\nX-Forwarded-For: 179.15.0.82\r\nX-Forwarded-Host: arrive-legible-reexamine.ngrok-free.dev\r\nX-Forwarded-Proto: https\r\nVia: 1.1 DESKTOP-MAR70HE\r\nForwarded: by="[0:0:0:0:0:0:0:1]";for="[0:0:0:0:0:0:0:1]";host="arrive-legible-reexamine.ngrok-free.dev";proto=http\r\nHost: localhost:5055\r\nContent-Length: 411\r\n\r\n{"location":{"timestamp":"2026-04-30T02:36:32.890Z","coords":{"latitude":6.0931352,"longitude":-75.6401799,"accuracy":17.48,"speed":-1,"heading":-1,"altitude":1797.7},"is_moving":false,"odometer":557.81,"battery":{"level":0.94,"is_charging":false},"activity":{"type":"still"},"extras":{},"_":"&id=11436686&lat=6.0931352&lon=-75.6401799&timestamp=2026-04-30T02:36:32.890Z&","manual":true},"device_id":"11436686"}
2026-04-29 21:36:35  INFO: [T341105d0: osmand > 127.0.0.1] HTTP/1.1 200 OK\r\ncontent-length: 0\r\n\r\n
2026-04-29 21:36:35  INFO: Event id: 11436686, time: 2026-04-29 21:36:35, type: deviceOnline, notifications: 0
2026-04-29 21:36:38  INFO: [T341105d0] id: 11436686, time: 2026-04-29 21:36:32, lat: 6.09314, lon: -75.64018, course: 0.0, accuracy: 17.5
2026-04-29 21:37:05  INFO: [T341105d0] disconnected
2026-04-29 21:38:35  INFO: [T902f2f1f] connected
2026-04-29 21:38:35  INFO: [T902f2f1f: osmand < 127.0.0.1] POST /client-proxy/ HTTP/1.1\r\nUser-Agent: Dart/3.11 (dart:io)\r\nAccept-Encoding: gzip\r\nContent-Type: application/x-www-form-urlencoded\r\nX-Forwarded-For: 2803:1800:4008:52c8:b8d6:5aff:fe04:8051\r\nX-Forwarded-Host: arrive-legible-reexamine.ngrok-free.dev\r\nX-Forwarded-Proto: https\r\nVia: 1.1 DESKTOP-MAR70HE\r\nForwarded: by="[0:0:0:0:0:0:0:1]";for="[0:0:0:0:0:0:0:1]";host="arrive-legible-reexamine.ngrok-free.dev";proto=http\r\nHost: localhost:5055\r\nTransfer-Encoding: chunked\r\n\r\nAE\r\nid=34383945&notificationToken=fX0Jn8iJRvKzs0doOgl0WA%3AAPA91bGmV9ONka86q0vT_RC0Y6RJ-fiM5rMuNSh2J0shwp7N7lScPRrvII7LDEYaVmf_ZDxwYldI7tAXGHBMXdKyeS5GPEWEh2ujM2iY7KKk1xbLiQQVgS4\r\n0\r\n\r\n
2026-04-29 21:38:35  INFO: [T902f2f1f: osmand > 127.0.0.1] HTTP/1.1 200 OK\r\ncontent-length: 0\r\n\r\n
2026-04-29 21:38:35  INFO: Event id: 34383945, time: 2026-04-29 21:38:35, type: deviceOnline, notifications: 0
2026-04-29 21:38:36  INFO: [T902f2f1f: osmand < 127.0.0.1] POST /client-proxy/ HTTP/1.1\r\nUser-Agent: okhttp/4.12.0\r\nAccept-Encoding: gzip\r\nContent-Type: application/json; charset=utf-8\r\nX-Forwarded-For: 2803:1800:4008:52c8:b8d6:5aff:fe04:8051\r\nX-Forwarded-Host: arrive-legible-reexamine.ngrok-free.dev\r\nX-Forwarded-Proto: https\r\nVia: 1.1 DESKTOP-MAR70HE\r\nForwarded: by="[0:0:0:0:0:0:0:1]";for="[0:0:0:0:0:0:0:1]";host="arrive-legible-reexamine.ngrok-free.dev";proto=http\r\nHost: localhost:5055\r\nContent-Length: 413\r\n\r\n
2026-04-29 21:38:36  INFO: [T902f2f1f: osmand < 127.0.0.1] {"location":{"timestamp":"2026-04-30T02:38:34.398Z","coords":{"latitude":6.2267532,"longitude":-75.6006117,"accuracy":12.61,"speed":-1,"heading":-1,"altitude":1548.6},"is_moving":false,"odometer":13038.35,"battery":{"level":0.34,"is_charging":false},"activity":{"type":"still"},"extras":{},"_":"&id=34383945&lat=6.2267532&lon=-75.6006117&timestamp=2026-04-30T02:38:34.398Z&","manual":true},"device_id":"34383945"}
2026-04-29 21:38:36  INFO: [T902f2f1f: osmand > 127.0.0.1] HTTP/1.1 200 OK\r\ncontent-length: 0\r\n\r\n
2026-04-29 21:38:36  INFO: [T902f2f1f: osmand < 127.0.0.1] POST /client-proxy/ HTTP/1.1\r\nUser-Agent: okhttp/4.12.0\r\nAccept-Encoding: gzip\r\nContent-Type: application/json; charset=utf-8\r\nX-Forwarded-For: 2803:1800:4008:52c8:b8d6:5aff:fe04:8051\r\nX-Forwarded-Host: arrive-legible-reexamine.ngrok-free.dev\r\nX-Forwarded-Proto: https\r\nVia: 1.1 DESKTOP-MAR70HE\r\nForwarded: by="[0:0:0:0:0:0:0:1]";for="[0:0:0:0:0:0:0:1]";host="arrive-legible-reexamine.ngrok-free.dev";proto=http\r\nHost: localhost:5055\r\nContent-Length: 410\r\n\r\n
2026-04-29 21:38:36  INFO: [T902f2f1f: osmand < 127.0.0.1] {"location":{"timestamp":"2026-04-30T02:38:36.420Z","coords":{"latitude":6.226762,"longitude":-75.600635,"accuracy":10.17,"speed":0.32,"heading":3,"altitude":1548.6},"is_moving":false,"odometer":13038.35,"battery":{"level":0.34,"is_charging":false},"activity":{"type":"still"},"extras":{},"_":"&id=34383945&lat=6.226762&lon=-75.600635&timestamp=2026-04-30T02:38:36.420Z&","manual":true},"device_id":"34383945"}
2026-04-29 21:38:36  INFO: [T902f2f1f: osmand > 127.0.0.1] HTTP/1.1 200 OK\r\ncontent-length: 0\r\n\r\n
2026-04-29 21:38:36  INFO: [T902f2f1f: osmand < 127.0.0.1] POST /client-proxy/ HTTP/1.1\r\nUser-Agent: okhttp/4.12.0\r\nAccept-Encoding: gzip\r\nContent-Type: application/json; charset=utf-8\r\nX-Forwarded-For: 2803:1800:4008:52c8:b8d6:5aff:fe04:8051\r\nX-Forwarded-Host: arrive-legible-reexamine.ngrok-free.dev\r\nX-Forwarded-Proto: https\r\nVia: 1.1 DESKTOP-MAR70HE\r\nForwarded: by="[0:0:0:0:0:0:0:1]";for="[0:0:0:0:0:0:0:1]";host="arrive-legible-reexamine.ngrok-free.dev";proto=http\r\nHost: localhost:5055\r\nContent-Length: 419\r\n\r\n
2026-04-29 21:38:36  INFO: [T902f2f1f: osmand < 127.0.0.1] {"location":{"timestamp":"2026-04-30T02:38:36.420Z","coords":{"latitude":6.226762,"longitude":-75.600635,"accuracy":10.17,"speed":0.32,"heading":3,"altitude":1548.6},"is_moving":false,"odometer":13038.35,"event":"motionchange","battery":{"level":0.34,"is_charging":false},"activity":{"type":"still"},"extras":{},"_":"&id=34383945&lat=6.226762&lon=-75.600635&timestamp=2026-04-30T02:38:36.420Z&"},"device_id":"34383945"}
2026-04-29 21:38:36  INFO: [T902f2f1f: osmand > 127.0.0.1] HTTP/1.1 200 OK\r\ncontent-length: 0\r\n\r\n
2026-04-29 21:38:39  INFO: [T902f2f1f: osmand < 127.0.0.1] POST /client-proxy/ HTTP/1.1\r\nUser-Agent: okhttp/4.12.0\r\nAccept-Encoding: gzip\r\nContent-Type: application/json; charset=utf-8\r\nX-Forwarded-For: 2803:1800:4008:52c8:b8d6:5aff:fe04:8051\r\nX-Forwarded-Host: arrive-legible-reexamine.ngrok-free.dev\r\nX-Forwarded-Proto: https\r\nVia: 1.1 DESKTOP-MAR70HE\r\nForwarded: by="[0:0:0:0:0:0:0:1]";for="[0:0:0:0:0:0:0:1]";host="arrive-legible-reexamine.ngrok-free.dev";proto=http\r\nHost: localhost:5055\r\nContent-Length: 415\r\n\r\n
2026-04-29 21:38:39  INFO: [T902f2f1f: osmand < 127.0.0.1] {"location":{"timestamp":"2026-04-30T02:38:39.071Z","coords":{"latitude":6.2267154,"longitude":-75.6005982,"accuracy":8.98,"speed":0.75,"heading":125,"altitude":1548.6},"is_moving":false,"odometer":13038.35,"battery":{"level":0.34,"is_charging":false},"activity":{"type":"still"},"extras":{},"_":"&id=34383945&lat=6.2267154&lon=-75.6005982&timestamp=2026-04-30T02:38:39.071Z&","manual":true},"device_id":"34383945"}
2026-04-29 21:38:39  INFO: [T902f2f1f: osmand > 127.0.0.1] HTTP/1.1 200 OK\r\ncontent-length: 0\r\n\r\n
2026-04-29 21:38:39  INFO: [T902f2f1f] id: 34383945, time: 2026-04-29 21:38:34, lat: 6.22675, lon: -75.60061, course: 0.0, accuracy: 12.6
2026-04-29 21:38:39  INFO: [T902f2f1f] id: 34383945, time: 2026-04-29 21:38:34, lat: 6.22675, lon: -75.60061, course: 0.0, accuracy: 12.6
2026-04-29 21:38:39  INFO: [T902f2f1f] id: 34383945, time: 2026-04-29 21:38:36, lat: 6.22676, lon: -75.60064, speed: 0.6, course: 3.0, accuracy: 10.2
2026-04-29 21:38:40  INFO: [T902f2f1f] id: 34383945, time: 2026-04-29 21:38:36, lat: 6.22676, lon: -75.60064, speed: 0.6, course: 3.0, accuracy: 10.2
2026-04-29 21:38:42  INFO: [T902f2f1f] id: 34383945, time: 2026-04-29 21:38:39, lat: 6.22672, lon: -75.60060, speed: 1.5, course: 125.0
2026-04-29 21:38:46  INFO: [T902f2f1f: osmand < 127.0.0.1] POST /client-proxy/ HTTP/1.1\r\nUser-Agent: okhttp/4.12.0\r\nAccept-Encoding: gzip\r\nContent-Type: application/json; charset=utf-8\r\nX-Forwarded-For: 2803:1800:4008:52c8:b8d6:5aff:fe04:8051\r\nX-Forwarded-Host: arrive-legible-reexamine.ngrok-free.dev\r\nX-Forwarded-Proto: https\r\nVia: 1.1 DESKTOP-MAR70HE\r\nForwarded: by="[0:0:0:0:0:0:0:1]";for="[0:0:0:0:0:0:0:1]";host="arrive-legible-reexamine.ngrok-free.dev";proto=http\r\nHost: localhost:5055\r\nContent-Length: 398\r\n\r\n
2026-04-29 21:38:46  INFO: [T902f2f1f: osmand < 127.0.0.1] {"location":{"timestamp":"2026-04-30T02:38:46.330Z","coords":{"latitude":6.2266947,"longitude":-75.600582,"accuracy":10.22,"speed":-1,"heading":90,"altitude":1548.6},"is_moving":true,"odometer":13038.64,"battery":{"level":0.34,"is_charging":false},"activity":{"type":"walking"},"extras":{},"_":"&id=34383945&lat=6.2266947&lon=-75.600582&timestamp=2026-04-30T02:38:46.330Z&"},"device_id":"34383945"}
2026-04-29 21:38:46  INFO: [T902f2f1f: osmand > 127.0.0.1] HTTP/1.1 200 OK\r\ncontent-length: 0\r\n\r\n
2026-04-29 21:38:46  INFO: [T902f2f1f: osmand < 127.0.0.1] POST /client-proxy/ HTTP/1.1\r\nUser-Agent: okhttp/4.12.0\r\nAccept-Encoding: gzip\r\nContent-Type: application/json; charset=utf-8\r\nX-Forwarded-For: 2803:1800:4008:52c8:b8d6:5aff:fe04:8051\r\nX-Forwarded-Host: arrive-legible-reexamine.ngrok-free.dev\r\nX-Forwarded-Proto: https\r\nVia: 1.1 DESKTOP-MAR70HE\r\nForwarded: by="[0:0:0:0:0:0:0:1]";for="[0:0:0:0:0:0:0:1]";host="arrive-legible-reexamine.ngrok-free.dev";proto=http\r\nHost: localhost:5055\r\nContent-Length: 402\r\n\r\n
2026-04-29 21:38:46  INFO: [T902f2f1f: osmand < 127.0.0.1] {"location":{"timestamp":"2026-04-30T02:38:46.619Z","coords":{"latitude":6.2266927,"longitude":-75.6005771,"accuracy":8.79,"speed":0.7,"heading":90.2,"altitude":1548.6},"is_moving":true,"odometer":13038.64,"battery":{"level":0.34,"is_charging":false},"activity":{"type":"walking"},"extras":{},"_":"&id=34383945&lat=6.2266927&lon=-75.6005771&timestamp=2026-04-30T02:38:46.619Z&"},"device_id":"34383945"}
2026-04-29 21:38:46  INFO: [T902f2f1f: osmand > 127.0.0.1] HTTP/1.1 200 OK\r\ncontent-length: 0\r\n\r\n
2026-04-29 21:38:49  INFO: [T902f2f1f] id: 34383945, time: 2026-04-29 21:38:46, lat: 6.22669, lon: -75.60058, course: 90.0, accuracy: 10.2
2026-04-29 21:38:49  INFO: [T902f2f1f] id: 34383945, time: 2026-04-29 21:38:46, lat: 6.22669, lon: -75.60058, speed: 1.4, course: 90.2
2026-04-29 21:38:51  INFO: [T902f2f1f: osmand < 127.0.0.1] POST /client-proxy/ HTTP/1.1\r\nUser-Agent: okhttp/4.12.0\r\nAccept-Encoding: gzip\r\nContent-Type: application/json; charset=utf-8\r\nX-Forwarded-For: 2803:1800:4008:52c8:b8d6:5aff:fe04:8051\r\nX-Forwarded-Host: arrive-legible-reexamine.ngrok-free.dev\r\nX-Forwarded-Proto: https\r\nVia: 1.1 DESKTOP-MAR70HE\r\nForwarded: by="[0:0:0:0:0:0:0:1]";for="[0:0:0:0:0:0:0:1]";host="arrive-legible-reexamine.ngrok-free.dev";proto=http\r\nHost: localhost:5055\r\nContent-Lengt
2026-04-29 21:38:51  INFO: [T902f2f1f: osmand < 127.0.0.1] h: 404\r\n\r\n{"location":{"timestamp":"2026-04-30T02:38:51.670Z","coords":{"latitude":6.2266985,"longitude":-75.6004953,"accuracy":7.22,"speed":1.26,"heading":80.18,"altitude":1548.6},"is_moving":true,"odometer":13048.54,"battery":{"level":0.34,"is_charging":false},"activity":{"type":"walking"},"extras":{},"_":"&id=34383945&lat=6.2266985&lon=-75.6004953&timestamp=2026-04-30T02:38:51.670Z&"},"device_id":"34383945"}
2026-04-29 21:38:51  INFO: [T902f2f1f: osmand > 127.0.0.1] HTTP/1.1 200 OK\r\ncontent-length: 0\r\n\r\n
2026-04-29 21:38:52  INFO: [T902f2f1f: osmand < 127.0.0.1] POST /client-proxy/ HTTP/1.1\r\nUser-Agent: okhttp/4.12.0\r\nAccept-Encoding: gzip\r\nContent-Type: application/json; charset=utf-8\r\nX-Forwarded-For: 2803:1800:4008:52c8:b8d6:5aff:fe04:8051\r\nX-Forwarded-Host: arrive-legible-reexamine.ngrok-free.dev\r\nX-Forwarded-Proto: https\r\nVia: 1.1 DESKTOP-MAR70HE\r\nForwarded: by="[0:0:0:0:0:0:0:1]";for="[0:0:0:0:0:0:0:1]";host="arrive-legible-reexamine.ngrok-free.dev";proto=http\r\nHost: localhost:5055\r\nContent-Length: 418\r\n\r\n{"location":{"timestamp":"2026-04-30T02:38:52.161Z","coords":{"latitude":6.2266974,"longitude":-75.6004825,"accuracy":7.14,"speed":1.27,"heading":96.64,"altitude":1548.6},"is_moving":true,"odometer":13049.96,"battery":{"level":0.34,"is_charging":false},"activity":{"type":"walking"},"extras":{},"_":"&id=34383945&lat=6.2266974&lon=-75.6004825&timestamp=2026-04-30T02:38:52.161Z&","manual":true},"device_id":"34383945"}
2026-04-29 21:38:52  INFO: [T902f2f1f: osmand > 127.0.0.1] HTTP/1.1 200 OK\r\ncontent-length: 0\r\n\r\n
2026-04-29 21:38:52  INFO: [T902f2f1f: osmand < 127.0.0.1] POST /client-proxy/ HTTP/1.1\r\nUser-Agent: okhttp/4.12.0\r\nAccept-Encoding: gzip\r\nContent-Type: application/json; charset=utf-8\r\nX-Forwarded-For: 2803:1800:4008:52c8:b8d6:5aff:fe04:8051\r\nX-Forwarded-Host: arrive-legible-reexamine.ngrok-free.dev\r\nX-Forwarded-Proto: https\r\nVia: 1.1 DESKTOP-MAR70HE\r\nForwarded: by="[0:0:0:0:0:0:0:1]";for="[0:0:0:0:0:0:0:1]";host="arrive-legible-reexamine.ngrok-free.dev";proto=http\r\nHost: localhost:5055\r\nContent-Length: 418\r\n\r\n
2026-04-29 21:38:52  INFO: [T902f2f1f: osmand < 127.0.0.1] {"location":{"timestamp":"2026-04-30T02:38:52.161Z","coords":{"latitude":6.2266974,"longitude":-75.6004825,"accuracy":7.14,"speed":1.27,"heading":96.64,"altitude":1548.6},"is_moving":true,"odometer":13049.96,"battery":{"level":0.34,"is_charging":false},"activity":{"type":"walking"},"extras":{},"_":"&id=34383945&lat=6.2266974&lon=-75.6004825&timestamp=2026-04-30T02:38:52.161Z&","manual":true},"device_id":"34383945"}
2026-04-29 21:38:52  INFO: [T902f2f1f: osmand > 127.0.0.1] HTTP/1.1 200 OK\r\ncontent-length: 0\r\n\r\n
2026-04-29 21:38:54  INFO: [T902f2f1f] id: 34383945, time: 2026-04-29 21:38:51, lat: 6.22670, lon: -75.60050, speed: 2.4, course: 80.2
2026-04-29 21:38:55  INFO: [T902f2f1f] id: 34383945, time: 2026-04-29 21:38:52, lat: 6.22670, lon: -75.60048, speed: 2.5, course: 96.6
2026-04-29 21:38:55  INFO: [T902f2f1f] id: 34383945, time: 2026-04-29 21:38:52, lat: 6.22670, lon: -75.60048, speed: 2.5, course: 96.6
2026-04-29 21:38:57  INFO: [T902f2f1f: osmand < 127.0.0.1] POST /client-proxy/ HTTP/1.1\r\nUser-Agent: okhttp/4.12.0\r\nAccept-Encoding: gzip\r\nContent-Type: application/json; charset=utf-8\r\nX-Forwarded-For: 2803:1800:4008:52c8:b8d6:5aff:fe04:8051\r\nX-Forwarded-Host: arrive-legible-reexamine.ngrok-free.dev\r\nX-Forwarded-Proto: https\r\nVia: 1.1 DESKTOP-MAR70HE\r\nForwarded: by="[0:0:0:0:0:0:0:1]";for="[0:0:0:0:0:0:0:1]";host="arrive-legible-reexamine.ngrok-free.dev";proto=http\r\nHost: localhost:5055\r\nContent-Length: 405\r\n\r\n
2026-04-29 21:38:57  INFO: [T902f2f1f: osmand < 127.0.0.1] {"location":{"timestamp":"2026-04-30T02:38:54.693Z","coords":{"latitude":6.2266901,"longitude":-75.6004387,"accuracy":6.34,"speed":1.17,"heading":115.06,"altitude":1547.8},"is_moving":true,"odometer":13055.28,"battery":{"level":0.34,"is_charging":false},"activity":{"type":"walking"},"extras":{},"_":"&id=34383945&lat=6.2266901&lon=-75.6004387&timestamp=2026-04-30T02:38:54.693Z&"},"device_id":"34383945"}
2026-04-29 21:38:57  INFO: [T902f2f1f: osmand > 127.0.0.1] HTTP/1.1 200 OK\r\ncontent-length: 0\r\n\r\n
2026-04-29 21:38:57  INFO: [T902f2f1f: osmand < 127.0.0.1] POST /client-proxy/ HTTP/1.1\r\nUser-Agent: okhttp/4.12.0\r\nAccept-Encoding: gzip\r\nContent-Type: application/json; charset=utf-8\r\nX-Forwarded-For: 2803:1800:4008:52c8:b8d6:5aff:fe04:8051\r\nX-Forwarded-Host: arrive-legible-reexamine.ngrok-free.dev\r\nX-Forwarded-Proto: https\r\nVia: 1.1 DESKTOP-MAR70HE\r\nForwarded: by="[0:0:0:0:0:0:0:1]";for="[0:0:0:0:0:0:0:1]";host="arrive-legible-reexamine.ngrok-free.dev";proto=http\r\nHost: localhost:5055\r\nContent-Length: 405\r\n\r\n
2026-04-29 21:38:57  INFO: [T902f2f1f: osmand < 127.0.0.1] {"location":{"timestamp":"2026-04-30T02:38:55.524Z","coords":{"latitude":6.2266903,"longitude":-75.6004313,"accuracy":6.21,"speed":1.18,"heading":104.52,"altitude":1547.8},"is_moving":true,"odometer":13056.12,"battery":{"level":0.34,"is_charging":false},"activity":{"type":"walking"},"extras":{},"_":"&id=34383945&lat=6.2266903&lon=-75.6004313&timestamp=2026-04-30T02:38:55.524Z&"},"device_id":"34383945"}
2026-04-29 21:38:57  INFO: [T902f2f1f: osmand > 127.0.0.1] HTTP/1.1 200 OK\r\ncontent-length: 0\r\n\r\n
2026-04-29 21:38:58  INFO: [T902f2f1f: osmand < 127.0.0.1] POST /client-proxy/ HTTP/1.1\r\nUser-Agent: okhttp/4.12.0\r\nAccept-Encoding: gzip\r\nContent-Type: application/json; charset=utf-8\r\nX-Forwarded-For: 2803:1800:4008:52c8:b8d6:5aff:fe04:8051\r\nX-Forwarded-Host: arrive-legible-reexamine.ngrok-free.dev\r\nX-Forwarded-Proto: https\r\nVia: 1.1 DESKTOP-MAR70HE\r\nForwarded: by="[0:0:0:0:0:0:0:1]";for="[0:0:0:0:0:0:0:1]";host="arrive-legible-reexamine.ngrok-free.dev";proto=http\r\nHost: localhost:5055\r\nContent-Length: 403\r\n\r\n
2026-04-29 21:38:58  INFO: [T902f2f1f: osmand < 127.0.0.1] {"location":{"timestamp":"2026-04-30T02:38:57.621Z","coords":{"latitude":6.2266918,"longitude":-75.6004062,"accuracy":5.44,"speed":1.2,"heading":96.67,"altitude":1547.8},"is_moving":true,"odometer":13058.93,"battery":{"level":0.34,"is_charging":false},"activity":{"type":"walking"},"extras":{},"_":"&id=34383945&lat=6.2266918&lon=-75.6004062&timestamp=2026-04-30T02:38:57.621Z&"},"device_id":"34383945"}
2026-04-29 21:38:58  INFO: [T902f2f1f: osmand > 127.0.0.1] HTTP/1.1 200 OK\r\ncontent-length: 0\r\n\r\n
2026-04-29 21:39:00  INFO: [T902f2f1f] id: 34383945, time: 2026-04-29 21:38:54, lat: 6.22669, lon: -75.60044, speed: 2.3, course: 115.1
2026-04-29 21:39:01  INFO: [T902f2f1f] id: 34383945, time: 2026-04-29 21:38:55, lat: 6.22669, lon: -75.60043, speed: 2.3, course: 104.5
2026-04-29 21:39:01  INFO: [T902f2f1f] id: 34383945, time: 2026-04-29 21:38:57, lat: 6.22669, lon: -75.60041, speed: 2.3, course: 96.7
2026-04-29 21:39:03  INFO: [T902f2f1f: osmand < 127.0.0.1] POST /client-proxy/ HTTP/1.1\r\nUser-Agent: okhttp/4.12.0\r\nAccept-Encoding: gzip\r\nContent-Type: application/json; charset=utf-8\r\nX-Forwarded-For: 2803:1800:4008:52c8:b8d6:5aff:fe04:8051\r\nX-Forwarded-Host: arrive-legible-reexamine.ngrok-free.dev\r\nX-Forwarded-Proto: https\r\nVia: 1.1 DESKTOP-MAR70HE\r\nForwarded: by="[0:0:0:0:0:0:0:1]";for="[0:0:0:0:0:0:0:1]";host="arrive-legible-reexamine.ngrok-free.dev";proto=http\r\nHost: localhost:5055\r\nContent-Length: 402\r\n\r\n
2026-04-29 21:39:03  INFO: [T902f2f1f: osmand < 127.0.0.1] {"location":{"timestamp":"2026-04-30T02:39:02.662Z","coords":{"latitude":6.2267321,"longitude":-75.600337,"accuracy":5.65,"speed":1.16,"heading":96.04,"altitude":1547.8},"is_moving":true,"odometer":13068.14,"battery":{"level":0.34,"is_charging":false},"activity":{"type":"walking"},"extras":{},"_":"&id=34383945&lat=6.2267321&lon=-75.600337&timestamp=2026-04-30T02:39:02.662Z&"},"device_id":"34383945"}
2026-04-29 21:39:03  INFO: [T902f2f1f: osmand > 127.0.0.1] HTTP/1.1 200 OK\r\ncontent-length: 0\r\n\r\n
2026-04-29 21:39:06  INFO: [T902f2f1f] id: 34383945, time: 2026-04-29 21:39:02, lat: 6.22673, lon: -75.60034, speed: 2.3, course: 96.0
2026-04-29 21:39:09  INFO: [T902f2f1f: osmand < 127.0.0.1] POST /client-proxy/ HTTP/1.1\r\nUser-Agent: okhttp/4.12.0\r\nAccept-Encoding: gzip\r\nContent-Type: application/json; charset=utf-8\r\nX-Forwarded-For: 2803:1800:4008:52c8:b8d6:5aff:fe04:8051\r\nX-Forwarded-Host: arrive-legible-reexamine.ngrok-free.dev\r\nX-Forwarded-Proto: https\r\nVia: 1.1 DESKTOP-MAR70HE\r\nForwarded: by="[0:0:0:0:0:0:0:1]";for="[0:0:0:0:0:0:0:1]";host="arrive-legible-reexamine.ngrok-free.dev";proto=http\r\nHost: localhost:5055\r\nContent-Length: 404\r\n\r\n
2026-04-29 21:39:09  INFO: [T902f2f1f: osmand < 127.0.0.1] {"location":{"timestamp":"2026-04-30T02:39:04.001Z","coords":{"latitude":6.2267371,"longitude":-75.6003229,"accuracy":5.81,"speed":1.11,"heading":91.46,"altitude":1547.8},"is_moving":true,"odometer":13069.89,"battery":{"level":0.34,"is_charging":false},"activity":{"type":"walking"},"extras":{},"_":"&id=34383945&lat=6.2267371&lon=-75.6003229&timestamp=2026-04-30T02:39:04.001Z&"},"device_id":"34383945"}
2026-04-29 21:39:09  INFO: [T902f2f1f: osmand > 127.0.0.1] HTTP/1.1 200 OK\r\ncontent-length: 0\r\n\r\n
2026-04-29 21:39:09  INFO: [T902f2f1f: osmand < 127.0.0.1] POST /client-proxy/ HTTP/1.1\r\nUser-Agent: okhttp/4.12.0\r\nAccept-Encoding: gzip\r\nContent-Type: application/json; charset=utf-8\r\nX-Forwarded-For: 2803:1800:4008:52c8:b8d6:5aff:fe04:8051\r\nX-Forwarded-Host: arrive-legible-reexamine.ngrok-free.dev\r\nX-Forwarded-Proto: https\r\nVia: 1.1 DESKTOP-MAR70HE\r\nForwarded: by="[0:0:0:0:0:0:0:1]";for="[0:0:0:0:0:0:0:1]";host="arrive-legible-reexamine.ngrok-free.dev";proto=http\r\nHost: localhost:5055\r\nContent-Length: 402\r\n\r\n
2026-04-29 21:39:09  INFO: [T902f2f1f: osmand < 127.0.0.1] {"location":{"timestamp":"2026-04-30T02:39:07.323Z","coords":{"latitude":6.226759,"longitude":-75.6002889,"accuracy":6.24,"speed":1.08,"heading":84.95,"altitude":1547.8},"is_moving":true,"odometer":13074.54,"battery":{"level":0.34,"is_charging":false},"activity":{"type":"walking"},"extras":{},"_":"&id=34383945&lat=6.226759&lon=-75.6002889&timestamp=2026-04-30T02:39:07.323Z&"},"device_id":"34383945"}
2026-04-29 21:39:09  INFO: [T902f2f1f: osmand > 127.0.0.1] HTTP/1.1 200 OK\r\ncontent-length: 0\r\n\r\n
2026-04-29 21:39:10  INFO: [T902f2f1f: osmand < 127.0.0.1] POST /client-proxy/ HTTP/1.1\r\nUser-Agent: okhttp/4.12.0\r\nAccept-Encoding: gzip\r\nContent-Type: application/json; charset=utf-8\r\nX-Forwarded-For: 2803:1800:4008:52c8:b8d6:5aff:fe04:8051\r\nX-Forwarded-Host: arrive-legible-reexamine.ngrok-free.dev\r\nX-Forwarded-Proto: https\r\nVia: 1.1 DESKTOP-MAR70HE\r\nForwarded: by="[0:0:0:0:0:0:0:1]";for="[0:0:0:0:0:0:0:1]";host="arrive-legible-reexamine.ngrok-free.dev";proto=http\r\nHost: localhost:5055\r\nContent-Length: 402\r\n\r\n
2026-04-29 21:39:10  INFO: [T902f2f1f: osmand < 127.0.0.1] {"location":{"timestamp":"2026-04-30T02:39:07.690Z","coords":{"latitude":6.2267607,"longitude":-75.600285,"accuracy":6.25,"speed":1.09,"heading":84.99,"altitude":1547.8},"is_moving":true,"odometer":13075.01,"battery":{"level":0.34,"is_charging":false},"activity":{"type":"walking"},"extras":{},"_":"&id=34383945&lat=6.2267607&lon=-75.600285&timestamp=2026-04-30T02:39:07.690Z&"},"device_id":"34383945"}
2026-04-29 21:39:10  INFO: [T902f2f1f: osmand > 127.0.0.1] HTTP/1.1 200 OK\r\ncontent-length: 0\r\n\r\n
2026-04-29 21:39:12  INFO: [T902f2f1f] id: 34383945, time: 2026-04-29 21:39:04, lat: 6.22674, lon: -75.60032, speed: 2.2, course: 91.5
2026-04-29 21:39:12  INFO: [T902f2f1f] id: 34383945, time: 2026-04-29 21:39:07, lat: 6.22676, lon: -75.60029, speed: 2.1, course: 85.0
2026-04-29 21:39:13  INFO: [T902f2f1f] id: 34383945, time: 2026-04-29 21:39:07, lat: 6.22676, lon: -75.60029, speed: 2.1, course: 85.0
2026-04-29 21:39:13  INFO: [T902f2f1f: osmand < 127.0.0.1] POST /client-proxy/ HTTP/1.1\r\nUser-Agent: okhttp/4.12.0\r\nAccept-Encoding: gzip\r\nContent-Type: application/json; charset=utf-8\r\nX-Forwarded-For: 2803:1800:4008:52c8:b8d6:5aff:fe04:8051\r\nX-Forwarded-Host: arrive-legible-reexamine.ngrok-free.dev\r\nX-Forwarded-Proto: https\r\nVia: 1.1 DESKTOP-MAR70HE\r\nForwarded: by="[0:0:0:0:0:0:0:1]";for="[0:0:0:0:0:0:0:1]";host="arrive-legible-reexamine.ngrok-free.dev";proto=http\r\nHost: localhost:5055\r\nContent-Lengt
2026-04-29 21:39:13  INFO: [T902f2f1f: osmand < 127.0.0.1] h: 403\r\n\r\n{"location":{"timestamp":"2026-04-30T02:39:12.886Z","coords":{"latitude":6.226806,"longitude":-75.6002323,"accuracy":5.84,"speed":1.12,"heading":103.46,"altitude":1547.6},"is_moving":true,"odometer":13083.59,"battery":{"level":0.34,"is_charging":false},"activity":{"type":"walking"},"extras":{},"_":"&id=34383945&lat=6.226806&lon=-75.6002323&timestamp=2026-04-30T02:39:12.886Z&"},"device_id":"34383945"}
2026-04-29 21:39:13  INFO: [T902f2f1f: osmand > 127.0.0.1] HTTP/1.1 200 OK\r\ncontent-length: 0\r\n\r\n
2026-04-29 21:39:16  INFO: [T902f2f1f] id: 34383945, time: 2026-04-29 21:39:12, lat: 6.22681, lon: -75.60023, speed: 2.2, course: 103.5
2026-04-29 21:39:18  INFO: [T902f2f1f: osmand < 127.0.0.1] POST /client-proxy/ HTTP/1.1\r\nUser-Agent: okhttp/4.12.0\r\nAccept-Encoding: gzip\r\nContent-Type: application/json; charset=utf-8\r\nX-Forwarded-For: 2803:1800:4008:52c8:b8d6:5aff:fe04:8051\r\nX-Forwarded-Host: arrive-legible-reexamine.ngrok-free.dev\r\nX-Forwarded-Proto: https\r\nVia: 1.1 DESKTOP-MAR70HE\r\nForwarded: by="[0:0:0:0:0:0:0:1]";for="[0:0:0:0:0:0:0:1]";host="arrive-legible-reexamine.ngrok-free.dev";proto=http\r\nHost: localhost:5055\r\nContent-Length: 403\r\n\r\n
2026-04-29 21:39:18  INFO: [T902f2f1f: osmand < 127.0.0.1] {"location":{"timestamp":"2026-04-30T02:39:13.662Z","coords":{"latitude":6.2268087,"longitude":-75.6002229,"accuracy":5.7,"speed":1.14,"heading":120.79,"altitude":1547.6},"is_moving":true,"odometer":13084.7,"battery":{"level":0.34,"is_charging":false},"activity":{"type":"walking"},"extras":{},"_":"&id=34383945&lat=6.2268087&lon=-75.6002229&timestamp=2026-04-30T02:39:13.662Z&"},"device_id":"34383945"}
2026-04-29 21:39:18  INFO: [T902f2f1f: osmand > 127.0.0.1] HTTP/1.1 200 OK\r\ncontent-length: 0\r\n\r\n
2026-04-29 21:39:18  INFO: [T902f2f1f: osmand < 127.0.0.1] POST /client-proxy/ HTTP/1.1\r\nUser-Agent: okhttp/4.12.0\r\nAccept-Encoding: gzip\r\nContent-Type: application/json; charset=utf-8\r\nX-Forwarded-For: 2803:1800:4008:52c8:b8d6:5aff:fe04:8051\r\nX-Forwarded-Host: arrive-legible-reexamine.ngrok-free.dev\r\nX-Forwarded-Proto: https\r\nVia: 1.1 DESKTOP-MAR70HE\r\nForwarded: by="[0:0:0:0:0:0:0:1]";for="[0:0:0:0:0:0:0:1]";host="arrive-legible-reexamine.ngrok-free.dev";proto=http\r\nHost: localhost:5055\r\nContent-Length: 405\r\n\r\n
2026-04-29 21:39:18  INFO: [T902f2f1f: osmand < 127.0.0.1] {"location":{"timestamp":"2026-04-30T02:39:18.128Z","coords":{"latitude":6.2267743,"longitude":-75.6002106,"accuracy":4.72,"speed":1.15,"heading":182.54,"altitude":1547.7},"is_moving":true,"odometer":13089.89,"battery":{"level":0.34,"is_charging":false},"activity":{"type":"walking"},"extras":{},"_":"&id=34383945&lat=6.2267743&lon=-75.6002106&timestamp=2026-04-30T02:39:18.128Z&"},"device_id":"34383945"}
2026-04-29 21:39:18  INFO: [T902f2f1f: osmand > 127.0.0.1] HTTP/1.1 200 OK\r\ncontent-length: 0\r\n\r\n
2026-04-29 21:39:21  INFO: [T902f2f1f] id: 34383945, time: 2026-04-29 21:39:13, lat: 6.22681, lon: -75.60022, speed: 2.2, course: 120.8
2026-04-29 21:39:21  INFO: [T902f2f1f] id: 34383945, time: 2026-04-29 21:39:18, lat: 6.22677, lon: -75.60021, speed: 2.2, course: 182.5
2026-04-29 21:39:23  INFO: [T902f2f1f: osmand < 127.0.0.1] POST /client-proxy/ HTTP/1.1\r\nUser-Agent: okhttp/4.12.0\r\nAccept-Encoding: gzip\r\nContent-Type: application/json; charset=utf-8\r\nX-Forwarded-For: 2803:1800:4008:52c8:b8d6:5aff:fe04:8051\r\nX-Forwarded-Host: arrive-legible-reexamine.ngrok-free.dev\r\nX-Forwarded-Proto: https\r\nVia: 1.1 DESKTOP-MAR70HE\r\nForwarded: by="[0:0:0:0:0:0:0:1]";for="[0:0:0:0:0:0:0:1]";host="arrive-legible-reexamine.ngrok-free.dev";proto=http\r\nHost: localhost:5055\r\nContent-Length: 402\r\n\r\n
2026-04-29 21:39:23  INFO: [T902f2f1f: osmand < 127.0.0.1] {"location":{"timestamp":"2026-04-30T02:39:23.274Z","coords":{"latitude":6.2267695,"longitude":-75.600178,"accuracy":4.69,"speed":1.56,"heading":59.08,"altitude":1547.5},"is_moving":true,"odometer":13098.69,"battery":{"level":0.34,"is_charging":false},"activity":{"type":"walking"},"extras":{},"_":"&id=34383945&lat=6.2267695&lon=-75.600178&timestamp=2026-04-30T02:39:23.274Z&"},"device_id":"34383945"}
2026-04-29 21:39:23  INFO: [T902f2f1f: osmand > 127.0.0.1] HTTP/1.1 200 OK\r\ncontent-length: 0\r\n\r\n
2026-04-29 21:39:26  INFO: [T902f2f1f] id: 34383945, time: 2026-04-29 21:39:23, lat: 6.22677, lon: -75.60018, speed: 3.0, course: 59.1
2026-04-29 21:39:28  INFO: [T902f2f1f: osmand < 127.0.0.1] POST /client-proxy/ HTTP/1.1\r\nUser-Agent: okhttp/4.12.0\r\nAccept-Encoding: gzip\r\nContent-Type: application/json; charset=utf-8\r\nX-Forwarded-For: 2803:1800:4008:52c8:b8d6:5aff:fe04:8051\r\nX-Forwarded-Host: arrive-legible-reexamine.ngrok-free.dev\r\nX-Forwarded-Proto: https\r\nVia: 1.1 DESKTOP-MAR70HE\r\nForwarded: by="[0:0:0:0:0:0:0:1]";for="[0:0:0:0:0:0:0:1]";host="arrive-legible-reexamine.ngrok-free.dev";proto=http\r\nHost: localhost:5055\r\nContent-Length: 404\r\n\r\n
2026-04-29 21:39:28  INFO: [T902f2f1f: osmand < 127.0.0.1] {"location":{"timestamp":"2026-04-30T02:39:23.768Z","coords":{"latitude":6.2267723,"longitude":-75.6001701,"accuracy":4.69,"speed":1.34,"heading":62.61,"altitude":1547.5},"is_moving":true,"odometer":13099.62,"battery":{"level":0.34,"is_charging":false},"activity":{"type":"walking"},"extras":{},"_":"&id=34383945&lat=6.2267723&lon=-75.6001701&timestamp=2026-04-30T02:39:23.768Z&"},"device_id":"34383945"}
2026-04-29 21:39:28  INFO: [T902f2f1f: osmand > 127.0.0.1] HTTP/1.1 200 OK\r\ncontent-length: 0\r\n\r\n
2026-04-29 21:39:29  INFO: [T902f2f1f: osmand < 127.0.0.1] POST /client-proxy/ HTTP/1.1\r\nUser-Agent: okhttp/4.12.0\r\nAccept-Encoding: gzip\r\nContent-Type: application/json; charset=utf-8\r\nX-Forwarded-For: 2803:1800:4008:52c8:b8d6:5aff:fe04:8051\r\nX-Forwarded-Host: arrive-legible-reexamine.ngrok-free.dev\r\nX-Forwarded-Proto: https\r\nVia: 1.1 DESKTOP-MAR70HE\r\nForwarded: by="[0:0:0:0:0:0:0:1]";for="[0:0:0:0:0:0:0:1]";host="arrive-legible-reexamine.ngrok-free.dev";proto=http\r\nHost: localhost:5055\r\nContent-Length: 404\r\n\r\n
2026-04-29 21:39:29  INFO: [T902f2f1f: osmand < 127.0.0.1] {"location":{"timestamp":"2026-04-30T02:39:26.662Z","coords":{"latitude":6.2267901,"longitude":-75.6001346,"accuracy":4.74,"speed":1.27,"heading":47.91,"altitude":1547.5},"is_moving":true,"odometer":13104.08,"battery":{"level":0.34,"is_charging":false},"activity":{"type":"walking"},"extras":{},"_":"&id=34383945&lat=6.2267901&lon=-75.6001346&timestamp=2026-04-30T02:39:26.662Z&"},"device_id":"34383945"}
2026-04-29 21:39:29  INFO: [T902f2f1f: osmand > 127.0.0.1] HTTP/1.1 200 OK\r\ncontent-length: 0\r\n\r\n
2026-04-29 21:39:29  INFO: [T902f2f1f: osmand < 127.0.0.1] POST /client-proxy/ HTTP/1.1\r\nUser-Agent: okhttp/4.12.0\r\nAccept-Encoding: gzip\r\nContent-Type: application/json; charset=utf-8\r\nX-Forwarded-For: 2803:1800:4008:52c8:b8d6:5aff:fe04:8051\r\nX-Forwarded-Host: arrive-legible-reexamine.ngrok-free.dev\r\nX-Forwarded-Proto: https\r\nVia: 1.1 DESKTOP-MAR70HE\r\nForwarded: by="[0:0:0:0:0:0:0:1]";for="[0:0:0:0:0:0:0:1]";host="arrive-legible-reexamine.ngrok-free.dev";proto=http\r\nHost: localhost:5055\r\nContent-Length: 403\r\n\r\n
2026-04-29 21:39:29  INFO: [T902f2f1f: osmand < 127.0.0.1] {"location":{"timestamp":"2026-04-30T02:39:27.630Z","coords":{"latitude":6.2267985,"longitude":-75.6001246,"accuracy":4.93,"speed":1.26,"heading":42.4,"altitude":1547.5},"is_moving":true,"odometer":13105.52,"battery":{"level":0.34,"is_charging":false},"activity":{"type":"walking"},"extras":{},"_":"&id=34383945&lat=6.2267985&lon=-75.6001246&timestamp=2026-04-30T02:39:27.630Z&"},"device_id":"34383945"}
2026-04-29 21:39:29  INFO: [T902f2f1f: osmand > 127.0.0.1] HTTP/1.1 200 OK\r\ncontent-length: 0\r\n\r\n
2026-04-29 21:39:29  INFO: [T902f2f1f: osmand < 127.0.0.1] POST /client-proxy/ HTTP/1.1\r\nUser-Agent: okhttp/4.12.0\r\nAccept-Encoding: gzip\r\nContent-Type: application/json; charset=utf-8\r\nX-Forwarded-For: 2803:1800:4008:52c8:b8d6:5aff:fe04:8051\r\nX-Forwarded-Host: arrive-legible-reexamine.ngrok-free.dev\r\nX-Forwarded-Proto: https\r\nVia: 1.1 DESKTOP-MAR70HE\r\nForwarded: by="[0:0:0:0:0:0:0:1]";for="[0:0:0:0:0:0:0:1]";host="arrive-legible-reexamine.ngrok-free.dev";proto=http\r\nHost: localhost:5055\r\nContent-Length: 404\r\n\r\n
2026-04-29 21:39:29  INFO: [T902f2f1f: osmand < 127.0.0.1] {"location":{"timestamp":"2026-04-30T02:39:28.662Z","coords":{"latitude":6.2268123,"longitude":-75.6001149,"accuracy":5.01,"speed":1.31,"heading":20.95,"altitude":1547.5},"is_moving":true,"odometer":13107.39,"battery":{"level":0.34,"is_charging":false},"activity":{"type":"walking"},"extras":{},"_":"&id=34383945&lat=6.2268123&lon=-75.6001149&timestamp=2026-04-30T02:39:28.662Z&"},"device_id":"34383945"}
2026-04-29 21:39:29  INFO: [T902f2f1f: osmand > 127.0.0.1] HTTP/1.1 200 OK\r\ncontent-length: 0\r\n\r\n
2026-04-29 21:39:32  INFO: [T902f2f1f] id: 34383945, time: 2026-04-29 21:39:23, lat: 6.22677, lon: -75.60017, speed: 2.6, course: 62.6
2026-04-29 21:39:32  INFO: [T902f2f1f] id: 34383945, time: 2026-04-29 21:39:26, lat: 6.22679, lon: -75.60013, speed: 2.5, course: 47.9
2026-04-29 21:39:32  INFO: [T902f2f1f] id: 34383945, time: 2026-04-29 21:39:27, lat: 6.22680, lon: -75.60012, speed: 2.4, course: 42.4
2026-04-29 21:39:32  INFO: [T902f2f1f] id: 34383945, time: 2026-04-29 21:39:28, lat: 6.22681, lon: -75.60011, speed: 2.5, course: 21.0
2026-04-29 21:39:33  INFO: [T902f2f1f: osmand < 127.0.0.1] POST /client-proxy/ HTTP/1.1\r\nUser-Agent: okhttp/4.12.0\r\nAccept-Encoding: gzip\r\nContent-Type: application/json; charset=utf-8\r\nX-Forwarded-For: 2803:1800:4008:52c8:b8d6:5aff:fe04:8051\r\nX-Forwarded-Host: arrive-legible-reexamine.ngrok-free.dev\r\nX-Forwarded-Proto: https\r\nVia: 1.1 DESKTOP-MAR70HE\r\nForwarded: by="[0:0:0:0:0:0:0:1]";for="[0:0:0:0:0:0:0:1]";host="arrive-legible-reexamine.ngrok-free.dev";proto=http\r\nHost: localhost:5055\r\nContent-Length: 404\r\n\r\n
2026-04-29 21:39:33  INFO: [T902f2f1f: osmand < 127.0.0.1] {"location":{"timestamp":"2026-04-30T02:39:31.485Z","coords":{"latitude":6.2268582,"longitude":-75.6001013,"accuracy":5.28,"speed":1.27,"heading":31.98,"altitude":1547.8},"is_moving":true,"odometer":13113.08,"battery":{"level":0.34,"is_charging":false},"activity":{"type":"walking"},"extras":{},"_":"&id=34383945&lat=6.2268582&lon=-75.6001013&timestamp=2026-04-30T02:39:31.485Z&"},"device_id":"34383945"}
2026-04-29 21:39:33  INFO: [T902f2f1f: osmand > 127.0.0.1] HTTP/1.1 200 OK\r\ncontent-length: 0\r\n\r\n
2026-04-29 21:39:34  INFO: [T902f2f1f: osmand < 127.0.0.1] POST /client-proxy/ HTTP/1.1\r\nUser-Agent: okhttp/4.12.0\r\nAccept-Encoding: gzip\r\nContent-Type: application/json; charset=utf-8\r\nX-Forwarded-For: 2803:1800:4008:52c8:b8d6:5aff:fe04:8051\r\nX-Forwarded-Host: arrive-legible-reexamine.ngrok-free.dev\r\nX-Forwarded-Proto: https\r\nVia: 1.1 DESKTOP-MAR70HE\r\nForwarded: by="[0:0:0:0:0:0:0:1]";for="[0:0:0:0:0:0:0:1]";host="arrive-legible-reexamine.ngrok-free.dev";proto=http\r\nHost: localhost:5055\r\nContent-Length: 404\r\n\r\n
2026-04-29 21:39:34  INFO: [T902f2f1f: osmand < 127.0.0.1] {"location":{"timestamp":"2026-04-30T02:39:33.685Z","coords":{"latitude":6.2268816,"longitude":-75.6000805,"accuracy":5.26,"speed":1.27,"heading":34.41,"altitude":1547.8},"is_moving":true,"odometer":13116.55,"battery":{"level":0.34,"is_charging":false},"activity":{"type":"walking"},"extras":{},"_":"&id=34383945&lat=6.2268816&lon=-75.6000805&timestamp=2026-04-30T02:39:33.685Z&"},"device_id":"34383945"}
2026-04-29 21:39:34  INFO: [T902f2f1f: osmand > 127.0.0.1] HTTP/1.1 200 OK\r\ncontent-length: 0\r\n\r\n
2026-04-29 21:39:37  INFO: [T902f2f1f] id: 34383945, time: 2026-04-29 21:39:31, lat: 6.22686, lon: -75.60010, speed: 2.5, course: 32.0
2026-04-29 21:39:37  INFO: [T902f2f1f] id: 34383945, time: 2026-04-29 21:39:33, lat: 6.22688, lon: -75.60008, speed: 2.5, course: 34.4
2026-04-29 21:39:38  INFO: [T902f2f1f: osmand < 127.0.0.1] POST /client-proxy/ HTTP/1.1\r\nUser-Agent: okhttp/4.12.0\r\nAccept-Encoding: gzip\r\nContent-Type: application/json; charset=utf-8\r\nX-Forwarded-For: 2803:1800:4008:52c8:b8d6:5aff:fe04:8051\r\nX-Forwarded-Host: arrive-legible-reexamine.ngrok-free.dev\r\nX-Forwarded-Proto: https\r\nVia: 1.1 DESKTOP-MAR70HE\r\nForwarded: by="[0:0:0:0:0:0:0:1]";for="[0:0:0:0:0:0:0:1]";host="arrive-legible-reexamine.ngrok-free.dev";proto=http\r\nHost: localhost:5055\r\nContent-Lengt
2026-04-29 21:39:38  INFO: [T902f2f1f: osmand < 127.0.0.1] h: 402\r\n\r\n{"location":{"timestamp":"2026-04-30T02:39:36.662Z","coords":{"latitude":6.2269264,"longitude":-75.6000486,"accuracy":5.14,"speed":1.24,"heading":8.94,"altitude":1547.1},"is_moving":true,"odometer":13123.1,"battery":{"level":0.34,"is_charging":false},"activity":{"type":"walking"},"extras":{},"_":"&id=34383945&lat=6.2269264&lon=-75.6000486&timestamp=2026-04-30T02:39:36.662Z&"},"device_id":"34383945"}
2026-04-29 21:39:38  INFO: [T902f2f1f: osmand > 127.0.0.1] HTTP/1.1 200 OK\r\ncontent-length: 0\r\n\r\n
2026-04-29 21:39:39  INFO: [T902f2f1f: osmand < 127.0.0.1] POST /client-proxy/ HTTP/1.1\r\nUser-Agent: okhttp/4.12.0\r\nAccept-Encoding: gzip\r\nContent-Type: application/json; charset=utf-8\r\nX-Forwarded-For: 2803:1800:4008:52c8:b8d6:5aff:fe04:8051\r\nX-Forwarded-Host: arrive-legible-reexamine.ngrok-free.dev\r\nX-Forwarded-Proto: https\r\nVia: 1.1 DESKTOP-MAR70HE\r\nForwarded: by="[0:0:0:0:0:0:0:1]";for="[0:0:0:0:0:0:0:1]";host="arrive-legible-reexamine.ngrok-free.dev";proto=http\r\nHost: localhost:5055\r\nContent-Length: 404\r\n\r\n
2026-04-29 21:39:39  INFO: [T902f2f1f: osmand < 127.0.0.1] {"location":{"timestamp":"2026-04-30T02:39:38.749Z","coords":{"latitude":6.2269504,"longitude":-75.6000412,"accuracy":4.91,"speed":1.24,"heading":45.41,"altitude":1547.1},"is_moving":true,"odometer":13126.05,"battery":{"level":0.33,"is_charging":false},"activity":{"type":"walking"},"extras":{},"_":"&id=34383945&lat=6.2269504&lon=-75.6000412&timestamp=2026-04-30T02:39:38.749Z&"},"device_id":"34383945"}
2026-04-29 21:39:39  INFO: [T902f2f1f: osmand > 127.0.0.1] HTTP/1.1 200 OK\r\ncontent-length: 0\r\n\r\n
2026-04-29 21:39:39  INFO: [T902f2f1f: osmand < 127.0.0.1] POST /client-proxy/ HTTP/1.1\r\nUser-Agent: okhttp/4.12.0\r\nAccept-Encoding: gzip\r\nContent-Type: application/json; charset=utf-8\r\nX-Forwarded-For: 2803:1800:4008:52c8:b8d6:5aff:fe04:8051\r\nX-Forwarded-Host: arrive-legible-reexamine.ngrok-free.dev\r\nX-Forwarded-Proto: https\r\nVia: 1.1 DESKTOP-MAR70HE\r\nForwarded: by="[0:0:0:0:0:0:0:1]";for="[0:0:0:0:0:0:0:1]";host="arrive-legible-reexamine.ngrok-free.dev";proto=http\r\nHost: localhost:5055\r\nContent-Length: 403\r\n\r\n
2026-04-29 21:39:39  INFO: [T902f2f1f: osmand < 127.0.0.1] {"location":{"timestamp":"2026-04-30T02:39:39.195Z","coords":{"latitude":6.2269539,"longitude":-75.6000368,"accuracy":4.9,"speed":1.24,"heading":51.97,"altitude":1547.1},"is_moving":true,"odometer":13126.67,"battery":{"level":0.33,"is_charging":false},"activity":{"type":"walking"},"extras":{},"_":"&id=34383945&lat=6.2269539&lon=-75.6000368&timestamp=2026-04-30T02:39:39.195Z&"},"device_id":"34383945"}
2026-04-29 21:39:39  INFO: [T902f2f1f: osmand > 127.0.0.1] HTTP/1.1 200 OK\r\ncontent-length: 0\r\n\r\n
2026-04-29 21:39:41  INFO: [T902f2f1f] id: 34383945, time: 2026-04-29 21:39:36, lat: 6.22693, lon: -75.60005, speed: 2.4, course: 8.9
2026-04-29 21:39:42  INFO: [T902f2f1f] id: 34383945, time: 2026-04-29 21:39:38, lat: 6.22695, lon: -75.60004, speed: 2.4, course: 45.4
2026-04-29 21:39:42  INFO: [T902f2f1f] id: 34383945, time: 2026-04-29 21:39:39, lat: 6.22695, lon: -75.60004, speed: 2.4, course: 52.0
2026-04-29 21:39:43  INFO: [T902f2f1f: osmand < 127.0.0.1] POST /client-proxy/ HTTP/1.1\r\nUser-Agent: okhttp/4.12.0\r\nAccept-Encoding: gzip\r\nContent-Type: application/json; charset=utf-8\r\nX-Forwarded-For: 2803:1800:4008:52c8:b8d6:5aff:fe04:8051\r\nX-Forwarded-Host: arrive-legible-reexamine.ngrok-free.dev\r\nX-Forwarded-Proto: https\r\nVia: 1.1 DESKTOP-MAR70HE\r\nForwarded: by="[0:0:0:0:0:0:0:1]";for="[0:0:0:0:0:0:0:1]";host="arrive-legible-reexamine.ngrok-free.dev";proto=http\r\nHost: localhost:5055\r\nContent-Length: 404\r\n\r\n
2026-04-29 21:39:43  INFO: [T902f2f1f: osmand < 127.0.0.1] {"location":{"timestamp":"2026-04-30T02:39:43.808Z","coords":{"latitude":6.2270035,"longitude":-75.5999972,"accuracy":4.88,"speed":1.11,"heading":32.18,"altitude":1547.1},"is_moving":true,"odometer":13134.14,"battery":{"level":0.33,"is_charging":false},"activity":{"type":"walking"},"extras":{},"_":"&id=34383945&lat=6.2270035&lon=-75.5999972&timestamp=2026-04-30T02:39:43.808Z&"},"device_id":"34383945"}
2026-04-29 21:39:43  INFO: [T902f2f1f: osmand > 127.0.0.1] HTTP/1.1 200 OK\r\ncontent-length: 0\r\n\r\n
2026-04-29 21:39:47  INFO: [T902f2f1f] id: 34383945, time: 2026-04-29 21:39:43, lat: 6.22700, lon: -75.60000, speed: 2.2, course: 32.2
2026-04-29 21:39:49  INFO: [T902f2f1f: osmand < 127.0.0.1] POST /client-proxy/ HTTP/1.1\r\nUser-Agent: okhttp/4.12.0\r\nAccept-Encoding: gzip\r\nContent-Type: application/json; charset=utf-8\r\nX-Forwarded-For: 2803:1800:4008:52c8:b8d6:5aff:fe04:8051\r\nX-Forwarded-Host: arrive-legible-reexamine.ngrok-free.dev\r\nX-Forwarded-Proto: https\r\nVia: 1.1 DESKTOP-MAR70HE\r\nForwarded: by="[0:0:0:0:0:0:0:1]";for="[0:0:0:0:0:0:0:1]";host="arrive-legible-reexamine.ngrok-free.dev";proto=http\r\nHost: localhost:5055\r\nContent-Length: 403\r\n\r\n
2026-04-29 21:39:49  INFO: [T902f2f1f: osmand < 127.0.0.1] {"location":{"timestamp":"2026-04-30T02:39:44.947Z","coords":{"latitude":6.2270155,"longitude":-75.5999916,"accuracy":4.86,"speed":1.15,"heading":25.39,"altitude":1547.1},"is_moving":true,"odometer":13135.6,"battery":{"level":0.33,"is_charging":false},"activity":{"type":"walking"},"extras":{},"_":"&id=34383945&lat=6.2270155&lon=-75.5999916&timestamp=2026-04-30T02:39:44.947Z&"},"device_id":"34383945"}
2026-04-29 21:39:49  INFO: [T902f2f1f: osmand > 127.0.0.1] HTTP/1.1 200 OK\r\ncontent-length: 0\r\n\r\n
2026-04-29 21:39:49  INFO: [T902f2f1f: osmand < 127.0.0.1] POST /client-proxy/ HTTP/1.1\r\nUser-Agent: okhttp/4.12.0\r\nAccept-Encoding: gzip\r\nContent-Type: application/json; charset=utf-8\r\nX-Forwarded-For: 2803:1800:4008:52c8:b8d6:5aff:fe04:8051\r\nX-Forwarded-Host: arrive-legible-reexamine.ngrok-free.dev\r\nX-Forwarded-Proto: https\r\nVia: 1.1 DESKTOP-MAR70HE\r\nForwarded: by="[0:0:0:0:0:0:0:1]";for="[0:0:0:0:0:0:0:1]";host="arrive-legible-reexamine.ngrok-free.dev";proto=http\r\nHost: localhost:5055\r\nContent-Length: 400\r\n\r\n
2026-04-29 21:39:49  INFO: [T902f2f1f: osmand < 127.0.0.1] {"location":{"timestamp":"2026-04-30T02:39:48.945Z","coords":{"latitude":6.22705,"longitude":-75.5999539,"accuracy":4.94,"speed":1.17,"heading":44.11,"altitude":1547.1},"is_moving":true,"odometer":13141.32,"battery":{"level":0.33,"is_charging":false},"activity":{"type":"walking"},"extras":{},"_":"&id=34383945&lat=6.22705&lon=-75.5999539&timestamp=2026-04-30T02:39:48.945Z&"},"device_id":"34383945"}
2026-04-29 21:39:49  INFO: [T902f2f1f: osmand > 127.0.0.1] HTTP/1.1 200 OK\r\ncontent-length: 0\r\n\r\n
2026-04-29 21:39:52  INFO: [T902f2f1f] id: 34383945, time: 2026-04-29 21:39:44, lat: 6.22702, lon: -75.59999, speed: 2.2, course: 25.4
2026-04-29 21:39:52  INFO: [T902f2f1f] id: 34383945, time: 2026-04-29 21:39:48, lat: 6.22705, lon: -75.59995, speed: 2.3, course: 44.1
2026-04-29 21:39:54  INFO: [T902f2f1f: osmand < 127.0.0.1] POST /client-proxy/ HTTP/1.1\r\nUser-Agent: okhttp/4.12.0\r\nAccept-Encoding: gzip\r\nContent-Type: application/json; charset=utf-8\r\nX-Forwarded-For: 2803:1800:4008:52c8:b8d6:5aff:fe04:8051\r\nX-Forwarded-Host: arrive-legible-reexamine.ngrok-free.dev\r\nX-Forwarded-Proto: https\r\nVia: 1.1 DESKTOP-MAR70HE\r\nForwarded: by="[0:0:0:0:0:0:0:1]";for="[0:0:0:0:0:0:0:1]";host="arrive-legible-reexamine.ngrok-free.dev";proto=http\r\nHost: localhost:5055\r\nContent-Length: 404\r\n\r\n
2026-04-29 21:39:54  INFO: [T902f2f1f: osmand < 127.0.0.1] {"location":{"timestamp":"2026-04-30T02:39:54.408Z","coords":{"latitude":6.2271234,"longitude":-75.5999291,"accuracy":5.12,"speed":1.24,"heading":36.08,"altitude":1546.8},"is_moving":true,"odometer":13150.17,"battery":{"level":0.33,"is_charging":false},"activity":{"type":"walking"},"extras":{},"_":"&id=34383945&lat=6.2271234&lon=-75.5999291&timestamp=2026-04-30T02:39:54.408Z&"},"device_id":"34383945"}
2026-04-29 21:39:54  INFO: [T902f2f1f: osmand > 127.0.0.1] HTTP/1.1 200 OK\r\ncontent-length: 0\r\n\r\n
2026-04-29 21:39:57  INFO: [T902f2f1f] id: 34383945, time: 2026-04-29 21:39:54, lat: 6.22712, lon: -75.59993, speed: 2.4, course: 36.1
2026-04-29 21:39:59  INFO: [T902f2f1f: osmand < 127.0.0.1] POST /client-proxy/ HTTP/1.1\r\nUser-Agent: okhttp/4.12.0\r\nAccept-Encoding: gzip\r\nContent-Type: application/json; charset=utf-8\r\nX-Forwarded-For: 2803:1800:4008:52c8:b8d6:5aff:fe04:8051\r\nX-Forwarded-Host: arrive-legible-reexamine.ngrok-free.dev\r\nX-Forwarded-Proto: https\r\nVia: 1.1 DESKTOP-MAR70HE\r\nForwarded: by="[0:0:0:0:0:0:0:1]";for="[0:0:0:0:0:0:0:1]";host="arrive-legible-reexamine.ngrok-free.dev";proto=http\r\nHost: localhost:5055\r\nContent-Length: 403\r\n\r\n
2026-04-29 21:39:59  INFO: [T902f2f1f: osmand < 127.0.0.1] {"location":{"timestamp":"2026-04-30T02:39:55.051Z","coords":{"latitude":6.2271289,"longitude":-75.5999216,"accuracy":5.17,"speed":1.25,"heading":49.65,"altitude":1546.8},"is_moving":true,"odometer":13151.2,"battery":{"level":0.33,"is_charging":false},"activity":{"type":"walking"},"extras":{},"_":"&id=34383945&lat=6.2271289&lon=-75.5999216&timestamp=2026-04-30T02:39:55.051Z&"},"device_id":"34383945"}
2026-04-29 21:39:59  INFO: [T902f2f1f: osmand > 127.0.0.1] HTTP/1.1 200 OK\r\ncontent-length: 0\r\n\r\n
2026-04-29 21:39:59  INFO: [T902f2f1f: osmand < 127.0.0.1] POST /client-proxy/ HTTP/1.1\r\nUser-Agent: okhttp/4.12.0\r\nAccept-Encoding: gzip\r\nContent-Type: application/json; charset=utf-8\r\nX-Forwarded-For: 2803:1800:4008:52c8:b8d6:5aff:fe04:8051\r\nX-Forwarded-Host: arrive-legible-reexamine.ngrok-free.dev\r\nX-Forwarded-Proto: https\r\nVia: 1.1 DESKTOP-MAR70HE\r\nForwarded: by="[0:0:0:0:0:0:0:1]";for="[0:0:0:0:0:0:0:1]";host="arrive-legible-reexamine.ngrok-free.dev";proto=http\r\nHost: localhost:5055\r\nContent-Length: 401\r\n\r\n
2026-04-29 21:39:59  INFO: [T902f2f1f: osmand < 127.0.0.1] {"location":{"timestamp":"2026-04-30T02:39:59.586Z","coords":{"latitude":6.227166,"longitude":-75.5998704,"accuracy":5.22,"speed":1.15,"heading":71.2,"altitude":1546.6},"is_moving":true,"odometer":13158.31,"battery":{"level":0.33,"is_charging":false},"activity":{"type":"walking"},"extras":{},"_":"&id=34383945&lat=6.227166&lon=-75.5998704&timestamp=2026-04-30T02:39:59.586Z&"},"device_id":"34383945"}
2026-04-29 21:39:59  INFO: [T902f2f1f: osmand > 127.0.0.1] HTTP/1.1 200 OK\r\ncontent-length: 0\r\n\r\n
2026-04-29 21:40:02  INFO: [T902f2f1f] id: 34383945, time: 2026-04-29 21:39:55, lat: 6.22713, lon: -75.59992, speed: 2.4, course: 49.7
2026-04-29 21:40:03  INFO: [T902f2f1f] id: 34383945, time: 2026-04-29 21:39:59, lat: 6.22717, lon: -75.59987, speed: 2.2, course: 71.2
2026-04-29 21:40:04  INFO: [T902f2f1f: osmand < 127.0.0.1] POST /client-proxy/ HTTP/1.1\r\nUser-Agent: okhttp/4.12.0\r\nAccept-Encoding: gzip\r\nContent-Type: application/json; charset=utf-8\r\nX-Forwarded-For: 2803:1800:4008:52c8:b8d6:5aff:fe04:8051\r\nX-Forwarded-Host: arrive-legible-reexamine.ngrok-free.dev\r\nX-Forwarded-Proto: https\r\nVia: 1.1 DESKTOP-MAR70HE\r\nForwarded: by="[0:0:0:0:0:0:0:1]";for="[0:0:0:0:0:0:0:1]";host="arrive-legible-reexamine.ngrok-free.dev";proto=http\r\nHost: localhost:5055\r\nContent-Length: 404\r\n\r\n{"loca
2026-04-29 21:40:04  INFO: [T902f2f1f: osmand < 127.0.0.1] tion":{"timestamp":"2026-04-30T02:40:04.662Z","coords":{"latitude":6.2272197,"longitude":-75.5998247,"accuracy":4.82,"speed":1.26,"heading":39.54,"altitude":1546.5},"is_moving":true,"odometer":13166.54,"battery":{"level":0.33,"is_charging":false},"activity":{"type":"walking"},"extras":{},"_":"&id=34383945&lat=6.2272197&lon=-75.5998247&timestamp=2026-04-30T02:40:04.662Z&"},"device_id":"34383945"}
2026-04-29 21:40:04  INFO: [T902f2f1f: osmand > 127.0.0.1] HTTP/1.1 200 OK\r\ncontent-length: 0\r\n\r\n
2026-04-29 21:40:08  INFO: [T902f2f1f] id: 34383945, time: 2026-04-29 21:40:04, lat: 6.22722, lon: -75.59982, speed: 2.4, course: 39.5
2026-04-29 21:40:09  INFO: [T902f2f1f: osmand < 127.0.0.1] POST /client-proxy/ HTTP/1.1\r\nUser-Agent: okhttp/4.12.0\r\nAccept-Encoding: gzip\r\nContent-Type: application/json; charset=utf-8\r\nX-Forwarded-For: 2803:1800:4008:52c8:b8d6:5aff:fe04:8051\r\nX-Forwarded-Host: arrive-legible-reexamine.ngrok-free.dev\r\nX-Forwarded-Proto: https\r\nVia: 1.1 DESKTOP-MAR70HE\r\nForwarded: by="[0:0:0:0:0:0:0:1]";for="[0:0:0:0:0:0:0:1]";host="arrive-legible-reexamine.ngrok-free.dev";proto=http\r\nHost: localhost:5055\r\nContent-Length: 404\r\n\r\n
2026-04-29 21:40:09  INFO: [T902f2f1f: osmand < 127.0.0.1] {"location":{"timestamp":"2026-04-30T02:40:09.662Z","coords":{"latitude":6.2272707,"longitude":-75.5997752,"accuracy":4.97,"speed":1.27,"heading":27.14,"altitude":1546.5},"is_moving":true,"odometer":13174.48,"battery":{"level":0.33,"is_charging":false},"activity":{"type":"walking"},"extras":{},"_":"&id=34383945&lat=6.2272707&lon=-75.5997752&timestamp=2026-04-30T02:40:09.662Z&"},"device_id":"34383945"}
2026-04-29 21:40:09  INFO: [T902f2f1f: osmand > 127.0.0.1] HTTP/1.1 200 OK\r\ncontent-length: 0\r\n\r\n
2026-04-29 21:40:12  INFO: [T902f2f1f] id: 34383945, time: 2026-04-29 21:40:09, lat: 6.22727, lon: -75.59978, speed: 2.5, course: 27.1
2026-04-29 21:40:14  INFO: [T902f2f1f: osmand < 127.0.0.1] POST /client-proxy/ HTTP/1.1\r\nUser-Agent: okhttp/4.12.0\r\nAccept-Encoding: gzip\r\nContent-Type: application/json; charset=utf-8\r\nX-Forwarded-For: 2803:1800:4008:52c8:b8d6:5aff:fe04:8051\r\nX-Forwarded-Host: arrive-legible-reexamine.ngrok-free.dev\r\nX-Forwarded-Proto: https\r\nVia: 1.1 DESKTOP-MAR70HE\r\nForwarded: by="[0:0:0:0:0:0:0:1]";for="[0:0:0:0:0:0:0:1]";host="arrive-legible-reexamine.ngrok-free.dev";proto=http\r\nHost: localhost:5055\r\nContent-Length: 403\r\n\r\n
2026-04-29 21:40:14  INFO: [T902f2f1f: osmand < 127.0.0.1] {"location":{"timestamp":"2026-04-30T02:40:14.662Z","coords":{"latitude":6.2273199,"longitude":-75.5997357,"accuracy":5.1,"speed":1.27,"heading":84.92,"altitude":1546.5},"is_moving":true,"odometer":13182.28,"battery":{"level":0.33,"is_charging":false},"activity":{"type":"walking"},"extras":{},"_":"&id=34383945&lat=6.2273199&lon=-75.5997357&timestamp=2026-04-30T02:40:14.662Z&"},"device_id":"34383945"}
2026-04-29 21:40:14  INFO: [T902f2f1f: osmand > 127.0.0.1] HTTP/1.1 200 OK\r\ncontent-length: 0\r\n\r\n
2026-04-29 21:40:18  INFO: [T902f2f1f] id: 34383945, time: 2026-04-29 21:40:14, lat: 6.22732, lon: -75.59974, speed: 2.5, course: 84.9
2026-04-29 21:40:19  INFO: [T902f2f1f: osmand < 127.0.0.1] POST /client-proxy/ HTTP/1.1\r\nUser-Agent: okhttp/4.12.0\r\nAccept-Encoding: gzip\r\nContent-Type: application/json; charset=utf-8\r\nX-Forwarded-For: 2803:1800:4008:52c8:b8d6:5aff:fe04:8051\r\nX-Forwarded-Host: arrive-legible-reexamine.ngrok-free.dev\r\nX-Forwarded-Proto: https\r\nVia: 1.1 DESKTOP-MAR70HE\r\nForwarded: by="[0:0:0:0:0:0:0:1]";for="[0:0:0:0:0:0:0:1]";host="arrive-legible-reexamine.ngrok-free.dev";proto=http\r\nHost: localhost:5055\r\nContent-Length: 405\r\n\r\n
2026-04-29 21:40:19  INFO: [T902f2f1f: osmand < 127.0.0.1] {"location":{"timestamp":"2026-04-30T02:40:16.663Z","coords":{"latitude":6.2272979,"longitude":-75.5997068,"accuracy":5.16,"speed":1.24,"heading":150.06,"altitude":1546.3},"is_moving":true,"odometer":13186.46,"battery":{"level":0.33,"is_charging":false},"activity":{"type":"walking"},"extras":{},"_":"&id=34383945&lat=6.2272979&lon=-75.5997068&timestamp=2026-04-30T02:40:16.663Z&"},"device_id":"34383945"}
2026-04-29 21:40:19  INFO: [T902f2f1f: osmand > 127.0.0.1] HTTP/1.1 200 OK\r\ncontent-length: 0\r\n\r\n
2026-04-29 21:40:20  INFO: [T902f2f1f: osmand < 127.0.0.1] POST /client-proxy/ HTTP/1.1\r\nUser-Agent: okhttp/4.12.0\r\nAccept-Encoding: gzip\r\nContent-Type: application/json; charset=utf-8\r\nX-Forwarded-For: 2803:1800:4008:52c8:b8d6:5aff:fe04:8051\r\nX-Forwarded-Host: arrive-legible-reexamine.ngrok-free.dev\r\nX-Forwarded-Proto: https\r\nVia: 1.1 DESKTOP-MAR70HE\r\nForwarded: by="[0:0:0:0:0:0:0:1]";for="[0:0:0:0:0:0:0:1]";host="arrive-legible-reexamine.ngrok-free.dev";proto=http\r\nHost: localhost:5055\r\nContent-Length: 405\r\n\r\n
2026-04-29 21:40:20  INFO: [T902f2f1f: osmand < 127.0.0.1] {"location":{"timestamp":"2026-04-30T02:40:19.292Z","coords":{"latitude":6.2272615,"longitude":-75.5996892,"accuracy":4.98,"speed":1.26,"heading":149.97,"altitude":1546.3},"is_moving":true,"odometer":13190.93,"battery":{"level":0.33,"is_charging":false},"activity":{"type":"walking"},"extras":{},"_":"&id=34383945&lat=6.2272615&lon=-75.5996892&timestamp=2026-04-30T02:40:19.292Z&"},"device_id":"34383945"}
2026-04-29 21:40:20  INFO: [T902f2f1f: osmand > 127.0.0.1] HTTP/1.1 200 OK\r\ncontent-length: 0\r\n\r\n
2026-04-29 21:40:20  INFO: [T902f2f1f: osmand < 127.0.0.1] POST /client-proxy/ HTTP/1.1\r\nUser-Agent: okhttp/4.12.0\r\nAccept-Encoding: gzip\r\nContent-Type: application/json; charset=utf-8\r\nX-Forwarded-For: 2803:1800:4008:52c8:b8d6:5aff:fe04:8051\r\nX-Forwarded-Host: arrive-legible-reexamine.ngrok-free.dev\r\nX-Forwarded-Proto: https\r\nVia: 1.1 DESKTOP-MAR70HE\r\nForwarded: by="[0:0:0:0:0:0:0:1]";for="[0:0:0:0:0:0:0:1]";host="arrive-legible-reexamine.ngrok-free.dev";proto=http\r\nHost: localhost:5055\r\nContent-Length: 405\r\n\r\n
2026-04-29 21:40:20  INFO: [T902f2f1f: osmand < 127.0.0.1] {"location":{"timestamp":"2026-04-30T02:40:19.662Z","coords":{"latitude":6.2272562,"longitude":-75.5996868,"accuracy":4.96,"speed":1.25,"heading":146.51,"altitude":1546.3},"is_moving":true,"odometer":13191.57,"battery":{"level":0.33,"is_charging":false},"activity":{"type":"walking"},"extras":{},"_":"&id=34383945&lat=6.2272562&lon=-75.5996868&timestamp=2026-04-30T02:40:19.662Z&"},"device_id":"34383945"}
2026-04-29 21:40:20  INFO: [T902f2f1f: osmand > 127.0.0.1] HTTP/1.1 200 OK\r\ncontent-length: 0\r\n\r\n
2026-04-29 21:40:23  INFO: [T902f2f1f] id: 34383945, time: 2026-04-29 21:40:16, lat: 6.22730, lon: -75.59971, speed: 2.4, course: 150.1
2026-04-29 21:40:23  INFO: [T902f2f1f] id: 34383945, time: 2026-04-29 21:40:19, lat: 6.22726, lon: -75.59969, speed: 2.4, course: 150.0
2026-04-29 21:40:23  INFO: [T902f2f1f] id: 34383945, time: 2026-04-29 21:40:19, lat: 6.22726, lon: -75.59969, speed: 2.4, course: 146.5
2026-04-29 21:40:24  INFO: [T902f2f1f: osmand < 127.0.0.1] POST /client-proxy/ HTTP/1.1\r\nUser-Agent: okhttp/4.12.0\r\nAccept-Encoding: gzip\r\nContent-Type: application/json; charset=utf-8\r\nX-Forwarded-For: 2803:1800:4008:52c8:b8d6:5aff:fe04:8051\r\nX-Forwarded-Host: arrive-legible-reexamine.ngrok-free.dev\r\nX-Forwarded-Proto: https\r\nVia: 1.1 DESKTOP-MAR70HE\r\nForwarded: by="[0:0:0:0:0:0:0:1]";for="[0:0:0:0:0:0:0:1]";host="arrive-legible-reexamine.ngrok-free.dev";proto=http\r\nHost: localhost:5055\r\nContent-Length: 405\r\n\r\n{"loca
2026-04-29 21:40:24  INFO: [T902f2f1f: osmand < 127.0.0.1] tion":{"timestamp":"2026-04-30T02:40:24.666Z","coords":{"latitude":6.2272186,"longitude":-75.5996287,"accuracy":5.09,"speed":1.36,"heading":113.14,"altitude":1546.1},"is_moving":true,"odometer":13199.56,"battery":{"level":0.33,"is_charging":false},"activity":{"type":"walking"},"extras":{},"_":"&id=34383945&lat=6.2272186&lon=-75.5996287&timestamp=2026-04-30T02:40:24.666Z&"},"device_id":"34383945"}
2026-04-29 21:40:24  INFO: [T902f2f1f: osmand > 127.0.0.1] HTTP/1.1 200 OK\r\ncontent-length: 0\r\n\r\n
2026-04-29 21:40:28  INFO: [T902f2f1f] id: 34383945, time: 2026-04-29 21:40:24, lat: 6.22722, lon: -75.59963, speed: 2.6, course: 113.1
2026-04-29 21:40:30  INFO: [T902f2f1f: osmand < 127.0.0.1] POST /client-proxy/ HTTP/1.1\r\nUser-Agent: okhttp/4.12.0\r\nAccept-Encoding: gzip\r\nContent-Type: application/json; charset=utf-8\r\nX-Forwarded-For: 2803:1800:4008:52c8:b8d6:5aff:fe04:8051\r\nX-Forwarded-Host: arrive-legible-reexamine.ngrok-free.dev\r\nX-Forwarded-Proto: https\r\nVia: 1.1 DESKTOP-MAR70HE\r\nForwarded: by="[0:0:0:0:0:0:0:1]";for="[0:0:0:0:0:0:0:1]";host="arrive-legible-reexamine.ngrok-free.dev";proto=http\r\nHost: localhost:5055\r\nContent-Length: 403\r\n\r\n
2026-04-29 21:40:30  INFO: [T902f2f1f: osmand < 127.0.0.1] {"location":{"timestamp":"2026-04-30T02:40:30.662Z","coords":{"latitude":6.2271553,"longitude":-75.599579,"accuracy":5.61,"speed":1.22,"heading":152.69,"altitude":1546.2},"is_moving":true,"odometer":13209.29,"battery":{"level":0.33,"is_charging":false},"activity":{"type":"walking"},"extras":{},"_":"&id=34383945&lat=6.2271553&lon=-75.599579&timestamp=2026-04-30T02:40:30.662Z&"},"device_id":"34383945"}
2026-04-29 21:40:30  INFO: [T902f2f1f: osmand > 127.0.0.1] HTTP/1.1 200 OK\r\ncontent-length: 0\r\n\r\n
2026-04-29 21:40:33  INFO: [T902f2f1f] id: 34383945, time: 2026-04-29 21:40:30, lat: 6.22716, lon: -75.59958, speed: 2.4, course: 152.7
2026-04-29 21:40:35  INFO: [T902f2f1f: osmand < 127.0.0.1] POST /client-proxy/ HTTP/1.1\r\nUser-Agent: okhttp/4.12.0\r\nAccept-Encoding: gzip\r\nContent-Type: application/json; charset=utf-8\r\nX-Forwarded-For: 2803:1800:4008:52c8:b8d6:5aff:fe04:8051\r\nX-Forwarded-Host: arrive-legible-reexamine.ngrok-free.dev\r\nX-Forwarded-Proto: https\r\nVia: 1.1 DESKTOP-MAR70HE\r\nForwarded: by="[0:0:0:0:0:0:0:1]";for="[0:0:0:0:0:0:0:1]";host="arrive-legible-reexamine.ngrok-free.dev";proto=http\r\nHost: localhost:5055\r\nContent-Length: 403\r\n\r\n
2026-04-29 21:40:35  INFO: [T902f2f1f: osmand < 127.0.0.1] {"location":{"timestamp":"2026-04-30T02:40:35.662Z","coords":{"latitude":6.2270818,"longitude":-75.599597,"accuracy":5.19,"speed":1.24,"heading":183.08,"altitude":1546.2},"is_moving":true,"odometer":13217.74,"battery":{"level":0.33,"is_charging":false},"activity":{"type":"walking"},"extras":{},"_":"&id=34383945&lat=6.2270818&lon=-75.599597&timestamp=2026-04-30T02:40:35.662Z&"},"device_id":"34383945"}
2026-04-29 21:40:35  INFO: [T902f2f1f: osmand > 127.0.0.1] HTTP/1.1 200 OK\r\ncontent-length: 0\r\n\r\n
2026-04-29 21:40:39  INFO: [T902f2f1f] id: 34383945, time: 2026-04-29 21:40:35, lat: 6.22708, lon: -75.59960, speed: 2.4, course: 183.1
2026-04-29 21:40:40  INFO: [T902f2f1f: osmand < 127.0.0.1] POST /client-proxy/ HTTP/1.1\r\nUser-Agent: okhttp/4.12.0\r\nAccept-Encoding: gzip\r\nContent-Type: application/json; charset=utf-8\r\nX-Forwarded-For: 2803:1800:4008:52c8:b8d6:5aff:fe04:8051\r\nX-Forwarded-Host: arrive-legible-reexamine.ngrok-free.dev\r\nX-Forwarded-Proto: https\r\nVia: 1.1 DESKTOP-MAR70HE\r\nForwarded: by="[0:0:0:0:0:0:0:1]";for="[0:0:0:0:0:0:0:1]";host="arrive-legible-reexamine.ngrok-free.dev";proto=http\r\nHost: localhost:5055\r\nContent-Length: 405\r\n\r\n
2026-04-29 21:40:40  INFO: [T902f2f1f: osmand < 127.0.0.1] {"location":{"timestamp":"2026-04-30T02:40:36.454Z","coords":{"latitude":6.2270701,"longitude":-75.5995984,"accuracy":5.18,"speed":1.24,"heading":180.78,"altitude":1546.2},"is_moving":true,"odometer":13219.04,"battery":{"level":0.33,"is_charging":false},"activity":{"type":"walking"},"extras":{},"_":"&id=34383945&lat=6.2270701&lon=-75.5995984&timestamp=2026-04-30T02:40:36.454Z&"},"device_id":"34383945"}
2026-04-29 21:40:40  INFO: [T902f2f1f: osmand > 127.0.0.1] HTTP/1.1 200 OK\r\ncontent-length: 0\r\n\r\n
2026-04-29 21:40:41  INFO: [T902f2f1f: osmand < 127.0.0.1] POST /client-proxy/ HTTP/1.1\r\nUser-Agent: okhttp/4.12.0\r\nAccept-Encoding: gzip\r\nContent-Type: application/json; charset=utf-8\r\nX-Forwarded-For: 2803:1800:4008:52c8:b8d6:5aff:fe04:8051\r\nX-Forwarded-Host: arrive-legible-reexamine.ngrok-free.dev\r\nX-Forwarded-Proto: https\r\nVia: 1.1 DESKTOP-MAR70HE\r\nForwarded: by="[0:0:0:0:0:0:0:1]";for="[0:0:0:0:0:0:0:1]";host="arrive-legible-reexamine.ngrok-free.dev";proto=http\r\nHost: localhost:5055\r\nContent-Length: 404\r\n\r\n
2026-04-29 21:40:41  INFO: [T902f2f1f: osmand < 127.0.0.1] {"location":{"timestamp":"2026-04-30T02:40:40.686Z","coords":{"latitude":6.2270115,"longitude":-75.5996214,"accuracy":4.93,"speed":1.2,"heading":191.64,"altitude":1546.2},"is_moving":true,"odometer":13226.11,"battery":{"level":0.33,"is_charging":false},"activity":{"type":"walking"},"extras":{},"_":"&id=34383945&lat=6.2270115&lon=-75.5996214&timestamp=2026-04-30T02:40:40.686Z&"},"device_id":"34383945"}
2026-04-29 21:40:41  INFO: [T902f2f1f: osmand > 127.0.0.1] HTTP/1.1 200 OK\r\ncontent-length: 0\r\n\r\n
2026-04-29 21:40:43  INFO: [T902f2f1f] id: 34383945, time: 2026-04-29 21:40:36, lat: 6.22707, lon: -75.59960, speed: 2.4, course: 180.8
2026-04-29 21:40:44  INFO: [T902f2f1f] id: 34383945, time: 2026-04-29 21:40:40, lat: 6.22701, lon: -75.59962, speed: 2.3, course: 191.6
2026-04-29 21:40:45  INFO: [T902f2f1f: osmand < 127.0.0.1] POST /client-proxy/ HTTP/1.1\r\nUser-Agent: okhttp/4.12.0\r\nAccept-Encoding: gzip\r\nContent-Type: application/json; charset=utf-8\r\nX-Forwarded-For: 2803:1800:4008:52c8:b8d6:5aff:fe04:8051\r\nX-Forwarded-Host: arrive-legible-reexamine.ngrok-free.dev\r\nX-Forwarded-Proto: https\r\nVia: 1.1 DESKTOP-MAR70HE\r\nForwarded: by="[0:0:0:0:0:0:0:1]";for="[0:0:0:0:0:0:0:1]";host="arrive-legible-reexamine.ngrok-free.dev";proto=http\r\nHost: localhost:5055\r\nContent-Length: 405\r\n\r\n
2026-04-29 21:40:45  INFO: [T902f2f1f: osmand < 127.0.0.1] {"location":{"timestamp":"2026-04-30T02:40:45.755Z","coords":{"latitude":6.2269448,"longitude":-75.5996231,"accuracy":5.01,"speed":1.17,"heading":197.97,"altitude":1546.3},"is_moving":true,"odometer":13233.89,"battery":{"level":0.33,"is_charging":false},"activity":{"type":"walking"},"extras":{},"_":"&id=34383945&lat=6.2269448&lon=-75.5996231&timestamp=2026-04-30T02:40:45.755Z&"},"device_id":"34383945"}
2026-04-29 21:40:45  INFO: [T902f2f1f: osmand > 127.0.0.1] HTTP/1.1 200 OK\r\ncontent-length: 0\r\n\r\n
2026-04-29 21:40:49  INFO: [T902f2f1f] id: 34383945, time: 2026-04-29 21:40:45, lat: 6.22694, lon: -75.59962, speed: 2.3, course: 198.0
2026-04-29 21:40:51  INFO: [T902f2f1f: osmand < 127.0.0.1] POST /client-proxy/ HTTP/1.1\r\nUser-Agent: okhttp/4.12.0\r\nAccept-Encoding: gzip\r\nContent-Type: application/json; charset=utf-8\r\nX-Forwarded-For: 2803:1800:4008:52c8:b8d6:5aff:fe04:8051\r\nX-Forwarded-Host: arrive-legible-reexamine.ngrok-free.dev\r\nX-Forwarded-Proto: https\r\nVia: 1.1 DESKTOP-MAR70HE\r\nForwarded: by="[0:0:0:0:0:0:0:1]";for="[0:0:0:0:0:0:0:1]";host="arrive-legible-reexamine.ngrok-free.dev";proto=http\r\nHost: localhost:5055\r\nContent-Length: 402\r\n\r\n
2026-04-29 21:40:51  INFO: [T902f2f1f: osmand < 127.0.0.1] {"location":{"timestamp":"2026-04-30T02:40:51.191Z","coords":{"latitude":6.226882,"longitude":-75.5995864,"accuracy":5.3,"speed":1.29,"heading":145.31,"altitude":1546.3},"is_moving":true,"odometer":13242.84,"battery":{"level":0.33,"is_charging":false},"activity":{"type":"walking"},"extras":{},"_":"&id=34383945&lat=6.226882&lon=-75.5995864&timestamp=2026-04-30T02:40:51.191Z&"},"device_id":"34383945"}
2026-04-29 21:40:51  INFO: [T902f2f1f: osmand > 127.0.0.1] HTTP/1.1 200 OK\r\ncontent-length: 0\r\n\r\n
2026-04-29 21:40:54  INFO: [T902f2f1f] id: 34383945, time: 2026-04-29 21:40:51, lat: 6.22688, lon: -75.59959, speed: 2.5, course: 145.3
2026-04-29 21:40:56  INFO: [T902f2f1f: osmand < 127.0.0.1] POST /client-proxy/ HTTP/1.1\r\nUser-Agent: okhttp/4.12.0\r\nAccept-Encoding: gzip\r\nContent-Type: application/json; charset=utf-8\r\nX-Forwarded-For: 2803:1800:4008:52c8:b8d6:5aff:fe04:8051\r\nX-Forwarded-Host: arrive-legible-reexamine.ngrok-free.dev\r\nX-Forwarded-Proto: https\r\nVia: 1.1 DESKTOP-MAR70HE\r\nForwarded: by="[0:0:0:0:0:0:0:1]";for="[0:0:0:0:0:0:0:1]";host="arrive-legible-reexamine.ngrok-free.dev";proto=http\r\nHost: localhost:5055\r\nContent-Lengt
2026-04-29 21:40:56  INFO: [T902f2f1f: osmand < 127.0.0.1] h: 401\r\n\r\n{"location":{"timestamp":"2026-04-30T02:40:52.924Z","coords":{"latitude":6.22687,"longitude":-75.5995681,"accuracy":5.38,"speed":1.22,"heading":125.41,"altitude":1546.3},"is_moving":true,"odometer":13245.33,"battery":{"level":0.33,"is_charging":false},"activity":{"type":"walking"},"extras":{},"_":"&id=34383945&lat=6.22687&lon=-75.5995681&timestamp=2026-04-30T02:40:52.924Z&"},"device_id":"34383945"}
2026-04-29 21:40:56  INFO: [T902f2f1f: osmand > 127.0.0.1] HTTP/1.1 200 OK\r\ncontent-length: 0\r\n\r\n
2026-04-29 21:40:57  INFO: [T902f2f1f: osmand < 127.0.0.1] POST /client-proxy/ HTTP/1.1\r\nUser-Agent: okhttp/4.12.0\r\nAccept-Encoding: gzip\r\nContent-Type: application/json; charset=utf-8\r\nX-Forwarded-For: 2803:1800:4008:52c8:b8d6:5aff:fe04:8051\r\nX-Forwarded-Host: arrive-legible-reexamine.ngrok-free.dev\r\nX-Forwarded-Proto: https\r\nVia: 1.1 DESKTOP-MAR70HE\r\nForwarded: by="[0:0:0:0:0:0:0:1]";for="[0:0:0:0:0:0:0:1]";host="arrive-legible-reexamine.ngrok-free.dev";proto=http\r\nHost: localhost:5055\r\nContent-Length: 405\r\n\r\n
2026-04-29 21:40:57  INFO: [T902f2f1f: osmand < 127.0.0.1] {"location":{"timestamp":"2026-04-30T02:40:56.490Z","coords":{"latitude":6.2268449,"longitude":-75.5995454,"accuracy":5.44,"speed":1.16,"heading":244.57,"altitude":1546.3},"is_moving":true,"odometer":13250.23,"battery":{"level":0.33,"is_charging":false},"activity":{"type":"walking"},"extras":{},"_":"&id=34383945&lat=6.2268449&lon=-75.5995454&timestamp=2026-04-30T02:40:56.490Z&"},"device_id":"34383945"}
2026-04-29 21:40:57  INFO: [T902f2f1f: osmand > 127.0.0.1] HTTP/1.1 200 OK\r\ncontent-length: 0\r\n\r\n
2026-04-29 21:40:59  INFO: [T902f2f1f] id: 34383945, time: 2026-04-29 21:40:52, lat: 6.22687, lon: -75.59957, speed: 2.4, course: 125.4
2026-04-29 21:41:00  INFO: [T902f2f1f] id: 34383945, time: 2026-04-29 21:40:56, lat: 6.22684, lon: -75.59955, speed: 2.3, course: 244.6
2026-04-29 21:41:01  INFO: [T902f2f1f: osmand < 127.0.0.1] POST /client-proxy/ HTTP/1.1\r\nUser-Agent: okhttp/4.12.0\r\nAccept-Encoding: gzip\r\nContent-Type: application/json; charset=utf-8\r\nX-Forwarded-For: 2803:1800:4008:52c8:b8d6:5aff:fe04:8051\r\nX-Forwarded-Host: arrive-legible-reexamine.ngrok-free.dev\r\nX-Forwarded-Proto: https\r\nVia: 1.1 DESKTOP-MAR70HE\r\nForwarded: by="[0:0:0:0:0:0:0:1]";for="[0:0:0:0:0:0:0:1]";host="arrive-legible-reexamine.ngrok-free.dev";proto=http\r\nHost: localhost:5055\r\nContent-Length: 405\r\n\r\n
2026-04-29 21:41:01  INFO: [T902f2f1f: osmand < 127.0.0.1] {"location":{"timestamp":"2026-04-30T02:41:01.674Z","coords":{"latitude":6.2268642,"longitude":-75.5996017,"accuracy":4.49,"speed":1.15,"heading":306.97,"altitude":1546.3},"is_moving":true,"odometer":13257.58,"battery":{"level":0.33,"is_charging":false},"activity":{"type":"walking"},"extras":{},"_":"&id=34383945&lat=6.2268642&lon=-75.5996017&timestamp=2026-04-30T02:41:01.674Z&"},"device_id":"34383945"}
2026-04-29 21:41:01  INFO: [T902f2f1f: osmand > 127.0.0.1] HTTP/1.1 200 OK\r\ncontent-length: 0\r\n\r\n
2026-04-29 21:41:04  INFO: [T902f2f1f] id: 34383945, time: 2026-04-29 21:41:01, lat: 6.22686, lon: -75.59960, speed: 2.2, course: 307.0
2026-04-29 21:41:06  INFO: [T902f2f1f: osmand < 127.0.0.1] POST /client-proxy/ HTTP/1.1\r\nUser-Agent: okhttp/4.12.0\r\nAccept-Encoding: gzip\r\nContent-Type: application/json; charset=utf-8\r\nX-Forwarded-For: 2803:1800:4008:52c8:b8d6:5aff:fe04:8051\r\nX-Forwarded-Host: arrive-legible-reexamine.ngrok-free.dev\r\nX-Forwarded-Proto: https\r\nVia: 1.1 DESKTOP-MAR70HE\r\nForwarded: by="[0:0:0:0:0:0:0:1]";for="[0:0:0:0:0:0:0:1]";host="arrive-legible-reexamine.ngrok-free.dev";proto=http\r\nHost: localhost:5055\r\nContent-Length: 405\r\n\r\n
2026-04-29 21:41:06  INFO: [T902f2f1f: osmand < 127.0.0.1] {"location":{"timestamp":"2026-04-30T02:41:03.443Z","coords":{"latitude":6.2268722,"longitude":-75.5996194,"accuracy":4.37,"speed":1.13,"heading":300.25,"altitude":1546.3},"is_moving":true,"odometer":13259.74,"battery":{"level":0.33,"is_charging":false},"activity":{"type":"walking"},"extras":{},"_":"&id=34383945&lat=6.2268722&lon=-75.5996194&timestamp=2026-04-30T02:41:03.443Z&"},"device_id":"34383945"}
2026-04-29 21:41:06  INFO: [T902f2f1f: osmand > 127.0.0.1] HTTP/1.1 200 OK\r\ncontent-length: 0\r\n\r\n
2026-04-29 21:41:07  INFO: [T902f2f1f: osmand < 127.0.0.1] POST /client-proxy/ HTTP/1.1\r\nUser-Agent: okhttp/4.12.0\r\nAccept-Encoding: gzip\r\nContent-Type: application/json; charset=utf-8\r\nX-Forwarded-For: 2803:1800:4008:52c8:b8d6:5aff:fe04:8051\r\nX-Forwarded-Host: arrive-legible-reexamine.ngrok-free.dev\r\nX-Forwarded-Proto: https\r\nVia: 1.1 DESKTOP-MAR70HE\r\nForwarded: by="[0:0:0:0:0:0:0:1]";for="[0:0:0:0:0:0:0:1]";host="arrive-legible-reexamine.ngrok-free.dev";proto=http\r\nHost: localhost:5055\r\nContent-Length: 405\r\n\r\n
2026-04-29 21:41:07  INFO: [T902f2f1f: osmand < 127.0.0.1] {"location":{"timestamp":"2026-04-30T02:41:06.680Z","coords":{"latitude":6.2268798,"longitude":-75.5996554,"accuracy":4.64,"speed":1.11,"heading":290.31,"altitude":1546.3},"is_moving":true,"odometer":13263.85,"battery":{"level":0.33,"is_charging":false},"activity":{"type":"walking"},"extras":{},"_":"&id=34383945&lat=6.2268798&lon=-75.5996554&timestamp=2026-04-30T02:41:06.680Z&"},"device_id":"34383945"}
2026-04-29 21:41:07  INFO: [T902f2f1f: osmand > 127.0.0.1] HTTP/1.1 200 OK\r\ncontent-length: 0\r\n\r\n
2026-04-29 21:41:10  INFO: [T902f2f1f] id: 34383945, time: 2026-04-29 21:41:03, lat: 6.22687, lon: -75.59962, speed: 2.2, course: 300.3
2026-04-29 21:41:10  INFO: [T902f2f1f] id: 34383945, time: 2026-04-29 21:41:06, lat: 6.22688, lon: -75.59966, speed: 2.2, course: 290.3
2026-04-29 21:41:12  INFO: [T902f2f1f: osmand < 127.0.0.1] POST /client-proxy/ HTTP/1.1\r\nUser-Agent: okhttp/4.12.0\r\nAccept-Encoding: gzip\r\nContent-Type: application/json; charset=utf-8\r\nX-Forwarded-For: 2803:1800:4008:52c8:b8d6:5aff:fe04:8051\r\nX-Forwarded-Host: arrive-legible-reexamine.ngrok-free.dev\r\nX-Forwarded-Proto: https\r\nVia: 1.1 DESKTOP-MAR70HE\r\nForwarded: by="[0:0:0:0:0:0:0:1]";for="[0:0:0:0:0:0:0:1]";host="arrive-legible-reexamine.ngrok-free.dev";proto=http\r\nHost: localhost:5055\r\nContent-Length: 404\r\n\r\n
2026-04-29 21:41:12  INFO: [T902f2f1f: osmand < 127.0.0.1] {"location":{"timestamp":"2026-04-30T02:41:11.555Z","coords":{"latitude":6.2268881,"longitude":-75.5997159,"accuracy":4.94,"speed":1.1,"heading":283.22,"altitude":1546.3},"is_moving":true,"odometer":13270.82,"battery":{"level":0.33,"is_charging":false},"activity":{"type":"walking"},"extras":{},"_":"&id=34383945&lat=6.2268881&lon=-75.5997159&timestamp=2026-04-30T02:41:11.555Z&"},"device_id":"34383945"}
2026-04-29 21:41:12  INFO: [T902f2f1f: osmand > 127.0.0.1] HTTP/1.1 200 OK\r\ncontent-length: 0\r\n\r\n
2026-04-29 21:41:12  INFO: [T902f2f1f: osmand < 127.0.0.1] POST /client-proxy/ HTTP/1.1\r\nUser-Agent: okhttp/4.12.0\r\nAccept-Encoding: gzip\r\nContent-Type: application/json; charset=utf-8\r\nX-Forwarded-For: 2803:1800:4008:52c8:b8d6:5aff:fe04:8051\r\nX-Forwarded-Host: arrive-legible-reexamine.ngrok-free.dev\r\nX-Forwarded-Proto: https\r\nVia: 1.1 DESKTOP-MAR70HE\r\nForwarded: by="[0:0:0:0:0:0:0:1]";for="[0:0:0:0:0:0:0:1]";host="arrive-legible-reexamine.ngrok-free.dev";proto=http\r\nHost: localhost:5055\r\nContent-Length: 405\r\n\r\n
2026-04-29 21:41:12  INFO: [T902f2f1f: osmand < 127.0.0.1] {"location":{"timestamp":"2026-04-30T02:41:11.990Z","coords":{"latitude":6.2268869,"longitude":-75.5997189,"accuracy":4.93,"speed":1.07,"heading":278.45,"altitude":1546.3},"is_moving":true,"odometer":13271.27,"battery":{"level":0.33,"is_charging":false},"activity":{"type":"walking"},"extras":{},"_":"&id=34383945&lat=6.2268869&lon=-75.5997189&timestamp=2026-04-30T02:41:11.990Z&"},"device_id":"34383945"}
2026-04-29 21:41:12  INFO: [T902f2f1f: osmand > 127.0.0.1] HTTP/1.1 200 OK\r\ncontent-length: 0\r\n\r\n
2026-04-29 21:41:15  INFO: [T902f2f1f] id: 34383945, time: 2026-04-29 21:41:11, lat: 6.22689, lon: -75.59972, speed: 2.1, course: 283.2
2026-04-29 21:41:15  INFO: [T902f2f1f] id: 34383945, time: 2026-04-29 21:41:11, lat: 6.22689, lon: -75.59972, speed: 2.1, course: 278.5
2026-04-29 21:41:17  INFO: [T902f2f1f: osmand < 127.0.0.1] POST /client-proxy/ HTTP/1.1\r\nUser-Agent: okhttp/4.12.0\r\nAccept-Encoding: gzip\r\nContent-Type: application/json; charset=utf-8\r\nX-Forwarded-For: 2803:1800:4008:52c8:b8d6:5aff:fe04:8051\r\nX-Forwarded-Host: arrive-legible-reexamine.ngrok-free.dev\r\nX-Forwarded-Proto: https\r\nVia: 1.1 DESKTOP-MAR70HE\r\nForwarded: by="[0:0:0:0:0:0:0:1]";for="[0:0:0:0:0:0:0:1]";host="arrive-legible-reexamine.ngrok-free.dev";proto=http\r\nHost: localhost:5055\r\nContent-Length: 405\r\n\r\n
2026-04-29 21:41:17  INFO: [T902f2f1f: osmand < 127.0.0.1] {"location":{"timestamp":"2026-04-30T02:41:15.662Z","coords":{"latitude":6.2268974,"longitude":-75.5997563,"accuracy":4.98,"speed":0.91,"heading":295.92,"altitude":1546.3},"is_moving":true,"odometer":13274.21,"battery":{"level":0.33,"is_charging":false},"activity":{"type":"walking"},"extras":{},"_":"&id=34383945&lat=6.2268974&lon=-75.5997563&timestamp=2026-04-30T02:41:15.662Z&"},"device_id":"34383945"}
2026-04-29 21:41:17  INFO: [T902f2f1f: osmand > 127.0.0.1] HTTP/1.1 200 OK\r\ncontent-length: 0\r\n\r\n
2026-04-29 21:41:18  INFO: [T902f2f1f: osmand < 127.0.0.1] POST /client-proxy/ HTTP/1.1\r\nUser-Agent: okhttp/4.12.0\r\nAccept-Encoding: gzip\r\nContent-Type: application/json; charset=utf-8\r\nX-Forwarded-For: 2803:1800:4008:52c8:b8d6:5aff:fe04:8051\r\nX-Forwarded-Host: arrive-legible-reexamine.ngrok-free.dev\r\nX-Forwarded-Proto: https\r\nVia: 1.1 DESKTOP-MAR70HE\r\nForwarded: by="[0:0:0:0:0:0:0:1]";for="[0:0:0:0:0:0:0:1]";host="arrive-legible-reexamine.ngrok-free.dev";proto=http\r\nHost: localhost:5055\r\nContent-Length: 402\r\n\r\n{"loca
2026-04-29 21:41:18  INFO: [T902f2f1f: osmand < 127.0.0.1] tion":{"timestamp":"2026-04-30T02:41:17.663Z","coords":{"latitude":6.2268976,"longitude":-75.599762,"accuracy":5.1,"speed":0.21,"heading":287.26,"altitude":1546.3},"is_moving":true,"odometer":13274.21,"battery":{"level":0.33,"is_charging":false},"activity":{"type":"walking"},"extras":{},"_":"&id=34383945&lat=6.2268976&lon=-75.599762&timestamp=2026-04-30T02:41:17.663Z&"},"device_id":"34383945"}
2026-04-29 21:41:18  INFO: [T902f2f1f: osmand > 127.0.0.1] HTTP/1.1 200 OK\r\ncontent-length: 0\r\n\r\n
2026-04-29 21:41:21  INFO: [T902f2f1f] id: 34383945, time: 2026-04-29 21:41:15, lat: 6.22690, lon: -75.59976, speed: 1.8, course: 295.9
2026-04-29 21:41:21  INFO: [T902f2f1f] id: 34383945, time: 2026-04-29 21:41:17, lat: 6.22690, lon: -75.59976, speed: 0.4, course: 287.3
2026-04-29 21:41:23  INFO: [T902f2f1f: osmand < 127.0.0.1] POST /client-proxy/ HTTP/1.1\r\nUser-Agent: okhttp/4.12.0\r\nAccept-Encoding: gzip\r\nContent-Type: application/json; charset=utf-8\r\nX-Forwarded-For: 2803:1800:4008:52c8:b8d6:5aff:fe04:8051\r\nX-Forwarded-Host: arrive-legible-reexamine.ngrok-free.dev\r\nX-Forwarded-Proto: https\r\nVia: 1.1 DESKTOP-MAR70HE\r\nForwarded: by="[0:0:0:0:0:0:0:1]";for="[0:0:0:0:0:0:0:1]";host="arrive-legible-reexamine.ngrok-free.dev";proto=http\r\nHost: localhost:5055\r\nContent-Length: 399\r\n\r\n
2026-04-29 21:41:23  INFO: [T902f2f1f: osmand < 127.0.0.1] {"location":{"timestamp":"2026-04-30T02:41:23.662Z","coords":{"latitude":6.226896,"longitude":-75.5997627,"accuracy":4.52,"speed":0,"heading":-1,"altitude":1546.3},"is_moving":true,"odometer":13274.21,"battery":{"level":0.33,"is_charging":false},"activity":{"type":"in_vehicle"},"extras":{},"_":"&id=34383945&lat=6.226896&lon=-75.5997627&timestamp=2026-04-30T02:41:23.662Z&"},"device_id":"34383945"}
2026-04-29 21:41:23  INFO: [T902f2f1f: osmand > 127.0.0.1] HTTP/1.1 200 OK\r\ncontent-length: 0\r\n\r\n
2026-04-29 21:41:26  INFO: [T902f2f1f] id: 34383945, time: 2026-04-29 21:41:23, lat: 6.22690, lon: -75.59976, course: 0.0
2026-04-29 21:41:28  INFO: [T902f2f1f: osmand < 127.0.0.1] POST /client-proxy/ HTTP/1.1\r\nUser-Agent: okhttp/4.12.0\r\nAccept-Encoding: gzip\r\nContent-Type: application/json; charset=utf-8\r\nX-Forwarded-For: 2803:1800:4008:52c8:b8d6:5aff:fe04:8051\r\nX-Forwarded-Host: arrive-legible-reexamine.ngrok-free.dev\r\nX-Forwarded-Proto: https\r\nVia: 1.1 DESKTOP-MAR70HE\r\nForwarded: by="[0:0:0:0:0:0:0:1]";for="[0:0:0:0:0:0:0:1]";host="arrive-legible-reexamine.ngrok-free.dev";proto=http\r\nHost: localhost:5055\r\nContent-Length: 401\r\n\r\n
2026-04-29 21:41:28  INFO: [T902f2f1f: osmand < 127.0.0.1] {"location":{"timestamp":"2026-04-30T02:41:28.662Z","coords":{"latitude":6.2268941,"longitude":-75.5997622,"accuracy":3.79,"speed":0,"heading":-1,"altitude":1546.3},"is_moving":true,"odometer":13274.21,"battery":{"level":0.32,"is_charging":false},"activity":{"type":"in_vehicle"},"extras":{},"_":"&id=34383945&lat=6.2268941&lon=-75.5997622&timestamp=2026-04-30T02:41:28.662Z&"},"device_id":"34383945"}
2026-04-29 21:41:28  INFO: [T902f2f1f: osmand > 127.0.0.1] HTTP/1.1 200 OK\r\ncontent-length: 0\r\n\r\n
2026-04-29 21:41:32  INFO: [T902f2f1f] id: 34383945, time: 2026-04-29 21:41:28, lat: 6.22689, lon: -75.59976, course: 0.0
2026-04-29 21:41:33  INFO: [T902f2f1f: osmand < 127.0.0.1] POST /client-proxy/ HTTP/1.1\r\nUser-Agent: okhttp/4.12.0\r\nAccept-Encoding: gzip\r\nContent-Type: application/json; charset=utf-8\r\nX-Forwarded-For: 2803:1800:4008:52c8:b8d6:5aff:fe04:8051\r\nX-Forwarded-Host: arrive-legible-reexamine.ngrok-free.dev\r\nX-Forwarded-Proto: https\r\nVia: 1.1 DESKTOP-MAR70HE\r\nForwarded: by="[0:0:0:0:0:0:0:1]";for="[0:0:0:0:0:0:0:1]";host="arrive-legible-reexamine.ngrok-free.dev";proto=http\r\nHost: localhost:5055\r\nContent-Length: 401\r\n\r\n
2026-04-29 21:41:33  INFO: [T902f2f1f: osmand < 127.0.0.1] {"location":{"timestamp":"2026-04-30T02:41:33.662Z","coords":{"latitude":6.2268953,"longitude":-75.5997608,"accuracy":3.79,"speed":0,"heading":-1,"altitude":1546.3},"is_moving":true,"odometer":13274.21,"battery":{"level":0.32,"is_charging":false},"activity":{"type":"in_vehicle"},"extras":{},"_":"&id=34383945&lat=6.2268953&lon=-75.5997608&timestamp=2026-04-30T02:41:33.662Z&"},"device_id":"34383945"}
2026-04-29 21:41:33  INFO: [T902f2f1f: osmand > 127.0.0.1] HTTP/1.1 200 OK\r\ncontent-length: 0\r\n\r\n
2026-04-29 21:41:36  INFO: [T902f2f1f] id: 34383945, time: 2026-04-29 21:41:33, lat: 6.22690, lon: -75.59976, course: 0.0
2026-04-29 21:41:38  INFO: [T902f2f1f: osmand < 127.0.0.1] POST /client-proxy/ HTTP/1.1\r\nUser-Agent: okhttp/4.12.0\r\nAccept-Encoding: gzip\r\nContent-Type: application/json; charset=utf-8\r\nX-Forwarded-For: 2803:1800:4008:52c8:b8d6:5aff:fe04:8051\r\nX-Forwarded-Host: arrive-legible-reexamine.ngrok-free.dev\r\nX-Forwarded-Proto: https\r\nVia: 1.1 DESKTOP-MAR70HE\r\nForwarded: by="[0:0:0:0:0:0:0:1]";for="[0:0:0:0:0:0:0:1]";host="arrive-legible-reexamine.ngrok-free.dev";proto=http\r\nHost: localhost:5055\r\nContent-Length: 401\r\n\r\n
2026-04-29 21:41:38  INFO: [T902f2f1f: osmand < 127.0.0.1] {"location":{"timestamp":"2026-04-30T02:41:38.662Z","coords":{"latitude":6.2268941,"longitude":-75.5997612,"accuracy":3.79,"speed":0,"heading":-1,"altitude":1546.3},"is_moving":true,"odometer":13274.21,"battery":{"level":0.32,"is_charging":false},"activity":{"type":"in_vehicle"},"extras":{},"_":"&id=34383945&lat=6.2268941&lon=-75.5997612&timestamp=2026-04-30T02:41:38.662Z&"},"device_id":"34383945"}
2026-04-29 21:41:38  INFO: [T902f2f1f: osmand > 127.0.0.1] HTTP/1.1 200 OK\r\ncontent-length: 0\r\n\r\n
2026-04-29 21:41:41  INFO: [T902f2f1f] id: 34383945, time: 2026-04-29 21:41:38, lat: 6.22689, lon: -75.59976, course: 0.0
2026-04-29 21:41:43  INFO: [T902f2f1f: osmand < 127.0.0.1] POST /client-proxy/ HTTP/1.1\r\nUser-Agent: okhttp/4.12.0\r\nAccept-Encoding: gzip\r\nContent-Type: application/json; charset=utf-8\r\nX-Forwarded-For: 2803:1800:4008:52c8:b8d6:5aff:fe04:8051\r\nX-Forwarded-Host: arrive-legible-reexamine.ngrok-free.dev\r\nX-Forwarded-Proto: https\r\nVia: 1.1 DESKTOP-MAR70HE\r\nForwarded: by="[0:0:0:0:0:0:0:1]";for="[0:0:0:0:0:0:0:1]";host="arrive-legible-reexamine.ngrok-free.dev";proto=http\r\nHost: localhost:5055\r\nContent-Length: 405\r\n\r\n
2026-04-29 21:41:43  INFO: [T902f2f1f: osmand < 127.0.0.1] {"location":{"timestamp":"2026-04-30T02:41:43.662Z","coords":{"latitude":6.2268922,"longitude":-75.5997618,"accuracy":3.79,"speed":0.19,"heading":215,"altitude":1546.3},"is_moving":true,"odometer":13274.21,"battery":{"level":0.32,"is_charging":false},"activity":{"type":"in_vehicle"},"extras":{},"_":"&id=34383945&lat=6.2268922&lon=-75.5997618&timestamp=2026-04-30T02:41:43.662Z&"},"device_id":"34383945"}
2026-04-29 21:41:43  INFO: [T902f2f1f: osmand > 127.0.0.1] HTTP/1.1 200 OK\r\ncontent-length: 0\r\n\r\n
2026-04-29 21:41:46  INFO: [T902f2f1f] id: 34383945, time: 2026-04-29 21:41:43, lat: 6.22689, lon: -75.59976, speed: 0.4, course: 215.0
2026-04-29 21:41:48  INFO: [T902f2f1f: osmand < 127.0.0.1] POST /client-proxy/ HTTP/1.1\r\nUser-Agent: okhttp/4.12.0\r\nAccept-Encoding: gzip\r\nContent-Type: application/json; charset=utf-8\r\nX-Forwarded-For: 2803:1800:4008:52c8:b8d6:5aff:fe04:8051\r\nX-Forwarded-Host: arrive-legible-reexamine.ngrok-free.dev\r\nX-Forwarded-Proto: https\r\nVia: 1.1 DESKTOP-MAR70HE\r\nForwarded: by="[0:0:0:0:0:0:0:1]";for="[0:0:0:0:0:0:0:1]";host="arrive-legible-reexamine.ngrok-free.dev";proto=http\r\nHost: localhost:5055\r\nContent-Length: 401\r\n\r\n
2026-04-29 21:41:48  INFO: [T902f2f1f: osmand < 127.0.0.1] {"location":{"timestamp":"2026-04-30T02:41:48.662Z","coords":{"latitude":6.2268817,"longitude":-75.5997599,"accuracy":3.79,"speed":0,"heading":-1,"altitude":1546.3},"is_moving":true,"odometer":13274.21,"battery":{"level":0.32,"is_charging":false},"activity":{"type":"in_vehicle"},"extras":{},"_":"&id=34383945&lat=6.2268817&lon=-75.5997599&timestamp=2026-04-30T02:41:48.662Z&"},"device_id":"34383945"}
2026-04-29 21:41:48  INFO: [T902f2f1f: osmand > 127.0.0.1] HTTP/1.1 200 OK\r\ncontent-length: 0\r\n\r\n
2026-04-29 21:41:51  INFO: [T902f2f1f] id: 34383945, time: 2026-04-29 21:41:48, lat: 6.22688, lon: -75.59976, course: 0.0
2026-04-29 21:41:53  INFO: [T902f2f1f: osmand < 127.0.0.1] POST /client-proxy/ HTTP/1.1\r\nUser-Agent: okhttp/4.12.0\r\nAccept-Encoding: gzip\r\nContent-Type: application/json; charset=utf-8\r\nX-Forwarded-For: 2803:1800:4008:52c8:b8d6:5aff:fe04:8051\r\nX-Forwarded-Host: arrive-legible-reexamine.ngrok-free.dev\r\nX-Forwarded-Proto: https\r\nVia: 1.1 DESKTOP-MAR70HE\r\nForwarded: by="[0:0:0:0:0:0:0:1]";for="[0:0:0:0:0:0:0:1]";host="arrive-legible-reexamine.ngrok-free.dev";proto=http\r\nHost: localhost:5055\r\nContent-Lengt
2026-04-29 21:41:53  INFO: [T902f2f1f: osmand < 127.0.0.1] h: 401\r\n\r\n{"location":{"timestamp":"2026-04-30T02:41:53.662Z","coords":{"latitude":6.2269207,"longitude":-75.5997441,"accuracy":3.79,"speed":0,"heading":-1,"altitude":1546.3},"is_moving":true,"odometer":13277.49,"battery":{"level":0.32,"is_charging":false},"activity":{"type":"in_vehicle"},"extras":{},"_":"&id=34383945&lat=6.2269207&lon=-75.5997441&timestamp=2026-04-30T02:41:53.662Z&"},"device_id":"34383945"}
2026-04-29 21:41:53  INFO: [T902f2f1f: osmand > 127.0.0.1] HTTP/1.1 200 OK\r\ncontent-length: 0\r\n\r\n
2026-04-29 21:41:57  INFO: [T902f2f1f] id: 34383945, time: 2026-04-29 21:41:53, lat: 6.22692, lon: -75.59974, course: 0.0
2026-04-29 21:41:59  INFO: [T902f2f1f: osmand < 127.0.0.1] POST /client-proxy/ HTTP/1.1\r\nUser-Agent: okhttp/4.12.0\r\nAccept-Encoding: gzip\r\nContent-Type: application/json; charset=utf-8\r\nX-Forwarded-For: 2803:1800:4008:52c8:b8d6:5aff:fe04:8051\r\nX-Forwarded-Host: arrive-legible-reexamine.ngrok-free.dev\r\nX-Forwarded-Proto: https\r\nVia: 1.1 DESKTOP-MAR70HE\r\nForwarded: by="[0:0:0:0:0:0:0:1]";for="[0:0:0:0:0:0:0:1]";host="arrive-legible-reexamine.ngrok-free.dev";proto=http\r\nHost: localhost:5055\r\nContent-Length: 401\r\n\r\n
2026-04-29 21:41:59  INFO: [T902f2f1f: osmand < 127.0.0.1] {"location":{"timestamp":"2026-04-30T02:41:54.662Z","coords":{"latitude":6.2269276,"longitude":-75.5997583,"accuracy":3.79,"speed":0,"heading":-1,"altitude":1546.3},"is_moving":true,"odometer":13277.49,"battery":{"level":0.32,"is_charging":false},"activity":{"type":"in_vehicle"},"extras":{},"_":"&id=34383945&lat=6.2269276&lon=-75.5997583&timestamp=2026-04-30T02:41:54.662Z&"},"device_id":"34383945"}
2026-04-29 21:41:59  INFO: [T902f2f1f: osmand > 127.0.0.1] HTTP/1.1 200 OK\r\ncontent-length: 0\r\n\r\n
2026-04-29 21:41:59  INFO: [T902f2f1f: osmand < 127.0.0.1] POST /client-proxy/ HTTP/1.1\r\nUser-Agent: okhttp/4.12.0\r\nAccept-Encoding: gzip\r\nContent-Type: application/json; charset=utf-8\r\nX-Forwarded-For: 2803:1800:4008:52c8:b8d6:5aff:fe04:8051\r\nX-Forwarded-Host: arrive-legible-reexamine.ngrok-free.dev\r\nX-Forwarded-Proto: https\r\nVia: 1.1 DESKTOP-MAR70HE\r\nForwarded: by="[0:0:0:0:0:0:0:1]";for="[0:0:0:0:0:0:0:1]";host="arrive-legible-reexamine.ngrok-free.dev";proto=http\r\nHost: localhost:5055\r\nContent-Length: 405\r\n\r\n
2026-04-29 21:41:59  INFO: [T902f2f1f: osmand < 127.0.0.1] {"location":{"timestamp":"2026-04-30T02:41:58.662Z","coords":{"latitude":6.2269307,"longitude":-75.5997667,"accuracy":3.82,"speed":0.18,"heading":341,"altitude":1546.3},"is_moving":true,"odometer":13277.49,"battery":{"level":0.32,"is_charging":false},"activity":{"type":"in_vehicle"},"extras":{},"_":"&id=34383945&lat=6.2269307&lon=-75.5997667&timestamp=2026-04-30T02:41:58.662Z&"},"device_id":"34383945"}
2026-04-29 21:41:59  INFO: [T902f2f1f: osmand > 127.0.0.1] HTTP/1.1 200 OK\r\ncontent-length: 0\r\n\r\n
2026-04-29 21:42:02  INFO: [T902f2f1f] id: 34383945, time: 2026-04-29 21:41:54, lat: 6.22693, lon: -75.59976, course: 0.0
2026-04-29 21:42:02  INFO: [T902f2f1f] id: 34383945, time: 2026-04-29 21:41:58, lat: 6.22693, lon: -75.59977, speed: 0.3, course: 341.0
2026-04-29 21:42:03  INFO: [T902f2f1f: osmand < 127.0.0.1] POST /client-proxy/ HTTP/1.1\r\nUser-Agent: okhttp/4.12.0\r\nAccept-Encoding: gzip\r\nContent-Type: application/json; charset=utf-8\r\nX-Forwarded-For: 2803:1800:4008:52c8:b8d6:5aff:fe04:8051\r\nX-Forwarded-Host: arrive-legible-reexamine.ngrok-free.dev\r\nX-Forwarded-Proto: https\r\nVia: 1.1 DESKTOP-MAR70HE\r\nForwarded: by="[0:0:0:0:0:0:0:1]";for="[0:0:0:0:0:0:0:1]";host="arrive-legible-reexamine.ngrok-free.dev";proto=http\r\nHost: localhost:5055\r\nContent-Length: 399\r\n\r\n
2026-04-29 21:42:03  INFO: [T902f2f1f: osmand < 127.0.0.1] {"location":{"timestamp":"2026-04-30T02:42:03.662Z","coords":{"latitude":6.226908,"longitude":-75.5997606,"accuracy":5.47,"speed":0,"heading":-1,"altitude":1554.8},"is_moving":true,"odometer":13277.49,"battery":{"level":0.32,"is_charging":false},"activity":{"type":"in_vehicle"},"extras":{},"_":"&id=34383945&lat=6.226908&lon=-75.5997606&timestamp=2026-04-30T02:42:03.662Z&"},"device_id":"34383945"}
2026-04-29 21:42:03  INFO: [T902f2f1f: osmand > 127.0.0.1] HTTP/1.1 200 OK\r\ncontent-length: 0\r\n\r\n
2026-04-29 21:42:06  INFO: [T902f2f1f] id: 34383945, time: 2026-04-29 21:42:03, lat: 6.22691, lon: -75.59976, course: 0.0
2026-04-29 21:42:08  INFO: [T902f2f1f: osmand < 127.0.0.1] POST /client-proxy/ HTTP/1.1\r\nUser-Agent: okhttp/4.12.0\r\nAccept-Encoding: gzip\r\nContent-Type: application/json; charset=utf-8\r\nX-Forwarded-For: 2803:1800:4008:52c8:b8d6:5aff:fe04:8051\r\nX-Forwarded-Host: arrive-legible-reexamine.ngrok-free.dev\r\nX-Forwarded-Proto: https\r\nVia: 1.1 DESKTOP-MAR70HE\r\nForwarded: by="[0:0:0:0:0:0:0:1]";for="[0:0:0:0:0:0:0:1]";host="arrive-legible-reexamine.ngrok-free.dev";proto=http\r\nHost: localhost:5055\r\nContent-Length: 400\r\n\r\n
2026-04-29 21:42:08  INFO: [T902f2f1f: osmand < 127.0.0.1] {"location":{"timestamp":"2026-04-30T02:42:08.662Z","coords":{"latitude":6.2269473,"longitude":-75.5997614,"accuracy":6.31,"speed":4.74,"heading":6,"altitude":1546.3},"is_moving":true,"odometer":13281,"battery":{"level":0.32,"is_charging":false},"activity":{"type":"in_vehicle"},"extras":{},"_":"&id=34383945&lat=6.2269473&lon=-75.5997614&timestamp=2026-04-30T02:42:08.662Z&"},"device_id":"34383945"}
2026-04-29 21:42:08  INFO: [T902f2f1f: osmand > 127.0.0.1] HTTP/1.1 200 OK\r\ncontent-length: 0\r\n\r\n
2026-04-29 21:42:12  INFO: [T902f2f1f] id: 34383945, time: 2026-04-29 21:42:08, lat: 6.22695, lon: -75.59976, speed: 9.2, course: 6.0
2026-04-29 21:42:17  INFO: [T902f2f1f: osmand < 127.0.0.1] POST /client-proxy/ HTTP/1.1\r\nUser-Agent: okhttp/4.12.0\r\nAccept-Encoding: gzip\r\nContent-Type: application/json; charset=utf-8\r\nX-Forwarded-For: 2803:1800:4008:52c8:b8d6:5aff:fe04:8051\r\nX-Forwarded-Host: arrive-legible-reexamine.ngrok-free.dev\r\nX-Forwarded-Proto: https\r\nVia: 1.1 DESKTOP-MAR70HE\r\nForwarded: by="[0:0:0:0:0:0:0:1]";for="[0:0:0:0:0:0:0:1]";host="arrive-legible-reexamine.ngrok-free.dev";proto=http\r\nHost: localhost:5055\r\nContent-Length: 405\r\n\r\n
2026-04-29 21:42:17  INFO: [T902f2f1f: osmand < 127.0.0.1] {"location":{"timestamp":"2026-04-30T02:42:16.851Z","coords":{"latitude":6.2269363,"longitude":-75.5997439,"accuracy":8.76,"speed":0.77,"heading":118.16,"altitude":1546.3},"is_moving":true,"odometer":13284.75,"battery":{"level":0.32,"is_charging":false},"activity":{"type":"walking"},"extras":{},"_":"&id=34383945&lat=6.2269363&lon=-75.5997439&timestamp=2026-04-30T02:42:16.851Z&"},"device_id":"34383945"}
2026-04-29 21:42:17  INFO: [T902f2f1f: osmand > 127.0.0.1] HTTP/1.1 200 OK\r\ncontent-length: 0\r\n\r\n
2026-04-29 21:42:20  INFO: [T902f2f1f] id: 34383945, time: 2026-04-29 21:42:16, lat: 6.22694, lon: -75.59974, speed: 1.5, course: 118.2
2026-04-29 21:42:22  INFO: [T902f2f1f: osmand < 127.0.0.1] POST /client-proxy/ HTTP/1.1\r\nUser-Agent: okhttp/4.12.0\r\nAccept-Encoding: gzip\r\nContent-Type: application/json; charset=utf-8\r\nX-Forwarded-For: 2803:1800:4008:52c8:b8d6:5aff:fe04:8051\r\nX-Forwarded-Host: arrive-legible-reexamine.ngrok-free.dev\r\nX-Forwarded-Proto: https\r\nVia: 1.1 DESKTOP-MAR70HE\r\nForwarded: by="[0:0:0:0:0:0:0:1]";for="[0:0:0:0:0:0:0:1]";host="arrive-legible-reexamine.ngrok-free.dev";proto=http\r\nHost: localhost:5055\r\nContent-Length: 405\r\n\r\n
2026-04-29 21:42:22  INFO: [T902f2f1f: osmand < 127.0.0.1] {"location":{"timestamp":"2026-04-30T02:42:17.384Z","coords":{"latitude":6.2269345,"longitude":-75.5997416,"accuracy":8.69,"speed":0.76,"heading":132.35,"altitude":1546.3},"is_moving":true,"odometer":13284.75,"battery":{"level":0.32,"is_charging":false},"activity":{"type":"walking"},"extras":{},"_":"&id=34383945&lat=6.2269345&lon=-75.5997416&timestamp=2026-04-30T02:42:17.384Z&"},"device_id":"34383945"}
2026-04-29 21:42:22  INFO: [T902f2f1f: osmand > 127.0.0.1] HTTP/1.1 200 OK\r\ncontent-length: 0\r\n\r\n
2026-04-29 21:42:22  INFO: [T902f2f1f: osmand < 127.0.0.1] POST /client-proxy/ HTTP/1.1\r\nUser-Agent: okhttp/4.12.0\r\nAccept-Encoding: gzip\r\nContent-Type: application/json; charset=utf-8\r\nX-Forwarded-For: 2803:1800:4008:52c8:b8d6:5aff:fe04:8051\r\nX-Forwarded-Host: arrive-legible-reexamine.ngrok-free.dev\r\nX-Forwarded-Proto: https\r\nVia: 1.1 DESKTOP-MAR70HE\r\nForwarded: by="[0:0:0:0:0:0:0:1]";for="[0:0:0:0:0:0:0:1]";host="arrive-legible-reexamine.ngrok-free.dev";proto=http\r\nHost: localhost:5055\r\nContent-Length: 402\r\n\r\n
2026-04-29 21:42:22  INFO: [T902f2f1f: osmand < 127.0.0.1] {"location":{"timestamp":"2026-04-30T02:42:21.949Z","coords":{"latitude":6.2269141,"longitude":-75.599745,"accuracy":7.66,"speed":0.9,"heading":241.55,"altitude":1546.3},"is_moving":true,"odometer":13284.75,"battery":{"level":0.32,"is_charging":false},"activity":{"type":"walking"},"extras":{},"_":"&id=34383945&lat=6.2269141&lon=-75.599745&timestamp=2026-04-30T02:42:21.949Z&"},"device_id":"34383945"}
2026-04-29 21:42:22  INFO: [T902f2f1f: osmand > 127.0.0.1] HTTP/1.1 200 OK\r\ncontent-length: 0\r\n\r\n
2026-04-29 21:42:25  INFO: [T902f2f1f] id: 34383945, time: 2026-04-29 21:42:17, lat: 6.22693, lon: -75.59974, speed: 1.5, course: 132.4
2026-04-29 21:42:25  INFO: [T902f2f1f] id: 34383945, time: 2026-04-29 21:42:21, lat: 6.22691, lon: -75.59975, speed: 1.7, course: 241.6
2026-04-29 21:42:28  INFO: [T902f2f1f: osmand < 127.0.0.1] POST /client-proxy/ HTTP/1.1\r\nUser-Agent: okhttp/4.12.0\r\nAccept-Encoding: gzip\r\nContent-Type: application/json; charset=utf-8\r\nX-Forwarded-For: 2803:1800:4008:52c8:b8d6:5aff:fe04:8051\r\nX-Forwarded-Host: arrive-legible-reexamine.ngrok-free.dev\r\nX-Forwarded-Proto: https\r\nVia: 1.1 DESKTOP-MAR70HE\r\nForwarded: by="[0:0:0:0:0:0:0:1]";for="[0:0:0:0:0:0:0:1]";host="arrive-legible-reexamine.ngrok-free.dev";proto=http\r\nHost: localhost:5055\r\nContent-Length: 405\r\n\r\n
2026-04-29 21:42:28  INFO: [T902f2f1f: osmand < 127.0.0.1] {"location":{"timestamp":"2026-04-30T02:42:27.700Z","coords":{"latitude":6.2269465,"longitude":-75.5997443,"accuracy":6.81,"speed":0.96,"heading":133.56,"altitude":1546.2},"is_moving":true,"odometer":13293.54,"battery":{"level":0.32,"is_charging":false},"activity":{"type":"walking"},"extras":{},"_":"&id=34383945&lat=6.2269465&lon=-75.5997443&timestamp=2026-04-30T02:42:27.700Z&"},"device_id":"34383945"}
2026-04-29 21:42:28  INFO: [T902f2f1f: osmand > 127.0.0.1] HTTP/1.1 200 OK\r\ncontent-length: 0\r\n\r\n
2026-04-29 21:42:31  INFO: [T902f2f1f] id: 34383945, time: 2026-04-29 21:42:27, lat: 6.22695, lon: -75.59974, speed: 1.9, course: 133.6
2026-04-29 21:42:33  INFO: [T902f2f1f: osmand < 127.0.0.1] POST /client-proxy/ HTTP/1.1\r\nUser-Agent: okhttp/4.12.0\r\nAccept-Encoding: gzip\r\nContent-Type: application/json; charset=utf-8\r\nX-Forwarded-For: 2803:1800:4008:52c8:b8d6:5aff:fe04:8051\r\nX-Forwarded-Host: arrive-legible-reexamine.ngrok-free.dev\r\nX-Forwarded-Proto: https\r\nVia: 1.1 DESKTOP-MAR70HE\r\nForwarded: by="[0:0:0:0:0:0:0:1]";for="[0:0:0:0:0:0:0:1]";host="arrive-legible-reexamine.ngrok-free.dev";proto=http\r\nHost: localhost:5055\r\nContent-Length: 404\r\n\r\n
2026-04-29 21:42:33  INFO: [T902f2f1f: osmand < 127.0.0.1] {"location":{"timestamp":"2026-04-30T02:42:33.052Z","coords":{"latitude":6.2269319,"longitude":-75.5997658,"accuracy":5.7,"speed":0.94,"heading":338.91,"altitude":1546.2},"is_moving":true,"odometer":13296.38,"battery":{"level":0.32,"is_charging":false},"activity":{"type":"walking"},"extras":{},"_":"&id=34383945&lat=6.2269319&lon=-75.5997658&timestamp=2026-04-30T02:42:33.052Z&"},"device_id":"34383945"}
2026-04-29 21:42:33  INFO: [T902f2f1f: osmand > 127.0.0.1] HTTP/1.1 200 OK\r\ncontent-length: 0\r\n\r\n
2026-04-29 21:42:36  INFO: [T902f2f1f] id: 34383945, time: 2026-04-29 21:42:33, lat: 6.22693, lon: -75.59977, speed: 1.8, course: 338.9
2026-04-29 21:42:38  INFO: [T902f2f1f: osmand < 127.0.0.1] POST /client-proxy/ HTTP/1.1\r\nUser-Agent: okhttp/4.12.0\r\nAccept-Encoding: gzip\r\nContent-Type: application/json; charset=utf-8\r\nX-Forwarded-For: 2803:1800:4008:52c8:b8d6:5aff:fe04:8051\r\nX-Forwarded-Host: arrive-legible-reexamine.ngrok-free.dev\r\nX-Forwarded-Proto: https\r\nVia: 1.1 DESKTOP-MAR70HE\r\nForwarded: by="[0:0:0:0:0:0:0:1]";for="[0:0:0:0:0:0:0:1]";host="arrive-legible-reexamine.ngrok-free.dev";proto=http\r\nHost: localhost:5055\r\nContent-Lengt
2026-04-29 21:42:38  INFO: [T902f2f1f: osmand < 127.0.0.1] h: 405\r\n\r\n{"location":{"timestamp":"2026-04-30T02:42:35.663Z","coords":{"latitude":6.2269434,"longitude":-75.5997796,"accuracy":5.68,"speed":0.88,"heading":238.14,"altitude":1546.2},"is_moving":true,"odometer":13296.38,"battery":{"level":0.32,"is_charging":false},"activity":{"type":"walking"},"extras":{},"_":"&id=34383945&lat=6.2269434&lon=-75.5997796&timestamp=2026-04-30T02:42:35.663Z&"},"device_id":"34383945"}
2026-04-29 21:42:38  INFO: [T902f2f1f: osmand > 127.0.0.1] HTTP/1.1 200 OK\r\ncontent-length: 0\r\n\r\n
2026-04-29 21:42:39  INFO: [T902f2f1f: osmand < 127.0.0.1] POST /client-proxy/ HTTP/1.1\r\nUser-Agent: okhttp/4.12.0\r\nAccept-Encoding: gzip\r\nContent-Type: application/json; charset=utf-8\r\nX-Forwarded-For: 2803:1800:4008:52c8:b8d6:5aff:fe04:8051\r\nX-Forwarded-Host: arrive-legible-reexamine.ngrok-free.dev\r\nX-Forwarded-Proto: https\r\nVia: 1.1 DESKTOP-MAR70HE\r\nForwarded: by="[0:0:0:0:0:0:0:1]";for="[0:0:0:0:0:0:0:1]";host="arrive-legible-reexamine.ngrok-free.dev";proto=http\r\nHost: localhost:5055\r\nContent-Length: 404\r\n\r\n
2026-04-29 21:42:39  INFO: [T902f2f1f: osmand < 127.0.0.1] {"location":{"timestamp":"2026-04-30T02:42:38.667Z","coords":{"latitude":6.2269351,"longitude":-75.5997898,"accuracy":6.3,"speed":0.39,"heading":225.03,"altitude":1546.2},"is_moving":true,"odometer":13296.38,"battery":{"level":0.32,"is_charging":false},"activity":{"type":"walking"},"extras":{},"_":"&id=34383945&lat=6.2269351&lon=-75.5997898&timestamp=2026-04-30T02:42:38.667Z&"},"device_id":"34383945"}
2026-04-29 21:42:39  INFO: [T902f2f1f: osmand > 127.0.0.1] HTTP/1.1 200 OK\r\ncontent-length: 0\r\n\r\n
2026-04-29 21:42:41  INFO: [T902f2f1f] id: 34383945, time: 2026-04-29 21:42:35, lat: 6.22694, lon: -75.59978, speed: 1.7, course: 238.1
2026-04-29 21:42:42  INFO: [T902f2f1f] id: 34383945, time: 2026-04-29 21:42:38, lat: 6.22694, lon: -75.59979, speed: 0.8, course: 225.0
2026-04-29 21:42:44  INFO: [T902f2f1f: osmand < 127.0.0.1] POST /client-proxy/ HTTP/1.1\r\nUser-Agent: okhttp/4.12.0\r\nAccept-Encoding: gzip\r\nContent-Type: application/json; charset=utf-8\r\nX-Forwarded-For: 2803:1800:4008:52c8:b8d6:5aff:fe04:8051\r\nX-Forwarded-Host: arrive-legible-reexamine.ngrok-free.dev\r\nX-Forwarded-Proto: https\r\nVia: 1.1 DESKTOP-MAR70HE\r\nForwarded: by="[0:0:0:0:0:0:0:1]";for="[0:0:0:0:0:0:0:1]";host="arrive-legible-reexamine.ngrok-free.dev";proto=http\r\nHost: localhost:5055\r\nContent-Length: 404\r\n\r\n
2026-04-29 21:42:44  INFO: [T902f2f1f: osmand < 127.0.0.1] {"location":{"timestamp":"2026-04-30T02:42:43.663Z","coords":{"latitude":6.2269387,"longitude":-75.5997821,"accuracy":6.72,"speed":0.12,"heading":217.8,"altitude":1546.3},"is_moving":true,"odometer":13296.38,"battery":{"level":0.32,"is_charging":false},"activity":{"type":"walking"},"extras":{},"_":"&id=34383945&lat=6.2269387&lon=-75.5997821&timestamp=2026-04-30T02:42:43.663Z&"},"device_id":"34383945"}
2026-04-29 21:42:44  INFO: [T902f2f1f: osmand > 127.0.0.1] HTTP/1.1 200 OK\r\ncontent-length: 0\r\n\r\n
2026-04-29 21:42:45  INFO: [T902f2f1f: osmand < 127.0.0.1] POST /client-proxy/ HTTP/1.1\r\nUser-Agent: okhttp/4.12.0\r\nAccept-Encoding: gzip\r\nContent-Type: application/json; charset=utf-8\r\nX-Forwarded-For: 2803:1800:4008:52c8:b8d6:5aff:fe04:8051\r\nX-Forwarded-Host: arrive-legible-reexamine.ngrok-free.dev\r\nX-Forwarded-Proto: https\r\nVia: 1.1 DESKTOP-MAR70HE\r\nForwarded: by="[0:0:0:0:0:0:0:1]";for="[0:0:0:0:0:0:0:1]";host="arrive-legible-reexamine.ngrok-free.dev";proto=http\r\nHost: localhost:5055\r\nContent-Length: 400\r\n\r\n
2026-04-29 21:42:45  INFO: [T902f2f1f: osmand < 127.0.0.1] {"location":{"timestamp":"2026-04-30T02:42:44.663Z","coords":{"latitude":6.2269392,"longitude":-75.5997818,"accuracy":6.67,"speed":0.1,"heading":-1,"altitude":1546.3},"is_moving":true,"odometer":13296.38,"battery":{"level":0.32,"is_charging":false},"activity":{"type":"walking"},"extras":{},"_":"&id=34383945&lat=6.2269392&lon=-75.5997818&timestamp=2026-04-30T02:42:44.663Z&"},"device_id":"34383945"}
2026-04-29 21:42:45  INFO: [T902f2f1f: osmand > 127.0.0.1] HTTP/1.1 200 OK\r\ncontent-length: 0\r\n\r\n
2026-04-29 21:42:47  INFO: [T902f2f1f] id: 34383945, time: 2026-04-29 21:42:43, lat: 6.22694, lon: -75.59978, speed: 0.2, course: 217.8
2026-04-29 21:42:48  INFO: [T902f2f1f] id: 34383945, time: 2026-04-29 21:42:44, lat: 6.22694, lon: -75.59978, speed: 0.2, course: 0.0
2026-04-29 21:42:50  INFO: [T902f2f1f: osmand < 127.0.0.1] POST /client-proxy/ HTTP/1.1\r\nUser-Agent: okhttp/4.12.0\r\nAccept-Encoding: gzip\r\nContent-Type: application/json; charset=utf-8\r\nX-Forwarded-For: 2803:1800:4008:52c8:b8d6:5aff:fe04:8051\r\nX-Forwarded-Host: arrive-legible-reexamine.ngrok-free.dev\r\nX-Forwarded-Proto: https\r\nVia: 1.1 DESKTOP-MAR70HE\r\nForwarded: by="[0:0:0:0:0:0:0:1]";for="[0:0:0:0:0:0:0:1]";host="arrive-legible-reexamine.ngrok-free.dev";proto=http\r\nHost: localhost:5055\r\nContent-Length: 403\r\n\r\n
2026-04-29 21:42:50  INFO: [T902f2f1f: osmand < 127.0.0.1] {"location":{"timestamp":"2026-04-30T02:42:50.656Z","coords":{"latitude":6.2269361,"longitude":-75.5997899,"accuracy":6.84,"speed":0.11,"heading":8.97,"altitude":1547.3},"is_moving":true,"odometer":13296.38,"battery":{"level":0.32,"is_charging":false},"activity":{"type":"walking"},"extras":{},"_":"&id=34383945&lat=6.2269361&lon=-75.5997899&timestamp=2026-04-30T02:42:50.656Z&"},"device_id":"34383945"}
2026-04-29 21:42:50  INFO: [T902f2f1f: osmand > 127.0.0.1] HTTP/1.1 200 OK\r\ncontent-length: 0\r\n\r\n
2026-04-29 21:42:53  INFO: [T902f2f1f] id: 34383945, time: 2026-04-29 21:42:50, lat: 6.22694, lon: -75.59979, speed: 0.2, course: 9.0
2026-04-29 21:42:55  INFO: [T902f2f1f: osmand < 127.0.0.1] POST /client-proxy/ HTTP/1.1\r\nUser-Agent: okhttp/4.12.0\r\nAccept-Encoding: gzip\r\nContent-Type: application/json; charset=utf-8\r\nX-Forwarded-For: 2803:1800:4008:52c8:b8d6:5aff:fe04:8051\r\nX-Forwarded-Host: arrive-legible-reexamine.ngrok-free.dev\r\nX-Forwarded-Proto: https\r\nVia: 1.1 DESKTOP-MAR70HE\r\nForwarded: by="[0:0:0:0:0:0:0:1]";for="[0:0:0:0:0:0:0:1]";host="arrive-legible-reexamine.ngrok-free.dev";proto=http\r\nHost: localhost:5055\r\nContent-Length: 404\r\n\r\n
2026-04-29 21:42:55  INFO: [T902f2f1f: osmand < 127.0.0.1] {"location":{"timestamp":"2026-04-30T02:42:55.663Z","coords":{"latitude":6.2269374,"longitude":-75.5997961,"accuracy":6.77,"speed":0.19,"heading":18.42,"altitude":1547.1},"is_moving":true,"odometer":13296.38,"battery":{"level":0.32,"is_charging":false},"activity":{"type":"walking"},"extras":{},"_":"&id=34383945&lat=6.2269374&lon=-75.5997961&timestamp=2026-04-30T02:42:55.663Z&"},"device_id":"34383945"}
2026-04-29 21:42:55  INFO: [T902f2f1f: osmand > 127.0.0.1] HTTP/1.1 200 OK\r\ncontent-length: 0\r\n\r\n
2026-04-29 21:42:58  INFO: [T902f2f1f] id: 34383945, time: 2026-04-29 21:42:55, lat: 6.22694, lon: -75.59980, speed: 0.4, course: 18.4
2026-04-29 21:43:00  INFO: [T902f2f1f: osmand < 127.0.0.1] POST /client-proxy/ HTTP/1.1\r\nUser-Agent: okhttp/4.12.0\r\nAccept-Encoding: gzip\r\nContent-Type: application/json; charset=utf-8\r\nX-Forwarded-For: 2803:1800:4008:52c8:b8d6:5aff:fe04:8051\r\nX-Forwarded-Host: arrive-legible-reexamine.ngrok-free.dev\r\nX-Forwarded-Proto: https\r\nVia: 1.1 DESKTOP-MAR70HE\r\nForwarded: by="[0:0:0:0:0:0:0:1]";for="[0:0:0:0:0:0:0:1]";host="arrive-legible-reexamine.ngrok-free.dev";proto=http\r\nHost: localhost:5055\r\nContent-Length: 403\r\n\r\n
2026-04-29 21:43:00  INFO: [T902f2f1f: osmand < 127.0.0.1] {"location":{"timestamp":"2026-04-30T02:43:00.663Z","coords":{"latitude":6.226933,"longitude":-75.5998157,"accuracy":7.13,"speed":0.23,"heading":238.25,"altitude":1549.2},"is_moving":true,"odometer":13296.38,"battery":{"level":0.32,"is_charging":false},"activity":{"type":"walking"},"extras":{},"_":"&id=34383945&lat=6.226933&lon=-75.5998157&timestamp=2026-04-30T02:43:00.663Z&"},"device_id":"34383945"}
2026-04-29 21:43:00  INFO: [T902f2f1f: osmand > 127.0.0.1] HTTP/1.1 200 OK\r\ncontent-length: 0\r\n\r\n
2026-04-29 21:43:03  INFO: [T902f2f1f] id: 34383945, time: 2026-04-29 21:43:00, lat: 6.22693, lon: -75.59982, speed: 0.4, course: 238.3
2026-04-29 21:43:05  INFO: [T902f2f1f: osmand < 127.0.0.1] POST /client-proxy/ HTTP/1.1\r\nUser-Agent: okhttp/4.12.0\r\nAccept-Encoding: gzip\r\nContent-Type: application/json; charset=utf-8\r\nX-Forwarded-For: 2803:1800:4008:52c8:b8d6:5aff:fe04:8051\r\nX-Forwarded-Host: arrive-legible-reexamine.ngrok-free.dev\r\nX-Forwarded-Proto: https\r\nVia: 1.1 DESKTOP-MAR70HE\r\nForwarded: by="[0:0:0:0:0:0:0:1]";for="[0:0:0:0:0:0:0:1]";host="arrive-legible-reexamine.ngrok-free.dev";proto=http\r\nHost: localhost:5055\r\nContent-Length: 405\r\n\r\n
2026-04-29 21:43:05  INFO: [T902f2f1f: osmand < 127.0.0.1] {"location":{"timestamp":"2026-04-30T02:43:04.663Z","coords":{"latitude":6.2269256,"longitude":-75.5998223,"accuracy":7.47,"speed":0.48,"heading":350.21,"altitude":1549.2},"is_moving":true,"odometer":13296.38,"battery":{"level":0.32,"is_charging":false},"activity":{"type":"walking"},"extras":{},"_":"&id=34383945&lat=6.2269256&lon=-75.5998223&timestamp=2026-04-30T02:43:04.663Z&"},"device_id":"34383945"}
2026-04-29 21:43:05  INFO: [T902f2f1f: osmand > 127.0.0.1] HTTP/1.1 200 OK\r\ncontent-length: 0\r\n\r\n
2026-04-29 21:43:06  INFO: [T902f2f1f: osmand < 127.0.0.1] POST /client-proxy/ HTTP/1.1\r\nUser-Agent: okhttp/4.12.0\r\nAccept-Encoding: gzip\r\nContent-Type: application/json; charset=utf-8\r\nX-Forwarded-For: 2803:1800:4008:52c8:b8d6:5aff:fe04:8051\r\nX-Forwarded-Host: arrive-legible-reexamine.ngrok-free.dev\r\nX-Forwarded-Proto: https\r\nVia: 1.1 DESKTOP-MAR70HE\r\nForwarded: by="[0:0:0:0:0:0:0:1]";for="[0:0:0:0:0:0:0:1]";host="arrive-legible-reexamine.ngrok-free.dev";proto=http\r\nHost: localhost:5055\r\nContent-Length: 405\r\n\r\n
2026-04-29 21:43:06  INFO: [T902f2f1f: osmand < 127.0.0.1] {"location":{"timestamp":"2026-04-30T02:43:05.668Z","coords":{"latitude":6.2269222,"longitude":-75.5998277,"accuracy":7.68,"speed":0.44,"heading":345.62,"altitude":1549.2},"is_moving":true,"odometer":13296.38,"battery":{"level":0.32,"is_charging":false},"activity":{"type":"walking"},"extras":{},"_":"&id=34383945&lat=6.2269222&lon=-75.5998277&timestamp=2026-04-30T02:43:05.668Z&"},"device_id":"34383945"}
2026-04-29 21:43:06  INFO: [T902f2f1f: osmand > 127.0.0.1] HTTP/1.1 200 OK\r\ncontent-length: 0\r\n\r\n
2026-04-29 21:43:09  INFO: [T902f2f1f] id: 34383945, time: 2026-04-29 21:43:04, lat: 6.22693, lon: -75.59982, speed: 0.9, course: 350.2
2026-04-29 21:43:09  INFO: [T902f2f1f] id: 34383945, time: 2026-04-29 21:43:05, lat: 6.22692, lon: -75.59983, speed: 0.9, course: 345.6
2026-04-29 21:43:11  INFO: [T902f2f1f: osmand < 127.0.0.1] POST /client-proxy/ HTTP/1.1\r\nUser-Agent: okhttp/4.12.0\r\nAccept-Encoding: gzip\r\nContent-Type: application/json; charset=utf-8\r\nX-Forwarded-For: 2803:1800:4008:52c8:b8d6:5aff:fe04:8051\r\nX-Forwarded-Host: arrive-legible-reexamine.ngrok-free.dev\r\nX-Forwarded-Proto: https\r\nVia: 1.1 DESKTOP-MAR70HE\r\nForwarded: by="[0:0:0:0:0:0:0:1]";for="[0:0:0:0:0:0:0:1]";host="arrive-legible-reexamine.ngrok-free.dev";proto=http\r\nHost: localhost:5055\r\nContent-Length: 402\r\n\r\n
2026-04-29 21:43:11  INFO: [T902f2f1f: osmand < 127.0.0.1] {"location":{"timestamp":"2026-04-30T02:43:10.907Z","coords":{"latitude":6.2268899,"longitude":-75.5998409,"accuracy":9,"speed":0.49,"heading":190.75,"altitude":1549.2},"is_moving":true,"odometer":13296.38,"battery":{"level":0.32,"is_charging":false},"activity":{"type":"walking"},"extras":{},"_":"&id=34383945&lat=6.2268899&lon=-75.5998409&timestamp=2026-04-30T02:43:10.907Z&"},"device_id":"34383945"}
2026-04-29 21:43:11  INFO: [T902f2f1f: osmand > 127.0.0.1] HTTP/1.1 200 OK\r\ncontent-length: 0\r\n\r\n
2026-04-29 21:43:14  INFO: [T902f2f1f] id: 34383945, time: 2026-04-29 21:43:10, lat: 6.22689, lon: -75.59984, speed: 1.0, course: 190.8
2026-04-29 21:43:16  INFO: [T902f2f1f: osmand < 127.0.0.1] POST /client-proxy/ HTTP/1.1\r\nUser-Agent: okhttp/4.12.0\r\nAccept-Encoding: gzip\r\nContent-Type: application/json; charset=utf-8\r\nX-Forwarded-For: 2803:1800:4008:52c8:b8d6:5aff:fe04:8051\r\nX-Forwarded-Host: arrive-legible-reexamine.ngrok-free.dev\r\nX-Forwarded-Proto: https\r\nVia: 1.1 DESKTOP-MAR70HE\r\nForwarded: by="[0:0:0:0:0:0:0:1]";for="[0:0:0:0:0:0:0:1]";host="arrive-legible-reexamine.ngrok-free.dev";proto=http\r\nHost: localhost:5055\r\nContent-Lengt
2026-04-29 21:43:16  INFO: [T902f2f1f: osmand < 127.0.0.1] h: 400\r\n\r\n{"location":{"timestamp":"2026-04-30T02:43:16.650Z","coords":{"latitude":6.2268719,"longitude":-75.5998491,"accuracy":9.1,"speed":0.05,"heading":-1,"altitude":1549.2},"is_moving":true,"odometer":13297.13,"battery":{"level":0.32,"is_charging":false},"activity":{"type":"walking"},"extras":{},"_":"&id=34383945&lat=6.2268719&lon=-75.5998491&timestamp=2026-04-30T02:43:16.650Z&"},"device_id":"34383945"}
2026-04-29 21:43:16  INFO: [T902f2f1f: osmand > 127.0.0.1] HTTP/1.1 200 OK\r\ncontent-length: 0\r\n\r\n
2026-04-29 21:43:20  INFO: [T902f2f1f] id: 34383945, time: 2026-04-29 21:43:16, lat: 6.22687, lon: -75.59985, speed: 0.1, course: 0.0
2026-04-29 21:43:22  INFO: [T902f2f1f: osmand < 127.0.0.1] POST /client-proxy/ HTTP/1.1\r\nUser-Agent: okhttp/4.12.0\r\nAccept-Encoding: gzip\r\nContent-Type: application/json; charset=utf-8\r\nX-Forwarded-For: 2803:1800:4008:52c8:b8d6:5aff:fe04:8051\r\nX-Forwarded-Host: arrive-legible-reexamine.ngrok-free.dev\r\nX-Forwarded-Proto: https\r\nVia: 1.1 DESKTOP-MAR70HE\r\nForwarded: by="[0:0:0:0:0:0:0:1]";for="[0:0:0:0:0:0:0:1]";host="arrive-legible-reexamine.ngrok-free.dev";proto=http\r\nHost: localhost:5055\r\nContent-Length: 397\r\n\r\n
2026-04-29 21:43:22  INFO: [T902f2f1f: osmand < 127.0.0.1] {"location":{"timestamp":"2026-04-30T02:43:22.594Z","coords":{"latitude":6.2268644,"longitude":-75.59985,"accuracy":8.75,"speed":0.01,"heading":-1,"altitude":1549.2},"is_moving":true,"odometer":13297.13,"battery":{"level":0.32,"is_charging":false},"activity":{"type":"walking"},"extras":{},"_":"&id=34383945&lat=6.2268644&lon=-75.59985&timestamp=2026-04-30T02:43:22.594Z&"},"device_id":"34383945"}
2026-04-29 21:43:22  INFO: [T902f2f1f: osmand > 127.0.0.1] HTTP/1.1 200 OK\r\ncontent-length: 0\r\n\r\n
2026-04-29 21:43:25  INFO: [T902f2f1f] id: 34383945, time: 2026-04-29 21:43:22, lat: 6.22686, lon: -75.59985, speed: 0.0, course: 0.0
2026-04-29 21:43:27  INFO: [T902f2f1f: osmand < 127.0.0.1] POST /client-proxy/ HTTP/1.1\r\nUser-Agent: okhttp/4.12.0\r\nAccept-Encoding: gzip\r\nContent-Type: application/json; charset=utf-8\r\nX-Forwarded-For: 2803:1800:4008:52c8:b8d6:5aff:fe04:8051\r\nX-Forwarded-Host: arrive-legible-reexamine.ngrok-free.dev\r\nX-Forwarded-Proto: https\r\nVia: 1.1 DESKTOP-MAR70HE\r\nForwarded: by="[0:0:0:0:0:0:0:1]";for="[0:0:0:0:0:0:0:1]";host="arrive-legible-reexamine.ngrok-free.dev";proto=http\r\nHost: localhost:5055\r\nContent-Length: 398\r\n\r\n
2026-04-29 21:43:27  INFO: [T902f2f1f: osmand < 127.0.0.1] {"location":{"timestamp":"2026-04-30T02:43:27.662Z","coords":{"latitude":6.2268666,"longitude":-75.5998588,"accuracy":8.4,"speed":0.02,"heading":-1,"altitude":1549.2},"is_moving":true,"odometer":13297.13,"battery":{"level":0.31,"is_charging":false},"activity":{"type":"still"},"extras":{},"_":"&id=34383945&lat=6.2268666&lon=-75.5998588&timestamp=2026-04-30T02:43:27.662Z&"},"device_id":"34383945"}
2026-04-29 21:43:27  INFO: [T902f2f1f: osmand > 127.0.0.1] HTTP/1.1 200 OK\r\ncontent-length: 0\r\n\r\n
2026-04-29 21:43:30  INFO: [T902f2f1f] id: 34383945, time: 2026-04-29 21:43:27, lat: 6.22687, lon: -75.59986, speed: 0.0, course: 0.0
2026-04-29 21:43:32  INFO: [T902f2f1f: osmand < 127.0.0.1] POST /client-proxy/ HTTP/1.1\r\nUser-Agent: okhttp/4.12.0\r\nAccept-Encoding: gzip\r\nContent-Type: application/json; charset=utf-8\r\nX-Forwarded-For: 2803:1800:4008:52c8:b8d6:5aff:fe04:8051\r\nX-Forwarded-Host: arrive-legible-reexamine.ngrok-free.dev\r\nX-Forwarded-Proto: https\r\nVia: 1.1 DESKTOP-MAR70HE\r\nForwarded: by="[0:0:0:0:0:0:0:1]";for="[0:0:0:0:0:0:0:1]";host="arrive-legible-reexamine.ngrok-free.dev";proto=http\r\nHost: localhost:5055\r\nContent-Length: 397\r\n\r\n
2026-04-29 21:43:32  INFO: [T902f2f1f: osmand < 127.0.0.1] {"location":{"timestamp":"2026-04-30T02:43:32.680Z","coords":{"latitude":6.2268679,"longitude":-75.5998643,"accuracy":6.8,"speed":0.1,"heading":-1,"altitude":1546.6},"is_moving":true,"odometer":13297.13,"battery":{"level":0.31,"is_charging":false},"activity":{"type":"still"},"extras":{},"_":"&id=34383945&lat=6.2268679&lon=-75.5998643&timestamp=2026-04-30T02:43:32.680Z&"},"device_id":"34383945"}
2026-04-29 21:43:32  INFO: [T902f2f1f: osmand > 127.0.0.1] HTTP/1.1 200 OK\r\ncontent-length: 0\r\n\r\n
2026-04-29 21:43:35  INFO: [T902f2f1f] id: 34383945, time: 2026-04-29 21:43:32, lat: 6.22687, lon: -75.59986, speed: 0.2, course: 0.0
2026-04-29 21:43:38  INFO: [T902f2f1f: osmand < 127.0.0.1] POST /client-proxy/ HTTP/1.1\r\nUser-Agent: okhttp/4.12.0\r\nAccept-Encoding: gzip\r\nContent-Type: application/json; charset=utf-8\r\nX-Forwarded-For: 2803:1800:4008:52c8:b8d6:5aff:fe04:8051\r\nX-Forwarded-Host: arrive-legible-reexamine.ngrok-free.dev\r\nX-Forwarded-Proto: https\r\nVia: 1.1 DESKTOP-MAR70HE\r\nForwarded: by="[0:0:0:0:0:0:0:1]";for="[0:0:0:0:0:0:0:1]";host="arrive-legible-reexamine.ngrok-free.dev";proto=http\r\nHost: localhost:5055\r\nContent-Length: 403\r\n\r\n
2026-04-29 21:43:38  INFO: [T902f2f1f: osmand < 127.0.0.1] {"location":{"timestamp":"2026-04-30T02:43:34.761Z","coords":{"latitude":6.2268704,"longitude":-75.5998675,"accuracy":6.44,"speed":0.26,"heading":319.82,"altitude":1546.6},"is_moving":true,"odometer":13297.13,"battery":{"level":0.31,"is_charging":false},"activity":{"type":"still"},"extras":{},"_":"&id=34383945&lat=6.2268704&lon=-75.5998675&timestamp=2026-04-30T02:43:34.761Z&"},"device_id":"34383945"}
2026-04-29 21:43:38  INFO: [T902f2f1f: osmand > 127.0.0.1] HTTP/1.1 200 OK\r\ncontent-length: 0\r\n\r\n
2026-04-29 21:43:39  INFO: [T902f2f1f: osmand < 127.0.0.1] POST /client-proxy/ HTTP/1.1\r\nUser-Agent: okhttp/4.12.0\r\nAccept-Encoding: gzip\r\nContent-Type: application/json; charset=utf-8\r\nX-Forwarded-For: 2803:1800:4008:52c8:b8d6:5aff:fe04:8051\r\nX-Forwarded-Host: arrive-legible-reexamine.ngrok-free.dev\r\nX-Forwarded-Proto: https\r\nVia: 1.1 DESKTOP-MAR70HE\r\nForwarded: by="[0:0:0:0:0:0:0:1]";for="[0:0:0:0:0:0:0:1]";host="arrive-legible-reexamine.ngrok-free.dev";proto=http\r\nHost: localhost:5055\r\nContent-Length: 400\r\n\r\n
2026-04-29 21:43:39  INFO: [T902f2f1f: osmand < 127.0.0.1] {"location":{"timestamp":"2026-04-30T02:43:38.560Z","coords":{"latitude":6.226879,"longitude":-75.5998755,"accuracy":6.38,"speed":0.28,"heading":61.26,"altitude":1547.1},"is_moving":true,"odometer":13297.13,"battery":{"level":0.31,"is_charging":false},"activity":{"type":"still"},"extras":{},"_":"&id=34383945&lat=6.226879&lon=-75.5998755&timestamp=2026-04-30T02:43:38.560Z&"},"device_id":"34383945"}
2026-04-29 21:43:39  INFO: [T902f2f1f: osmand > 127.0.0.1] HTTP/1.1 200 OK\r\ncontent-length: 0\r\n\r\n
2026-04-29 21:43:42  INFO: [T902f2f1f] id: 34383945, time: 2026-04-29 21:43:34, lat: 6.22687, lon: -75.59987, speed: 0.5, course: 319.8
2026-04-29 21:43:42  INFO: [T902f2f1f] id: 34383945, time: 2026-04-29 21:43:38, lat: 6.22688, lon: -75.59988, speed: 0.5, course: 61.3
2026-04-29 21:43:43  INFO: [T902f2f1f: osmand < 127.0.0.1] POST /client-proxy/ HTTP/1.1\r\nUser-Agent: okhttp/4.12.0\r\nAccept-Encoding: gzip\r\nContent-Type: application/json; charset=utf-8\r\nX-Forwarded-For: 2803:1800:4008:52c8:b8d6:5aff:fe04:8051\r\nX-Forwarded-Host: arrive-legible-reexamine.ngrok-free.dev\r\nX-Forwarded-Proto: https\r\nVia: 1.1 DESKTOP-MAR70HE\r\nForwarded: by="[0:0:0:0:0:0:0:1]";for="[0:0:0:0:0:0:0:1]";host="arrive-legible-reexamine.ngrok-free.dev";proto=http\r\nHost: localhost:5055\r\nContent-Length: 399\r\n\r\n
2026-04-29 21:43:43  INFO: [T902f2f1f: osmand < 127.0.0.1] {"location":{"timestamp":"2026-04-30T02:43:43.668Z","coords":{"latitude":6.2268833,"longitude":-75.5998769,"accuracy":6.16,"speed":0.09,"heading":-1,"altitude":1547.1},"is_moving":true,"odometer":13297.13,"battery":{"level":0.31,"is_charging":false},"activity":{"type":"still"},"extras":{},"_":"&id=34383945&lat=6.2268833&lon=-75.5998769&timestamp=2026-04-30T02:43:43.668Z&"},"device_id":"34383945"}
2026-04-29 21:43:43  INFO: [T902f2f1f: osmand > 127.0.0.1] HTTP/1.1 200 OK\r\ncontent-length: 0\r\n\r\n
2026-04-29 21:43:47  INFO: [T902f2f1f] id: 34383945, time: 2026-04-29 21:43:43, lat: 6.22688, lon: -75.59988, speed: 0.2, course: 0.0
2026-04-29 21:43:48  INFO: [T902f2f1f: osmand < 127.0.0.1] POST /client-proxy/ HTTP/1.1\r\nUser-Agent: okhttp/4.12.0\r\nAccept-Encoding: gzip\r\nContent-Type: application/json; charset=utf-8\r\nX-Forwarded-For: 2803:1800:4008:52c8:b8d6:5aff:fe04:8051\r\nX-Forwarded-Host: arrive-legible-reexamine.ngrok-free.dev\r\nX-Forwarded-Proto: https\r\nVia: 1.1 DESKTOP-MAR70HE\r\nForwarded: by="[0:0:0:0:0:0:0:1]";for="[0:0:0:0:0:0:0:1]";host="arrive-legible-reexamine.ngrok-free.dev";proto=http\r\nHost: localhost:5055\r\nContent-Length: 403\r\n\r\n
2026-04-29 21:43:48  INFO: [T902f2f1f: osmand < 127.0.0.1] {"location":{"timestamp":"2026-04-30T02:43:48.669Z","coords":{"latitude":6.2268884,"longitude":-75.5998783,"accuracy":5.82,"speed":0.22,"heading":180.07,"altitude":1549.2},"is_moving":true,"odometer":13297.13,"battery":{"level":0.31,"is_charging":false},"activity":{"type":"still"},"extras":{},"_":"&id=34383945&lat=6.2268884&lon=-75.5998783&timestamp=2026-04-30T02:43:48.669Z&"},"device_id":"34383945"}
2026-04-29 21:43:48  INFO: [T902f2f1f: osmand > 127.0.0.1] HTTP/1.1 200 OK\r\ncontent-length: 0\r\n\r\n
2026-04-29 21:43:51  INFO: [T902f2f1f] id: 34383945, time: 2026-04-29 21:43:48, lat: 6.22689, lon: -75.59988, speed: 0.4, course: 180.1
2026-04-29 21:43:54  INFO: [T902f2f1f: osmand < 127.0.0.1] POST /client-proxy/ HTTP/1.1\r\nUser-Agent: okhttp/4.12.0\r\nAccept-Encoding: gzip\r\nContent-Type: application/json; charset=utf-8\r\nX-Forwarded-For: 2803:1800:4008:52c8:b8d6:5aff:fe04:8051\r\nX-Forwarded-Host: arrive-legible-reexamine.ngrok-free.dev\r\nX-Forwarded-Proto: https\r\nVia: 1.1 DESKTOP-MAR70HE\r\nForwarded: by="[0:0:0:0:0:0:0:1]";for="[0:0:0:0:0:0:0:1]";host="arrive-legible-reexamine.ngrok-free.dev";proto=http\r\nHost: localhost:5055\r\nContent-Length: 404\r\n\r\n
2026-04-29 21:43:54  INFO: [T902f2f1f: osmand < 127.0.0.1] {"location":{"timestamp":"2026-04-30T02:43:50.668Z","coords":{"latitude":6.2268885,"longitude":-75.5998822,"accuracy":5.7,"speed":0.28,"heading":320.84,"altitude":1549.2},"is_moving":true,"odometer":13297.13,"battery":{"level":0.31,"is_charging":false},"activity":{"type":"walking"},"extras":{},"_":"&id=34383945&lat=6.2268885&lon=-75.5998822&timestamp=2026-04-30T02:43:50.668Z&"},"device_id":"34383945"}
2026-04-29 21:43:54  INFO: [T902f2f1f: osmand > 127.0.0.1] HTTP/1.1 200 OK\r\ncontent-length: 0\r\n\r\n
2026-04-29 21:43:54  INFO: [T902f2f1f: osmand < 127.0.0.1] POST /client-proxy/ HTTP/1.1\r\nUser-Agent: okhttp/4.12.0\r\nAccept-Encoding: gzip\r\nContent-Type: application/json; charset=utf-8\r\nX-Forwarded-For: 2803:1800:4008:52c8:b8d6:5aff:fe04:8051\r\nX-Forwarded-Host: arrive-legible-reexamine.ngrok-free.dev\r\nX-Forwarded-Proto: https\r\nVia: 1.1 DESKTOP-MAR70HE\r\nForwarded: by="[0:0:0:0:0:0:0:1]";for="[0:0:0:0:0:0:0:1]";host="arrive-legible-reexamine.ngrok-free.dev";proto=http\r\nHost: localhost:5055\r\nContent-Length: 403\r\n\r\n
2026-04-29 21:43:54  INFO: [T902f2f1f: osmand < 127.0.0.1] {"location":{"timestamp":"2026-04-30T02:43:53.668Z","coords":{"latitude":6.2268881,"longitude":-75.599886,"accuracy":5.81,"speed":0.25,"heading":277.74,"altitude":1549.2},"is_moving":true,"odometer":13297.13,"battery":{"level":0.31,"is_charging":false},"activity":{"type":"walking"},"extras":{},"_":"&id=34383945&lat=6.2268881&lon=-75.599886&timestamp=2026-04-30T02:43:53.668Z&"},"device_id":"34383945"}
2026-04-29 21:43:54  INFO: [T902f2f1f: osmand > 127.0.0.1] HTTP/1.1 200 OK\r\ncontent-length: 0\r\n\r\n
2026-04-29 21:43:54  INFO: [T902f2f1f: osmand < 127.0.0.1] POST /client-proxy/ HTTP/1.1\r\nUser-Agent: okhttp/4.12.0\r\nAccept-Encoding: gzip\r\nContent-Type: application/json; charset=utf-8\r\nX-Forwarded-For: 2803:1800:4008:52c8:b8d6:5aff:fe04:8051\r\nX-Forwarded-Host: arrive-legible-reexamine.ngrok-free.dev\r\nX-Forwarded-Proto: https\r\nVia: 1.1 DESKTOP-MAR70HE\r\nForwarded: by="[0:0:0:0:0:0:0:1]";for="[0:0:0:0:0:0:0:1]";host="arrive-legible-reexamine.ngrok-free.dev";proto=http\r\nHost: localhost:5055\r\nContent-Lengt
2026-04-29 21:43:54  INFO: [T902f2f1f: osmand < 127.0.0.1] h: 405\r\n\r\n{"location":{"timestamp":"2026-04-30T02:43:54.267Z","coords":{"latitude":6.2268876,"longitude":-75.5998866,"accuracy":5.87,"speed":0.27,"heading":253.15,"altitude":1549.2},"is_moving":true,"odometer":13297.13,"battery":{"level":0.31,"is_charging":false},"activity":{"type":"walking"},"extras":{},"_":"&id=34383945&lat=6.2268876&lon=-75.5998866&timestamp=2026-04-30T02:43:54.267Z&"},"device_id":"34383945"}
2026-04-29 21:43:54  INFO: [T902f2f1f: osmand > 127.0.0.1] HTTP/1.1 200 OK\r\ncontent-length: 0\r\n\r\n
2026-04-29 21:43:57  INFO: [T902f2f1f] id: 34383945, time: 2026-04-29 21:43:50, lat: 6.22689, lon: -75.59988, speed: 0.5, course: 320.8
2026-04-29 21:43:57  INFO: [T902f2f1f] id: 34383945, time: 2026-04-29 21:43:53, lat: 6.22689, lon: -75.59989, speed: 0.5, course: 277.7
2026-04-29 21:43:57  INFO: [T902f2f1f] id: 34383945, time: 2026-04-29 21:43:54, lat: 6.22689, lon: -75.59989, speed: 0.5, course: 253.2
2026-04-29 21:43:59  INFO: [T902f2f1f: osmand < 127.0.0.1] POST /client-proxy/ HTTP/1.1\r\nUser-Agent: okhttp/4.12.0\r\nAccept-Encoding: gzip\r\nContent-Type: application/json; charset=utf-8\r\nX-Forwarded-For: 2803:1800:4008:52c8:b8d6:5aff:fe04:8051\r\nX-Forwarded-Host: arrive-legible-reexamine.ngrok-free.dev\r\nX-Forwarded-Proto: https\r\nVia: 1.1 DESKTOP-MAR70HE\r\nForwarded: by="[0:0:0:0:0:0:0:1]";for="[0:0:0:0:0:0:0:1]";host="arrive-legible-reexamine.ngrok-free.dev";proto=http\r\nHost: localhost:5055\r\nContent-Length: 404\r\n\r\n
2026-04-29 21:43:59  INFO: [T902f2f1f: osmand < 127.0.0.1] {"location":{"timestamp":"2026-04-30T02:43:59.681Z","coords":{"latitude":6.2268789,"longitude":-75.5998817,"accuracy":5.8,"speed":0.11,"heading":174.37,"altitude":1549.2},"is_moving":true,"odometer":13297.13,"battery":{"level":0.31,"is_charging":false},"activity":{"type":"walking"},"extras":{},"_":"&id=34383945&lat=6.2268789&lon=-75.5998817&timestamp=2026-04-30T02:43:59.681Z&"},"device_id":"34383945"}
2026-04-29 21:43:59  INFO: [T902f2f1f: osmand > 127.0.0.1] HTTP/1.1 200 OK\r\ncontent-length: 0\r\n\r\n
2026-04-29 21:44:03  INFO: [T902f2f1f] id: 34383945, time: 2026-04-29 21:43:59, lat: 6.22688, lon: -75.59988, speed: 0.2, course: 174.4
2026-04-29 21:44:05  INFO: [T902f2f1f: osmand < 127.0.0.1] POST /client-proxy/ HTTP/1.1\r\nUser-Agent: okhttp/4.12.0\r\nAccept-Encoding: gzip\r\nContent-Type: application/json; charset=utf-8\r\nX-Forwarded-For: 2803:1800:4008:52c8:b8d6:5aff:fe04:8051\r\nX-Forwarded-Host: arrive-legible-reexamine.ngrok-free.dev\r\nX-Forwarded-Proto: https\r\nVia: 1.1 DESKTOP-MAR70HE\r\nForwarded: by="[0:0:0:0:0:0:0:1]";for="[0:0:0:0:0:0:0:1]";host="arrive-legible-reexamine.ngrok-free.dev";proto=http\r\nHost: localhost:5055\r\nContent-Length: 401\r\n\r\n
2026-04-29 21:44:05  INFO: [T902f2f1f: osmand < 127.0.0.1] {"location":{"timestamp":"2026-04-30T02:44:04.921Z","coords":{"latitude":6.2268792,"longitude":-75.5998829,"accuracy":5.65,"speed":0.06,"heading":-1,"altitude":1549.2},"is_moving":true,"odometer":13297.13,"battery":{"level":0.31,"is_charging":false},"activity":{"type":"walking"},"extras":{},"_":"&id=34383945&lat=6.2268792&lon=-75.5998829&timestamp=2026-04-30T02:44:04.921Z&"},"device_id":"34383945"}
2026-04-29 21:44:05  INFO: [T902f2f1f: osmand > 127.0.0.1] HTTP/1.1 200 OK\r\ncontent-length: 0\r\n\r\n
2026-04-29 21:44:08  INFO: [T902f2f1f] id: 34383945, time: 2026-04-29 21:44:04, lat: 6.22688, lon: -75.59988, speed: 0.1, course: 0.0
2026-04-29 21:44:10  INFO: [T902f2f1f: osmand < 127.0.0.1] POST /client-proxy/ HTTP/1.1\r\nUser-Agent: okhttp/4.12.0\r\nAccept-Encoding: gzip\r\nContent-Type: application/json; charset=utf-8\r\nX-Forwarded-For: 2803:1800:4008:52c8:b8d6:5aff:fe04:8051\r\nX-Forwarded-Host: arrive-legible-reexamine.ngrok-free.dev\r\nX-Forwarded-Proto: https\r\nVia: 1.1 DESKTOP-MAR70HE\r\nForwarded: by="[0:0:0:0:0:0:0:1]";for="[0:0:0:0:0:0:0:1]";host="arrive-legible-reexamine.ngrok-free.dev";proto=http\r\nHost: localhost:5055\r\nContent-Length: 401\r\n\r\n
2026-04-29 21:44:10  INFO: [T902f2f1f: osmand < 127.0.0.1] {"location":{"timestamp":"2026-04-30T02:44:10.668Z","coords":{"latitude":6.2268731,"longitude":-75.5998812,"accuracy":5.53,"speed":0.06,"heading":-1,"altitude":1549.2},"is_moving":true,"odometer":13297.13,"battery":{"level":0.31,"is_charging":false},"activity":{"type":"walking"},"extras":{},"_":"&id=34383945&lat=6.2268731&lon=-75.5998812&timestamp=2026-04-30T02:44:10.668Z&"},"device_id":"34383945"}
2026-04-29 21:44:10  INFO: [T902f2f1f: osmand > 127.0.0.1] HTTP/1.1 200 OK\r\ncontent-length: 0\r\n\r\n
2026-04-29 21:44:13  INFO: [T902f2f1f] id: 34383945, time: 2026-04-29 21:44:10, lat: 6.22687, lon: -75.59988, speed: 0.1, course: 0.0
2026-04-29 21:44:16  INFO: [T902f2f1f: osmand < 127.0.0.1] POST /client-proxy/ HTTP/1.1\r\nUser-Agent: okhttp/4.12.0\r\nAccept-Encoding: gzip\r\nContent-Type: application/json; charset=utf-8\r\nX-Forwarded-For: 2803:1800:4008:52c8:b8d6:5aff:fe04:8051\r\nX-Forwarded-Host: arrive-legible-reexamine.ngrok-free.dev\r\nX-Forwarded-Proto: https\r\nVia: 1.1 DESKTOP-MAR70HE\r\nForwarded: by="[0:0:0:0:0:0:0:1]";for="[0:0:0:0:0:0:0:1]";host="arrive-legible-reexamine.ngrok-free.dev";proto=http\r\nHost: localhost:5055\r\nContent-Length: 399\r\n\r\n
2026-04-29 21:44:16  INFO: [T902f2f1f: osmand < 127.0.0.1] {"location":{"timestamp":"2026-04-30T02:44:16.671Z","coords":{"latitude":6.22687,"longitude":-75.5998832,"accuracy":4.74,"speed":0.15,"heading":124.59,"altitude":1549.2},"is_moving":true,"odometer":13297.13,"battery":{"level":0.31,"is_charging":false},"activity":{"type":"still"},"extras":{},"_":"&id=34383945&lat=6.22687&lon=-75.5998832&timestamp=2026-04-30T02:44:16.671Z&"},"device_id":"34383945"}
2026-04-29 21:44:16  INFO: [T902f2f1f: osmand > 127.0.0.1] HTTP/1.1 200 OK\r\ncontent-length: 0\r\n\r\n
2026-04-29 21:44:19  INFO: [T902f2f1f] id: 34383945, time: 2026-04-29 21:44:16, lat: 6.22687, lon: -75.59988, speed: 0.3, course: 124.6
2026-04-29 21:44:22  INFO: [T902f2f1f: osmand < 127.0.0.1] POST /client-proxy/ HTTP/1.1\r\nUser-Agent: okhttp/4.12.0\r\nAccept-Encoding: gzip\r\nContent-Type: application/json; charset=utf-8\r\nX-Forwarded-For: 2803:1800:4008:52c8:b8d6:5aff:fe04:8051\r\nX-Forwarded-Host: arrive-legible-reexamine.ngrok-free.dev\r\nX-Forwarded-Proto: https\r\nVia: 1.1 DESKTOP-MAR70HE\r\nForwarded: by="[0:0:0:0:0:0:0:1]";for="[0:0:0:0:0:0:0:1]";host="arrive-legible-reexamine.ngrok-free.dev";proto=http\r\nHost: localhost:5055\r\nContent-Length: 401\r\n\r\n
2026-04-29 21:44:22  INFO: [T902f2f1f: osmand < 127.0.0.1] {"location":{"timestamp":"2026-04-30T02:44:22.673Z","coords":{"latitude":6.2268667,"longitude":-75.5998819,"accuracy":4.3,"speed":0.16,"heading":93.48,"altitude":1549.2},"is_moving":true,"odometer":13297.13,"battery":{"level":0.31,"is_charging":false},"activity":{"type":"still"},"extras":{},"_":"&id=34383945&lat=6.2268667&lon=-75.5998819&timestamp=2026-04-30T02:44:22.673Z&"},"device_id":"34383945"}
2026-04-29 21:44:22  INFO: [T902f2f1f: osmand > 127.0.0.1] HTTP/1.1 200 OK\r\ncontent-length: 0\r\n\r\n
2026-04-29 21:44:26  INFO: [T902f2f1f] id: 34383945, time: 2026-04-29 21:44:22, lat: 6.22687, lon: -75.59988, speed: 0.3, course: 93.5
2026-04-29 21:44:28  INFO: [T902f2f1f: osmand < 127.0.0.1] POST /client-proxy/ HTTP/1.1\r\nUser-Agent: okhttp/4.12.0\r\nAccept-Encoding: gzip\r\nContent-Type: application/json; charset=utf-8\r\nX-Forwarded-For: 2803:1800:4008:52c8:b8d6:5aff:fe04:8051\r\nX-Forwarded-Host: arrive-legible-reexamine.ngrok-free.dev\r\nX-Forwarded-Proto: https\r\nVia: 1.1 DESKTOP-MAR70HE\r\nForwarded: by="[0:0:0:0:0:0:0:1]";for="[0:0:0:0:0:0:0:1]";host="arrive-legible-reexamine.ngrok-free.dev";proto=http\r\nHost: localhost:5055\r\nContent-Length: 399\r\n\r\n
2026-04-29 21:44:28  INFO: [T902f2f1f: osmand < 127.0.0.1] {"location":{"timestamp":"2026-04-30T02:44:28.663Z","coords":{"latitude":6.2268663,"longitude":-75.5998827,"accuracy":4.51,"speed":0.23,"heading":90,"altitude":1549.2},"is_moving":true,"odometer":13297.13,"battery":{"level":0.31,"is_charging":false},"activity":{"type":"still"},"extras":{},"_":"&id=34383945&lat=6.2268663&lon=-75.5998827&timestamp=2026-04-30T02:44:28.663Z&"},"device_id":"34383945"}
2026-04-29 21:44:28  INFO: [T902f2f1f: osmand > 127.0.0.1] HTTP/1.1 200 OK\r\ncontent-length: 0\r\n\r\n
2026-04-29 21:44:32  INFO: [T902f2f1f] id: 34383945, time: 2026-04-29 21:44:28, lat: 6.22687, lon: -75.59988, speed: 0.4, course: 90.0
2026-04-29 21:44:33  INFO: [T902f2f1f: osmand < 127.0.0.1] POST /client-proxy/ HTTP/1.1\r\nUser-Agent: okhttp/4.12.0\r\nAccept-Encoding: gzip\r\nContent-Type: application/json; charset=utf-8\r\nX-Forwarded-For: 2803:1800:4008:52c8:b8d6:5aff:fe04:8051\r\nX-Forwarded-Host: arrive-legible-reexamine.ngrok-free.dev\r\nX-Forwarded-Proto: https\r\nVia: 1.1 DESKTOP-MAR70HE\r\nForwarded: by="[0:0:0:0:0:0:0:1]";for="[0:0:0:0:0:0:0:1]";host="arrive-legible-reexamine.ngrok-free.dev";proto=http\r\nHost: localhost:5055\r\nContent-Length: 401\r\n\r\n
2026-04-29 21:44:33  INFO: [T902f2f1f: osmand < 127.0.0.1] {"location":{"timestamp":"2026-04-30T02:44:30.129Z","coords":{"latitude":6.2268664,"longitude":-75.5998834,"accuracy":4.58,"speed":0.25,"heading":16.4,"altitude":1549.2},"is_moving":true,"odometer":13297.13,"battery":{"level":0.31,"is_charging":false},"activity":{"type":"still"},"extras":{},"_":"&id=34383945&lat=6.2268664&lon=-75.5998834&timestamp=2026-04-30T02:44:30.129Z&"},"device_id":"34383945"}
2026-04-29 21:44:33  INFO: [T902f2f1f: osmand > 127.0.0.1] HTTP/1.1 200 OK\r\ncontent-length: 0\r\n\r\n
2026-04-29 21:44:34  INFO: [T902f2f1f: osmand < 127.0.0.1] POST /client-proxy/ HTTP/1.1\r\nUser-Agent: okhttp/4.12.0\r\nAccept-Encoding: gzip\r\nContent-Type: application/json; charset=utf-8\r\nX-Forwarded-For: 2803:1800:4008:52c8:b8d6:5aff:fe04:8051\r\nX-Forwarded-Host: arrive-legible-reexamine.ngrok-free.dev\r\nX-Forwarded-Proto: https\r\nVia: 1.1 DESKTOP-MAR70HE\r\nForwarded: by="[0:0:0:0:0:0:0:1]";for="[0:0:0:0:0:0:0:1]";host="arrive-legible-reexamine.ngrok-free.dev";proto=http\r\nHost: localhost:5055\r\nContent-Length: 403\r\n\r\n
2026-04-29 21:44:34  INFO: [T902f2f1f: osmand < 127.0.0.1] {"location":{"timestamp":"2026-04-30T02:44:33.663Z","coords":{"latitude":6.2268658,"longitude":-75.5998831,"accuracy":4.58,"speed":0.22,"heading":335.67,"altitude":1549.2},"is_moving":true,"odometer":13297.13,"battery":{"level":0.31,"is_charging":false},"activity":{"type":"still"},"extras":{},"_":"&id=34383945&lat=6.2268658&lon=-75.5998831&timestamp=2026-04-30T02:44:33.663Z&"},"device_id":"34383945"}
2026-04-29 21:44:34  INFO: [T902f2f1f: osmand > 127.0.0.1] HTTP/1.1 200 OK\r\ncontent-length: 0\r\n\r\n
2026-04-29 21:44:36  INFO: [T902f2f1f] id: 34383945, time: 2026-04-29 21:44:30, lat: 6.22687, lon: -75.59988, speed: 0.5, course: 16.4
2026-04-29 21:44:37  INFO: [T902f2f1f] id: 34383945, time: 2026-04-29 21:44:33, lat: 6.22687, lon: -75.59988, speed: 0.4, course: 335.7
2026-04-29 21:44:38  INFO: [T902f2f1f: osmand < 127.0.0.1] POST /client-proxy/ HTTP/1.1\r\nUser-Agent: okhttp/4.12.0\r\nAccept-Encoding: gzip\r\nContent-Type: application/json; charset=utf-8\r\nX-Forwarded-For: 2803:1800:4008:52c8:b8d6:5aff:fe04:8051\r\nX-Forwarded-Host: arrive-legible-reexamine.ngrok-free.dev\r\nX-Forwarded-Proto: https\r\nVia: 1.1 DESKTOP-MAR70HE\r\nForwarded: by="[0:0:0:0:0:0:0:1]";for="[0:0:0:0:0:0:0:1]";host="arrive-legible-reexamine.ngrok-free.dev";proto=http\r\nHost: localhost:5055\r\nContent-Length: 400\r\n\r\n
2026-04-29 21:44:38  INFO: [T902f2f1f: osmand < 127.0.0.1] {"location":{"timestamp":"2026-04-30T02:44:38.663Z","coords":{"latitude":6.2268647,"longitude":-75.5998884,"accuracy":5.03,"speed":0.23,"heading":225,"altitude":1549.2},"is_moving":true,"odometer":13297.13,"battery":{"level":0.31,"is_charging":false},"activity":{"type":"still"},"extras":{},"_":"&id=34383945&lat=6.2268647&lon=-75.5998884&timestamp=2026-04-30T02:44:38.663Z&"},"device_id":"34383945"}
2026-04-29 21:44:38  INFO: [T902f2f1f: osmand > 127.0.0.1] HTTP/1.1 200 OK\r\ncontent-length: 0\r\n\r\n
2026-04-29 21:44:41  INFO: [T902f2f1f] id: 34383945, time: 2026-04-29 21:44:38, lat: 6.22686, lon: -75.59989, speed: 0.4, course: 225.0
2026-04-29 21:44:44  INFO: [T902f2f1f: osmand < 127.0.0.1] POST /client-proxy/ HTTP/1.1\r\nUser-Agent: okhttp/4.12.0\r\nAccept-Encoding: gzip\r\nContent-Type: application/json; charset=utf-8\r\nX-Forwarded-For: 2803:1800:4008:52c8:b8d6:5aff:fe04:8051\r\nX-Forwarded-Host: arrive-legible-reexamine.ngrok-free.dev\r\nX-Forwarded-Proto: https\r\nVia: 1.1 DESKTOP-MAR70HE\r\nForwarded: by="[0:0:0:0:0:0:0:1]";for="[0:0:0:0:0:0:0:1]";host="arrive-legible-reexamine.ngrok-free.dev";proto=http\r\nHost: localhost:5055\r\nContent-Lengt
2026-04-29 21:44:44  INFO: [T902f2f1f: osmand < 127.0.0.1] h: 403\r\n\r\n{"location":{"timestamp":"2026-04-30T02:44:40.607Z","coords":{"latitude":6.2268662,"longitude":-75.5998884,"accuracy":5.24,"speed":0.12,"heading":239.72,"altitude":1549.2},"is_moving":true,"odometer":13297.13,"battery":{"level":0.31,"is_charging":false},"activity":{"type":"still"},"extras":{},"_":"&id=34383945&lat=6.2268662&lon=-75.5998884&timestamp=2026-04-30T02:44:40.607Z&"},"device_id":"34383945"}
2026-04-29 21:44:44  INFO: [T902f2f1f: osmand > 127.0.0.1] HTTP/1.1 200 OK\r\ncontent-length: 0\r\n\r\n
2026-04-29 21:44:45  INFO: [T902f2f1f: osmand < 127.0.0.1] POST /client-proxy/ HTTP/1.1\r\nUser-Agent: okhttp/4.12.0\r\nAccept-Encoding: gzip\r\nContent-Type: application/json; charset=utf-8\r\nX-Forwarded-For: 2803:1800:4008:52c8:b8d6:5aff:fe04:8051\r\nX-Forwarded-Host: arrive-legible-reexamine.ngrok-free.dev\r\nX-Forwarded-Proto: https\r\nVia: 1.1 DESKTOP-MAR70HE\r\nForwarded: by="[0:0:0:0:0:0:0:1]";for="[0:0:0:0:0:0:0:1]";host="arrive-legible-reexamine.ngrok-free.dev";proto=http\r\nHost: localhost:5055\r\nContent-Length: 402\r\n\r\n
2026-04-29 21:44:45  INFO: [T902f2f1f: osmand < 127.0.0.1] {"location":{"timestamp":"2026-04-30T02:44:41.615Z","coords":{"latitude":6.2268666,"longitude":-75.5998886,"accuracy":5.27,"speed":0.1,"heading":249.63,"altitude":1549.2},"is_moving":true,"odometer":13297.13,"battery":{"level":0.31,"is_charging":false},"activity":{"type":"still"},"extras":{},"_":"&id=34383945&lat=6.2268666&lon=-75.5998886&timestamp=2026-04-30T02:44:41.615Z&"},"device_id":"34383945"}
2026-04-29 21:44:45  INFO: [T902f2f1f: osmand > 127.0.0.1] HTTP/1.1 200 OK\r\ncontent-length: 0\r\n\r\n
2026-04-29 21:44:45  INFO: [T902f2f1f: osmand < 127.0.0.1] POST /client-proxy/ HTTP/1.1\r\nUser-Agent: okhttp/4.12.0\r\nAccept-Encoding: gzip\r\nContent-Type: application/json; charset=utf-8\r\nX-Forwarded-For: 2803:1800:4008:52c8:b8d6:5aff:fe04:8051\r\nX-Forwarded-Host: arrive-legible-reexamine.ngrok-free.dev\r\nX-Forwarded-Proto: https\r\nVia: 1.1 DESKTOP-MAR70HE\r\nForwarded: by="[0:0:0:0:0:0:0:1]";for="[0:0:0:0:0:0:0:1]";host="arrive-legible-reexamine.ngrok-free.dev";proto=http\r\nHost: localhost:5055\r\nContent-Length: 397\r\n\r\n
2026-04-29 21:44:45  INFO: [T902f2f1f: osmand < 127.0.0.1] {"location":{"timestamp":"2026-04-30T02:44:44.502Z","coords":{"latitude":6.2268643,"longitude":-75.5998866,"accuracy":5.7,"speed":0.1,"heading":-1,"altitude":1549.2},"is_moving":true,"odometer":13297.13,"battery":{"level":0.31,"is_charging":false},"activity":{"type":"still"},"extras":{},"_":"&id=34383945&lat=6.2268643&lon=-75.5998866&timestamp=2026-04-30T02:44:44.502Z&"},"device_id":"34383945"}
2026-04-29 21:44:45  INFO: [T902f2f1f: osmand > 127.0.0.1] HTTP/1.1 200 OK\r\ncontent-length: 0\r\n\r\n
2026-04-29 21:44:47  INFO: [T902f2f1f] id: 34383945, time: 2026-04-29 21:44:40, lat: 6.22687, lon: -75.59989, speed: 0.2, course: 239.7
2026-04-29 21:44:48  INFO: [T902f2f1f] id: 34383945, time: 2026-04-29 21:44:41, lat: 6.22687, lon: -75.59989, speed: 0.2, course: 249.6
2026-04-29 21:44:48  INFO: [T902f2f1f] id: 34383945, time: 2026-04-29 21:44:44, lat: 6.22686, lon: -75.59989, speed: 0.2, course: 0.0
2026-04-29 21:44:49  INFO: [T902f2f1f: osmand < 127.0.0.1] POST /client-proxy/ HTTP/1.1\r\nUser-Agent: okhttp/4.12.0\r\nAccept-Encoding: gzip\r\nContent-Type: application/json; charset=utf-8\r\nX-Forwarded-For: 2803:1800:4008:52c8:b8d6:5aff:fe04:8051\r\nX-Forwarded-Host: arrive-legible-reexamine.ngrok-free.dev\r\nX-Forwarded-Proto: https\r\nVia: 1.1 DESKTOP-MAR70HE\r\nForwarded: by="[0:0:0:0:0:0:0:1]";for="[0:0:0:0:0:0:0:1]";host="arrive-legible-reexamine.ngrok-free.dev";proto=http\r\nHost: localhost:5055\r\nContent-Length: 402\r\n\r\n
2026-04-29 21:44:49  INFO: [T902f2f1f: osmand < 127.0.0.1] {"location":{"timestamp":"2026-04-30T02:44:45.706Z","coords":{"latitude":6.2268723,"longitude":-75.5998874,"accuracy":5.76,"speed":0.1,"heading":132.49,"altitude":1549.2},"is_moving":true,"odometer":13297.13,"battery":{"level":0.31,"is_charging":false},"activity":{"type":"still"},"extras":{},"_":"&id=34383945&lat=6.2268723&lon=-75.5998874&timestamp=2026-04-30T02:44:45.706Z&"},"device_id":"34383945"}
2026-04-29 21:44:49  INFO: [T902f2f1f: osmand > 127.0.0.1] HTTP/1.1 200 OK\r\ncontent-length: 0\r\n\r\n
2026-04-29 21:44:50  INFO: [T902f2f1f: osmand < 127.0.0.1] POST /client-proxy/ HTTP/1.1\r\nUser-Agent: okhttp/4.12.0\r\nAccept-Encoding: gzip\r\nContent-Type: application/json; charset=utf-8\r\nX-Forwarded-For: 2803:1800:4008:52c8:b8d6:5aff:fe04:8051\r\nX-Forwarded-Host: arrive-legible-reexamine.ngrok-free.dev\r\nX-Forwarded-Proto: https\r\nVia: 1.1 DESKTOP-MAR70HE\r\nForwarded: by="[0:0:0:0:0:0:0:1]";for="[0:0:0:0:0:0:0:1]";host="arrive-legible-reexamine.ngrok-free.dev";proto=http\r\nHost: localhost:5055\r\nContent-Length: 403\r\n\r\n
2026-04-29 21:44:50  INFO: [T902f2f1f: osmand < 127.0.0.1] {"location":{"timestamp":"2026-04-30T02:44:46.509Z","coords":{"latitude":6.2268719,"longitude":-75.5998875,"accuracy":5.73,"speed":0.12,"heading":133.06,"altitude":1549.2},"is_moving":true,"odometer":13297.13,"battery":{"level":0.31,"is_charging":false},"activity":{"type":"still"},"extras":{},"_":"&id=34383945&lat=6.2268719&lon=-75.5998875&timestamp=2026-04-30T02:44:46.509Z&"},"device_id":"34383945"}
2026-04-29 21:44:50  INFO: [T902f2f1f: osmand > 127.0.0.1] HTTP/1.1 200 OK\r\ncontent-length: 0\r\n\r\n
2026-04-29 21:44:50  INFO: [T902f2f1f: osmand < 127.0.0.1] POST /client-proxy/ HTTP/1.1\r\nUser-Agent: okhttp/4.12.0\r\nAccept-Encoding: gzip\r\nContent-Type: application/json; charset=utf-8\r\nX-Forwarded-For: 2803:1800:4008:52c8:b8d6:5aff:fe04:8051\r\nX-Forwarded-Host: arrive-legible-reexamine.ngrok-free.dev\r\nX-Forwarded-Proto: https\r\nVia: 1.1 DESKTOP-MAR70HE\r\nForwarded: by="[0:0:0:0:0:0:0:1]";for="[0:0:0:0:0:0:0:1]";host="arrive-legible-reexamine.ngrok-free.dev";proto=http\r\nHost: localhost:5055\r\nContent-Length: 402\r\n\r\n
2026-04-29 21:44:50  INFO: [T902f2f1f: osmand < 127.0.0.1] {"location":{"timestamp":"2026-04-30T02:44:46.663Z","coords":{"latitude":6.2268718,"longitude":-75.5998876,"accuracy":5.72,"speed":0.12,"heading":136.1,"altitude":1549.2},"is_moving":true,"odometer":13297.13,"battery":{"level":0.31,"is_charging":false},"activity":{"type":"still"},"extras":{},"_":"&id=34383945&lat=6.2268718&lon=-75.5998876&timestamp=2026-04-30T02:44:46.663Z&"},"device_id":"34383945"}
2026-04-29 21:44:50  INFO: [T902f2f1f: osmand > 127.0.0.1] HTTP/1.1 200 OK\r\ncontent-length: 0\r\n\r\n
2026-04-29 21:44:50  INFO: [T902f2f1f: osmand < 127.0.0.1] POST /client-proxy/ HTTP/1.1\r\nUser-Agent: okhttp/4.12.0\r\nAccept-Encoding: gzip\r\nContent-Type: application/json; charset=utf-8\r\nX-Forwarded-For: 2803:1800:4008:52c8:b8d6:5aff:fe04:8051\r\nX-Forwarded-Host: arrive-legible-reexamine.ngrok-free.dev\r\nX-Forwarded-Proto: https\r\nVia: 1.1 DESKTOP-MAR70HE\r\nForwarded: by="[0:0:0:0:0:0:0:1]";for="[0:0:0:0:0:0:0:1]";host="arrive-legible-reexamine.ngrok-free.dev";proto=http\r\nHost: localhost:5055\r\nContent-Length: 403\r\n\r\n
2026-04-29 21:44:50  INFO: [T902f2f1f: osmand < 127.0.0.1] {"location":{"timestamp":"2026-04-30T02:44:49.703Z","coords":{"latitude":6.2268697,"longitude":-75.5998909,"accuracy":5.75,"speed":0.42,"heading":242.89,"altitude":1549.2},"is_moving":true,"odometer":13297.13,"battery":{"level":0.31,"is_charging":false},"activity":{"type":"still"},"extras":{},"_":"&id=34383945&lat=6.2268697&lon=-75.5998909&timestamp=2026-04-30T02:44:49.703Z&"},"device_id":"34383945"}
2026-04-29 21:44:50  INFO: [T902f2f1f: osmand > 127.0.0.1] HTTP/1.1 200 OK\r\ncontent-length: 0\r\n\r\n
2026-04-29 21:44:53  INFO: [T902f2f1f] id: 34383945, time: 2026-04-29 21:44:45, lat: 6.22687, lon: -75.59989, speed: 0.2, course: 132.5
2026-04-29 21:44:53  INFO: [T902f2f1f] id: 34383945, time: 2026-04-29 21:44:46, lat: 6.22687, lon: -75.59989, speed: 0.2, course: 133.1
2026-04-29 21:44:53  INFO: [T902f2f1f] id: 34383945, time: 2026-04-29 21:44:46, lat: 6.22687, lon: -75.59989, speed: 0.2, course: 136.1
2026-04-29 21:44:53  INFO: [T902f2f1f] id: 34383945, time: 2026-04-29 21:44:49, lat: 6.22687, lon: -75.59989, speed: 0.8, course: 242.9
2026-04-29 21:44:55  INFO: [T902f2f1f: osmand < 127.0.0.1] POST /client-proxy/ HTTP/1.1\r\nUser-Agent: okhttp/4.12.0\r\nAccept-Encoding: gzip\r\nContent-Type: application/json; charset=utf-8\r\nX-Forwarded-For: 2803:1800:4008:52c8:b8d6:5aff:fe04:8051\r\nX-Forwarded-Host: arrive-legible-reexamine.ngrok-free.dev\r\nX-Forwarded-Proto: https\r\nVia: 1.1 DESKTOP-MAR70HE\r\nForwarded: by="[0:0:0:0:0:0:0:1]";for="[0:0:0:0:0:0:0:1]";host="arrive-legible-reexamine.ngrok-free.dev";proto=http\r\nHost: localhost:5055\r\nContent-Length: 403\r\n\r\n
2026-04-29 21:44:55  INFO: [T902f2f1f: osmand < 127.0.0.1] {"location":{"timestamp":"2026-04-30T02:44:50.813Z","coords":{"latitude":6.2268671,"longitude":-75.5998933,"accuracy":5.91,"speed":0.46,"heading":307.91,"altitude":1549.2},"is_moving":true,"odometer":13297.13,"battery":{"level":0.31,"is_charging":false},"activity":{"type":"still"},"extras":{},"_":"&id=34383945&lat=6.2268671&lon=-75.5998933&timestamp=2026-04-30T02:44:50.813Z&"},"device_id":"34383945"}
2026-04-29 21:44:55  INFO: [T902f2f1f: osmand > 127.0.0.1] HTTP/1.1 200 OK\r\ncontent-length: 0\r\n\r\n
2026-04-29 21:44:56  INFO: [T902f2f1f: osmand < 127.0.0.1] POST /client-proxy/ HTTP/1.1\r\nUser-Agent: okhttp/4.12.0\r\nAccept-Encoding: gzip\r\nContent-Type: application/json; charset=utf-8\r\nX-Forwarded-For: 2803:1800:4008:52c8:b8d6:5aff:fe04:8051\r\nX-Forwarded-Host: arrive-legible-reexamine.ngrok-free.dev\r\nX-Forwarded-Proto: https\r\nVia: 1.1 DESKTOP-MAR70HE\r\nForwarded: by="[0:0:0:0:0:0:0:1]";for="[0:0:0:0:0:0:0:1]";host="arrive-legible-reexamine.ngrok-free.dev";proto=http\r\nHost: localhost:5055\r\nContent-Length: 403\r\n\r\n
2026-04-29 21:44:56  INFO: [T902f2f1f: osmand < 127.0.0.1] {"location":{"timestamp":"2026-04-30T02:44:55.663Z","coords":{"latitude":6.2268693,"longitude":-75.5998937,"accuracy":5.95,"speed":0.11,"heading":348.71,"altitude":1549.2},"is_moving":true,"odometer":13297.13,"battery":{"level":0.31,"is_charging":false},"activity":{"type":"still"},"extras":{},"_":"&id=34383945&lat=6.2268693&lon=-75.5998937&timestamp=2026-04-30T02:44:55.663Z&"},"device_id":"34383945"}
2026-04-29 21:44:56  INFO: [T902f2f1f: osmand > 127.0.0.1] HTTP/1.1 200 OK\r\ncontent-length: 0\r\n\r\n
2026-04-29 21:44:59  INFO: [T902f2f1f] id: 34383945, time: 2026-04-29 21:44:50, lat: 6.22687, lon: -75.59989, speed: 0.9, course: 307.9
2026-04-29 21:44:59  INFO: [T902f2f1f] id: 34383945, time: 2026-04-29 21:44:55, lat: 6.22687, lon: -75.59989, speed: 0.2, course: 348.7
2026-04-29 21:45:00  INFO: [T902f2f1f: osmand < 127.0.0.1] POST /client-proxy/ HTTP/1.1\r\nUser-Agent: okhttp/4.12.0\r\nAccept-Encoding: gzip\r\nContent-Type: application/json; charset=utf-8\r\nX-Forwarded-For: 2803:1800:4008:52c8:b8d6:5aff:fe04:8051\r\nX-Forwarded-Host: arrive-legible-reexamine.ngrok-free.dev\r\nX-Forwarded-Proto: https\r\nVia: 1.1 DESKTOP-MAR70HE\r\nForwarded: by="[0:0:0:0:0:0:0:1]";for="[0:0:0:0:0:0:0:1]";host="arrive-legible-reexamine.ngrok-free.dev";proto=http\r\nHost: localhost:5055\r\nContent-Length: 403\r\n\r\n
2026-04-29 21:45:00  INFO: [T902f2f1f: osmand < 127.0.0.1] {"location":{"timestamp":"2026-04-30T02:44:59.663Z","coords":{"latitude":6.2268654,"longitude":-75.5998915,"accuracy":5.16,"speed":0.13,"heading":284.46,"altitude":1549.2},"is_moving":true,"odometer":13297.13,"battery":{"level":0.31,"is_charging":false},"activity":{"type":"still"},"extras":{},"_":"&id=34383945&lat=6.2268654&lon=-75.5998915&timestamp=2026-04-30T02:44:59.663Z&"},"device_id":"34383945"}
2026-04-29 21:45:00  INFO: [T902f2f1f: osmand > 127.0.0.1] HTTP/1.1 200 OK\r\ncontent-length: 0\r\n\r\n
2026-04-29 21:45:01  INFO: [T902f2f1f: osmand < 127.0.0.1] POST /client-proxy/ HTTP/1.1\r\nUser-Agent: okhttp/4.12.0\r\nAccept-Encoding: gzip\r\nContent-Type: application/json; charset=utf-8\r\nX-Forwarded-For: 2803:1800:4008:52c8:b8d6:5aff:fe04:8051\r\nX-Forwarded-Host: arrive-legible-reexamine.ngrok-free.dev\r\nX-Forwarded-Proto: https\r\nVia: 1.1 DESKTOP-MAR70HE\r\nForwarded: by="[0:0:0:0:0:0:0:1]";for="[0:0:0:0:0:0:0:1]";host="arrive-legible-reexamine.ngrok-free.dev";proto=http\r\nHost: localhost:5055\r\nContent-Lengt
2026-04-29 21:45:01  INFO: [T902f2f1f: osmand < 127.0.0.1] h: 403\r\n\r\n{"location":{"timestamp":"2026-04-30T02:45:00.663Z","coords":{"latitude":6.2268656,"longitude":-75.5998913,"accuracy":5.12,"speed":0.12,"heading":322.95,"altitude":1549.2},"is_moving":true,"odometer":13297.13,"battery":{"level":0.31,"is_charging":false},"activity":{"type":"still"},"extras":{},"_":"&id=34383945&lat=6.2268656&lon=-75.5998913&timestamp=2026-04-30T02:45:00.663Z&"},"device_id":"34383945"}
2026-04-29 21:45:01  INFO: [T902f2f1f: osmand > 127.0.0.1] HTTP/1.1 200 OK\r\ncontent-length: 0\r\n\r\n
2026-04-29 21:45:03  INFO: [T902f2f1f] id: 34383945, time: 2026-04-29 21:44:59, lat: 6.22687, lon: -75.59989, speed: 0.3, course: 284.5
2026-04-29 21:45:04  INFO: [T902f2f1f] id: 34383945, time: 2026-04-29 21:45:00, lat: 6.22687, lon: -75.59989, speed: 0.2, course: 323.0
2026-04-29 21:45:05  INFO: [T902f2f1f: osmand < 127.0.0.1] POST /client-proxy/ HTTP/1.1\r\nUser-Agent: okhttp/4.12.0\r\nAccept-Encoding: gzip\r\nContent-Type: application/json; charset=utf-8\r\nX-Forwarded-For: 2803:1800:4008:52c8:b8d6:5aff:fe04:8051\r\nX-Forwarded-Host: arrive-legible-reexamine.ngrok-free.dev\r\nX-Forwarded-Proto: https\r\nVia: 1.1 DESKTOP-MAR70HE\r\nForwarded: by="[0:0:0:0:0:0:0:1]";for="[0:0:0:0:0:0:0:1]";host="arrive-legible-reexamine.ngrok-free.dev";proto=http\r\nHost: localhost:5055\r\nContent-Length: 398\r\n\r\n
2026-04-29 21:45:05  INFO: [T902f2f1f: osmand < 127.0.0.1] {"location":{"timestamp":"2026-04-30T02:45:05.663Z","coords":{"latitude":6.2268664,"longitude":-75.5998888,"accuracy":5.4,"speed":0.03,"heading":-1,"altitude":1549.2},"is_moving":true,"odometer":13297.13,"battery":{"level":0.31,"is_charging":false},"activity":{"type":"still"},"extras":{},"_":"&id=34383945&lat=6.2268664&lon=-75.5998888&timestamp=2026-04-30T02:45:05.663Z&"},"device_id":"34383945"}
2026-04-29 21:45:05  INFO: [T902f2f1f: osmand > 127.0.0.1] HTTP/1.1 200 OK\r\ncontent-length: 0\r\n\r\n
2026-04-29 21:45:09  INFO: [T902f2f1f] id: 34383945, time: 2026-04-29 21:45:05, lat: 6.22687, lon: -75.59989, speed: 0.1, course: 0.0
2026-04-29 21:45:10  INFO: [T902f2f1f: osmand < 127.0.0.1] POST /client-proxy/ HTTP/1.1\r\nUser-Agent: okhttp/4.12.0\r\nAccept-Encoding: gzip\r\nContent-Type: application/json; charset=utf-8\r\nX-Forwarded-For: 2803:1800:4008:52c8:b8d6:5aff:fe04:8051\r\nX-Forwarded-Host: arrive-legible-reexamine.ngrok-free.dev\r\nX-Forwarded-Proto: https\r\nVia: 1.1 DESKTOP-MAR70HE\r\nForwarded: by="[0:0:0:0:0:0:0:1]";for="[0:0:0:0:0:0:0:1]";host="arrive-legible-reexamine.ngrok-free.dev";proto=http\r\nHost: localhost:5055\r\nContent-Length: 398\r\n\r\n
2026-04-29 21:45:10  INFO: [T902f2f1f: osmand < 127.0.0.1] {"location":{"timestamp":"2026-04-30T02:45:06.663Z","coords":{"latitude":6.2268662,"longitude":-75.5998888,"accuracy":5.46,"speed":0.02,"heading":-1,"altitude":1549.2},"is_moving":true,"odometer":13297.13,"battery":{"level":0.3,"is_charging":false},"activity":{"type":"still"},"extras":{},"_":"&id=34383945&lat=6.2268662&lon=-75.5998888&timestamp=2026-04-30T02:45:06.663Z&"},"device_id":"34383945"}
2026-04-29 21:45:10  INFO: [T902f2f1f: osmand > 127.0.0.1] HTTP/1.1 200 OK\r\ncontent-length: 0\r\n\r\n
2026-04-29 21:45:11  INFO: [T902f2f1f: osmand < 127.0.0.1] POST /client-proxy/ HTTP/1.1\r\nUser-Agent: okhttp/4.12.0\r\nAccept-Encoding: gzip\r\nContent-Type: application/json; charset=utf-8\r\nX-Forwarded-For: 2803:1800:4008:52c8:b8d6:5aff:fe04:8051\r\nX-Forwarded-Host: arrive-legible-reexamine.ngrok-free.dev\r\nX-Forwarded-Proto: https\r\nVia: 1.1 DESKTOP-MAR70HE\r\nForwarded: by="[0:0:0:0:0:0:0:1]";for="[0:0:0:0:0:0:0:1]";host="arrive-legible-reexamine.ngrok-free.dev";proto=http\r\nHost: localhost:5055\r\nContent-Length: 398\r\n\r\n
2026-04-29 21:45:11  INFO: [T902f2f1f: osmand < 127.0.0.1] {"location":{"timestamp":"2026-04-30T02:45:10.663Z","coords":{"latitude":6.2268659,"longitude":-75.5998891,"accuracy":5.23,"speed":0.02,"heading":-1,"altitude":1546.8},"is_moving":true,"odometer":13297.13,"battery":{"level":0.3,"is_charging":false},"activity":{"type":"still"},"extras":{},"_":"&id=34383945&lat=6.2268659&lon=-75.5998891&timestamp=2026-04-30T02:45:10.663Z&"},"device_id":"34383945"}
2026-04-29 21:45:11  INFO: [T902f2f1f: osmand > 127.0.0.1] HTTP/1.1 200 OK\r\ncontent-length: 0\r\n\r\n
2026-04-29 21:45:13  INFO: [T902f2f1f] id: 34383945, time: 2026-04-29 21:45:06, lat: 6.22687, lon: -75.59989, speed: 0.0, course: 0.0
2026-04-29 21:45:14  INFO: [T902f2f1f] id: 34383945, time: 2026-04-29 21:45:10, lat: 6.22687, lon: -75.59989, speed: 0.0, course: 0.0
2026-05-04 13:36:24  INFO: Operating system name: Windows 11 version: 10.0 architecture: amd64
2026-05-04 13:36:24  INFO: Java runtime name: OpenJDK 64-Bit Server VM vendor: Eclipse Adoptium version: 17.0.16+8
2026-05-04 13:36:24  INFO: Memory limit heap: 8176mb non-heap: 0mb
2026-05-04 13:36:24  INFO: Character encoding: windows-1252
2026-05-04 13:36:24  INFO: Version: 6.12.2
2026-05-04 13:36:24  INFO: Starting server...
2026-05-04 13:36:24  INFO: HikariPool-1 - Starting...
2026-05-04 13:36:25  INFO: HikariPool-1 - Added connection conn0: url=jdbc:h2:./database/data/database user=SA
2026-05-04 13:36:25  INFO: HikariPool-1 - Start completed.
2026-05-04 13:36:25  INFO: Set default schema name to PUBLIC
2026-05-04 13:36:25  INFO: Successfully acquired change log lock
2026-05-04 13:36:25  INFO: Clearing database change log checksums for database h2
2026-05-04 13:36:25  INFO: Successfully released change log lock
2026-05-04 13:36:25  INFO: Command execution complete
2026-05-04 13:36:26  INFO: Reading from PUBLIC.DATABASECHANGELOG
2026-05-04 13:36:26  INFO: Reading from PUBLIC.DATABASECHANGELOG
2026-05-04 13:36:26  INFO: Successfully acquired change log lock
2026-05-04 13:36:26  INFO: Using deploymentId: 7919785210
2026-05-04 13:36:26  INFO: Reading from PUBLIC.DATABASECHANGELOG
2026-05-04 13:36:26  INFO: Columns routeId(BIGINT) added to tc_devices
2026-05-04 13:36:26  INFO: Foreign key constraint added to tc_devices (routeId)
2026-05-04 13:36:26  INFO: Index idx_device_routeid created
2026-05-04 13:36:26  INFO: ChangeSet changelog-device-route-assignment::changelog-device-route-assignment-1::urbus ran successfully in 40ms
2026-05-04 13:36:26  INFO: UPDATE SUMMARY
2026-05-04 13:36:26  INFO: Run:                          1
2026-05-04 13:36:26  INFO: Previously run:              36
2026-05-04 13:36:26  INFO: Filtered out:                 0
2026-05-04 13:36:26  INFO: -------------------------------
2026-05-04 13:36:26  INFO: Total change sets:           37
2026-05-04 13:36:26  INFO: Update summary generated
2026-05-04 13:36:26  INFO: Update command completed successfully.
2026-05-04 13:36:26  INFO: Successfully released change log lock
2026-05-04 13:36:26  INFO: Command execution complete
2026-05-04 13:36:27  WARN: Port disabled due to conflict - Address already in use: bind - BindException (...)
2026-05-04 13:36:28  INFO: jetty-12.1.6; built: 2026-01-27T18:53:19.182Z; git: 88ca559572b1c8858b3c5684bb0293fa64e5e90f; jvm 17.0.16+8
2026-05-04 13:36:28  INFO: Session workerName=node0
2026-05-04 13:36:28  INFO: Started oeje10s.ServletContextHandler@1fb71788{ROOT,/,b=file:///C:/Users/juanm/Documents/Traccat-Server/web/,a=AVAILABLE,h=oeje10s.SessionHandler@8cb7185{STARTED}}
2026-05-04 13:36:28  INFO: Started oeje10s.ServletContextHandler@1fb71788{ROOT,/,b=file:///C:/Users/juanm/Documents/Traccat-Server/web/,a=AVAILABLE,h=oeje10s.SessionHandler@8cb7185{STARTED}}
2026-05-04 13:36:28  INFO: Started oejs.ServerConnector@41db7f32{HTTP/1.1, (http/1.1)}{0.0.0.0:8082}
2026-05-04 13:36:28  INFO: Started oejs.Server@38874eb5{STARTING}[12.1.6,sto=0] @865ms
2026-05-04 13:42:45  INFO: Operating system name: Windows 11 version: 10.0 architecture: amd64
2026-05-04 13:42:46  INFO: Java runtime name: OpenJDK 64-Bit Server VM vendor: Eclipse Adoptium version: 17.0.16+8
2026-05-04 13:42:46  INFO: Memory limit heap: 8176mb non-heap: 0mb
2026-05-04 13:42:46  INFO: Character encoding: windows-1252
2026-05-04 13:42:46  INFO: Version: 6.12.2
2026-05-04 13:42:46  INFO: Starting server...
2026-05-04 13:42:46  INFO: HikariPool-1 - Starting...
2026-05-04 13:42:46  INFO: HikariPool-1 - Added connection conn0: url=jdbc:h2:./database/data/database user=SA
2026-05-04 13:42:46  INFO: HikariPool-1 - Start completed.
2026-05-04 13:42:46  INFO: Set default schema name to PUBLIC
2026-05-04 13:42:46  INFO: Creating snapshot
2026-05-04 13:42:46  INFO: Successfully acquired change log lock
2026-05-04 13:42:46  INFO: Creating database changelog table with name: PUBLIC.DATABASECHANGELOG
2026-05-04 13:42:46  INFO: Clearing database change log checksums for database h2
2026-05-04 13:42:46  INFO: Successfully released change log lock
2026-05-04 13:42:46  INFO: Command execution complete
2026-05-04 13:42:47  INFO: Reading from PUBLIC.DATABASECHANGELOG
2026-05-04 13:42:47  INFO: Successfully acquired change log lock
2026-05-04 13:42:47  INFO: Using deploymentId: 7920166628
2026-05-04 13:42:47  INFO: Reading from PUBLIC.DATABASECHANGELOG
2026-05-04 13:42:48  INFO: Table tc_attributes created
2026-05-04 13:42:48  INFO: Table tc_calendars created
2026-05-04 13:42:48  INFO: Table tc_commands created
2026-05-04 13:42:48  INFO: Table tc_device_attribute created
2026-05-04 13:42:48  INFO: Table tc_device_command created
2026-05-04 13:42:48  INFO: Table tc_device_driver created
2026-05-04 13:42:48  INFO: Table tc_device_geofence created
2026-05-04 13:42:48  INFO: Table tc_device_maintenance created
2026-05-04 13:42:48  INFO: Table tc_device_notification created
2026-05-04 13:42:48  INFO: Table tc_devices created
2026-05-04 13:42:48  INFO: Table tc_drivers created
2026-05-04 13:42:48  INFO: Table tc_events created
2026-05-04 13:42:48  INFO: Table tc_geofences created
2026-05-04 13:42:48  INFO: Table tc_group_attribute created
2026-05-04 13:42:48  INFO: Table tc_group_command created
2026-05-04 13:42:48  INFO: Table tc_group_driver created
2026-05-04 13:42:48  INFO: Table tc_group_geofence created
2026-05-04 13:42:48  INFO: Table tc_group_maintenance created
2026-05-04 13:42:48  INFO: Table tc_group_notification created
2026-05-04 13:42:48  INFO: Table tc_groups created
2026-05-04 13:42:48  INFO: Table tc_maintenances created
2026-05-04 13:42:48  INFO: Table tc_notifications created
2026-05-04 13:42:48  INFO: Table tc_positions created
2026-05-04 13:42:48  INFO: Table tc_servers created
2026-05-04 13:42:48  INFO: Table tc_statistics created
2026-05-04 13:42:48  INFO: Table tc_user_attribute created
2026-05-04 13:42:48  INFO: Table tc_user_calendar created
2026-05-04 13:42:48  INFO: Table tc_user_command created
2026-05-04 13:42:48  INFO: Table tc_user_device created
2026-05-04 13:42:48  INFO: Table tc_user_driver created
2026-05-04 13:42:48  INFO: Table tc_user_geofence created
2026-05-04 13:42:48  INFO: Table tc_user_group created
2026-05-04 13:42:48  INFO: Table tc_user_maintenance created
2026-05-04 13:42:48  INFO: Table tc_user_notification created
2026-05-04 13:42:48  INFO: Table tc_user_user created
2026-05-04 13:42:48  INFO: Table tc_users created
2026-05-04 13:42:48  INFO: Foreign key constraint added to tc_device_command (commandid)
2026-05-04 13:42:48  INFO: Foreign key constraint added to tc_device_command (deviceid)
2026-05-04 13:42:48  INFO: Foreign key constraint added to tc_device_driver (deviceid)
2026-05-04 13:42:48  INFO: Foreign key constraint added to tc_device_driver (driverid)
2026-05-04 13:42:48  INFO: Foreign key constraint added to tc_device_geofence (deviceid)
2026-05-04 13:42:48  INFO: Foreign key constraint added to tc_device_geofence (geofenceid)
2026-05-04 13:42:48  INFO: Foreign key constraint added to tc_device_maintenance (deviceid)
2026-05-04 13:42:48  INFO: Foreign key constraint added to tc_device_maintenance (maintenanceid)
2026-05-04 13:42:48  INFO: Foreign key constraint added to tc_device_notification (deviceid)
2026-05-04 13:42:48  INFO: Foreign key constraint added to tc_device_notification (notificationid)
2026-05-04 13:42:48  INFO: Foreign key constraint added to tc_devices (groupid)
2026-05-04 13:42:48  INFO: Foreign key constraint added to tc_events (deviceid)
2026-05-04 13:42:48  INFO: Foreign key constraint added to tc_geofences (calendarid)
2026-05-04 13:42:48  INFO: Foreign key constraint added to tc_group_attribute (attributeid)
2026-05-04 13:42:48  INFO: Foreign key constraint added to tc_group_attribute (groupid)
2026-05-04 13:42:48  INFO: Foreign key constraint added to tc_group_command (commandid)
2026-05-04 13:42:48  INFO: Foreign key constraint added to tc_group_command (groupid)
2026-05-04 13:42:48  INFO: Foreign key constraint added to tc_group_driver (driverid)
2026-05-04 13:42:48  INFO: Foreign key constraint added to tc_group_driver (groupid)
2026-05-04 13:42:48  INFO: Foreign key constraint added to tc_group_geofence (geofenceid)
2026-05-04 13:42:48  INFO: Foreign key constraint added to tc_group_geofence (groupid)
2026-05-04 13:42:48  INFO: Foreign key constraint added to tc_group_maintenance (groupid)
2026-05-04 13:42:48  INFO: Foreign key constraint added to tc_group_maintenance (maintenanceid)
2026-05-04 13:42:48  INFO: Foreign key constraint added to tc_group_notification (groupid)
2026-05-04 13:42:48  INFO: Foreign key constraint added to tc_group_notification (notificationid)
2026-05-04 13:42:48  INFO: Foreign key constraint added to tc_notifications (calendarid)
2026-05-04 13:42:48  INFO: Foreign key constraint added to tc_positions (deviceid)
2026-05-04 13:42:48  INFO: Foreign key constraint added to tc_user_attribute (attributeid)
2026-05-04 13:42:48  INFO: Foreign key constraint added to tc_user_attribute (userid)
2026-05-04 13:42:48  INFO: Foreign key constraint added to tc_user_calendar (calendarid)
2026-05-04 13:42:48  INFO: Foreign key constraint added to tc_user_calendar (userid)
2026-05-04 13:42:48  INFO: Foreign key constraint added to tc_user_command (commandid)
2026-05-04 13:42:48  INFO: Foreign key constraint added to tc_user_command (userid)
2026-05-04 13:42:48  INFO: Foreign key constraint added to tc_device_attribute (attributeid)
2026-05-04 13:42:48  INFO: Foreign key constraint added to tc_device_attribute (deviceid)
2026-05-04 13:42:48  INFO: Foreign key constraint added to tc_user_device (deviceid)
2026-05-04 13:42:48  INFO: Foreign key constraint added to tc_user_device (userid)
2026-05-04 13:42:48  INFO: Foreign key constraint added to tc_user_driver (driverid)
2026-05-04 13:42:48  INFO: Foreign key constraint added to tc_user_driver (userid)
2026-05-04 13:42:48  INFO: Foreign key constraint added to tc_user_geofence (geofenceid)
2026-05-04 13:42:48  INFO: Foreign key constraint added to tc_user_geofence (userid)
2026-05-04 13:42:48  INFO: Foreign key constraint added to tc_user_group (groupid)
2026-05-04 13:42:48  INFO: Foreign key constraint added to tc_user_group (userid)
2026-05-04 13:42:48  INFO: Foreign key constraint added to tc_user_maintenance (maintenanceid)
2026-05-04 13:42:48  INFO: Foreign key constraint added to tc_user_maintenance (userid)
2026-05-04 13:42:48  INFO: Foreign key constraint added to tc_user_notification (notificationid)
2026-05-04 13:42:48  INFO: Foreign key constraint added to tc_user_notification (userid)
2026-05-04 13:42:48  INFO: Foreign key constraint added to tc_user_user (userid)
2026-05-04 13:42:48  INFO: New row inserted into tc_servers
2026-05-04 13:42:48  INFO: ChangeSet changelog-4.0-clean::changelog-4.0-clean::author ran successfully in 189ms
2026-05-04 13:42:48  INFO: Foreign key constraint added to tc_groups (groupid)
2026-05-04 13:42:48  INFO: Foreign key constraint added to tc_user_user (manageduserid)
2026-05-04 13:42:48  INFO: ChangeSet changelog-4.0-clean::changelog-4.0-clean-common::author ran successfully in 3ms
2026-05-04 13:42:48  INFO: Marking ChangeSet: "changelog-4.1::changelog-4.1-mssql::author" as ran despite precondition failure due to onFail='MARK_RAN': 
          database/schema/changelog-master.xml : DBMS Precondition failed: expected mssql, got h2

2026-05-04 13:42:48  INFO: Creating snapshot
2026-05-04 13:42:48  INFO: Index user_device_user_id created
2026-05-04 13:42:48  INFO: Index position_deviceid_fixtime created
2026-05-04 13:42:48  INFO: ChangeSet changelog-4.7::changelog-4.7::author ran successfully in 20ms
2026-05-04 13:42:48  INFO: Index event_deviceid_servertime created
2026-05-04 13:42:48  INFO: ChangeSet changelog-4.9::changelog-4.9::author ran successfully in 1ms
2026-05-04 13:42:48  INFO: Columns protocols(VARCHAR(4096)) added to tc_statistics
2026-05-04 13:42:48  INFO: ChangeSet changelog-4.10::changelog-4.10::author ran successfully in 9ms
2026-05-04 13:42:48  INFO: Columns announcement(VARCHAR(4000)) added to tc_servers
2026-05-04 13:42:48  INFO: ChangeSet changelog-4.11::changelog-4.11::author ran successfully in 4ms
2026-05-04 13:42:48  INFO: Column tc_events.servertime renamed to eventtime
2026-05-04 13:42:48  INFO: ChangeSet changelog-4.13::changelog-4.13::author ran successfully in 2ms
2026-05-04 13:42:48  INFO: Table tc_orders created
2026-05-04 13:42:48  INFO: Table tc_user_order created
2026-05-04 13:42:48  INFO: Foreign key constraint added to tc_user_order (userid)
2026-05-04 13:42:48  INFO: Foreign key constraint added to tc_user_order (orderid)
2026-05-04 13:42:48  INFO: Table tc_group_order created
2026-05-04 13:42:48  INFO: Foreign key constraint added to tc_group_order (groupid)
2026-05-04 13:42:48  INFO: Foreign key constraint added to tc_group_order (orderid)
2026-05-04 13:42:48  INFO: Table tc_device_order created
2026-05-04 13:42:48  INFO: Foreign key constraint added to tc_device_order (deviceid)
2026-05-04 13:42:48  INFO: Foreign key constraint added to tc_device_order (orderid)
2026-05-04 13:42:48  INFO: ChangeSet changelog-4.15::changelog-4.15::author ran successfully in 15ms
2026-05-04 13:42:48  INFO: Columns disablereports(BOOLEAN) added to tc_servers
2026-05-04 13:42:48  INFO: Columns disablereports(BOOLEAN) added to tc_users
2026-05-04 13:42:48  INFO: Column tc_orders.toAddress renamed to toaddresstmp
2026-05-04 13:42:48  INFO: Column tc_orders.fromAddress renamed to fromaddresstmp
2026-05-04 13:42:48  INFO: Column tc_orders.toaddresstmp renamed to toaddress
2026-05-04 13:42:48  INFO: Column tc_orders.fromaddresstmp renamed to fromaddress
2026-05-04 13:42:48  INFO: ChangeSet changelog-5.0::changelog-5.0::author ran successfully in 21ms
2026-05-04 13:42:48  INFO: Index idx_drivers_uniqueid created
2026-05-04 13:42:48  INFO: Index idx_devices_uniqueid created
2026-05-04 13:42:48  INFO: Index idx_users_email created
2026-05-04 13:42:48  INFO: Index idx_users_login created
2026-05-04 13:42:48  INFO: Index idx_users_token created
2026-05-04 13:42:48  INFO: Columns overlayurl(VARCHAR(512)) added to tc_servers
2026-05-04 13:42:48  INFO: ChangeSet changelog-5.1::changelog-5.1::author ran successfully in 7ms
2026-05-04 13:42:48  INFO: Columns status(CHAR(8)) added to tc_devices
2026-05-04 13:42:48  INFO: Columns geofenceids(VARCHAR(128)) added to tc_devices
2026-05-04 13:42:48  INFO: ChangeSet changelog-5.2::changelog-5.2::author ran successfully in 19ms
2026-05-04 13:42:48  INFO: Columns fixedemail(BOOLEAN) added to tc_servers
2026-05-04 13:42:48  INFO: Columns fixedemail(BOOLEAN) added to tc_users
2026-05-04 13:42:48  INFO: Columns expirationtime(TIMESTAMP) added to tc_devices
2026-05-04 13:42:48  INFO: Table tc_keystore created
2026-05-04 13:42:48  INFO: Index idx_users_token dropped from table tc_users
2026-05-04 13:42:48  INFO: Column tc_users.token dropped
2026-05-04 13:42:48  INFO: ChangeSet changelog-5.3::changelog-5.3::author ran successfully in 32ms
2026-05-04 13:42:48  INFO: Columns motionstate(BOOLEAN),motiontime(TIMESTAMP),motiondistance(DOUBLE),overspeedstate(BOOLEAN),overspeedtime(TIMESTAMP),overspeedgeofenceid(INT) added to tc_devices
2026-05-04 13:42:48  INFO: Table tc_commands_queue created
2026-05-04 13:42:48  INFO: Foreign key constraint added to tc_commands_queue (deviceid)
2026-05-04 13:42:48  INFO: Index idx_commands_queue_deviceid created
2026-05-04 13:42:48  INFO: ChangeSet changelog-5.4::changelog-5.4::author ran successfully in 44ms
2026-05-04 13:42:48  INFO: Column tc_commands_queue.description dropped
2026-05-04 13:42:48  INFO: ChangeSet changelog-5.5::changelog-5.5::author ran successfully in 2ms
2026-05-04 13:42:48  INFO: Columns motionstreak(BOOLEAN) added to tc_devices
2026-05-04 13:42:48  INFO: Table tc_reports created
2026-05-04 13:42:48  INFO: Foreign key constraint added to tc_reports (calendarid)
2026-05-04 13:42:48  INFO: Table tc_user_report created
2026-05-04 13:42:48  INFO: Foreign key constraint added to tc_user_report (userid)
2026-05-04 13:42:48  INFO: Foreign key constraint added to tc_user_report (reportid)
2026-05-04 13:42:48  INFO: Table tc_group_report created
2026-05-04 13:42:48  INFO: Foreign key constraint added to tc_group_report (groupid)
2026-05-04 13:42:48  INFO: Foreign key constraint added to tc_group_report (reportid)
2026-05-04 13:42:48  INFO: Table tc_device_report created
2026-05-04 13:42:48  INFO: Foreign key constraint added to tc_device_report (deviceid)
2026-05-04 13:42:48  INFO: Foreign key constraint added to tc_device_report (reportid)
2026-05-04 13:42:48  INFO: ChangeSet changelog-5.6::changelog-5.6::author ran successfully in 19ms
2026-05-04 13:42:48  INFO: Columns commandid(INT) added to tc_notifications
2026-05-04 13:42:48  INFO: Foreign key constraint added to tc_notifications (commandid)
2026-05-04 13:42:48  INFO: ChangeSet changelog-5.7::changelog-5.7::author ran successfully in 6ms
2026-05-04 13:42:48  INFO: Column tc_devices.geofenceids dropped
2026-05-04 13:42:48  INFO: Columns geofenceids(VARCHAR(128)) added to tc_positions
2026-05-04 13:42:48  INFO: ChangeSet changelog-5.8::changelog-5.8::author ran successfully in 8ms
2026-05-04 13:42:48  INFO: Columns calendarid(INT) added to tc_devices
2026-05-04 13:42:48  INFO: Foreign key constraint added to tc_devices (calendarid)
2026-05-04 13:42:48  INFO: ChangeSet changelog-5.9::changelog-5.9::author ran successfully in 8ms
2026-05-04 13:42:48  INFO: Columns totpkey(VARCHAR(64)) added to tc_users
2026-05-04 13:42:48  INFO: ChangeSet changelog-5.10::changelog-5.10::author ran successfully in 6ms
2026-05-04 13:42:48  INFO: Columns temporary(BOOLEAN) added to tc_users
2026-05-04 13:42:48  INFO: ChangeSet changelog-5.11::changelog-5.11::author ran successfully in 6ms
2026-05-04 13:42:48  INFO: Column tc_servers.twelvehourformat dropped
2026-05-04 13:42:48  INFO: Column tc_users.twelvehourformat dropped
2026-05-04 13:42:48  INFO: Columns priority(INT) added to tc_attributes
2026-05-04 13:42:48  INFO: ChangeSet changelog-6.2::changelog-6.2::author ran successfully in 17ms
2026-05-04 13:42:48  INFO: Creating snapshot
2026-05-04 13:42:48  INFO: Marking ChangeSet: "changelog-6.3::changelog-6.3-old::author" as ran despite precondition failure due to onFail='MARK_RAN': 
          database/schema/changelog-master.xml : Foreign Key PUBLIC.fk_event_deviceid does not exist

2026-05-04 13:42:48  INFO: Foreign key fk_events_deviceid dropped
2026-05-04 13:42:48  INFO: Foreign key fk_positions_deviceid dropped
2026-05-04 13:42:48  INFO: ChangeSet changelog-6.3::changelog-6.3-new::author ran successfully in 9ms
2026-05-04 13:42:48  INFO: Columns description(VARCHAR(4000)) added to tc_notifications
2026-05-04 13:42:48  INFO: ChangeSet changelog-6.6::changelog-6.6::author ran successfully in 5ms
2026-05-04 13:42:48  INFO: Creating snapshot
2026-05-04 13:42:48  INFO: Table tc_actions created
2026-05-04 13:42:48  INFO: ChangeSet changelog-6.7.0::changelog-6.7.0::author ran successfully in 17ms
2026-05-04 13:42:48  INFO: Marking ChangeSet: "changelog-6.8.0::changelog-6.8.0-timescale::author" as ran despite precondition failure due to onFail='MARK_RAN': 
          database/schema/changelog-master.xml : DBMS Precondition failed: expected postgresql, got h2

2026-05-04 13:42:48  INFO: Columns motionpositionid(INT) added to tc_devices
2026-05-04 13:42:48  INFO: ChangeSet changelog-6.9.0::changelog-6.9.0::author ran successfully in 7ms
2026-05-04 13:42:48  INFO: Marking ChangeSet: "changelog-6.11.0::changelog-6.11.0-timescale::author" as ran despite precondition failure due to onFail='MARK_RAN': 
          database/schema/changelog-master.xml : DBMS Precondition failed: expected postgresql, got h2

2026-05-04 13:42:48  INFO: Marking ChangeSet: "changelog-6.11.0::changelog-6.11.0-other::author" as ran despite precondition failure due to onFail='MARK_RAN': 
          database/schema/changelog-master.xml : Not precondition failed

2026-05-04 13:42:48  INFO: Table tc_revoked_tokens created
2026-05-04 13:42:48  INFO: ChangeSet changelog-6.11.0::changelog-6.11.0::author ran successfully in 3ms
2026-05-04 13:42:48  INFO: Columns motionlatitude(DOUBLE),motionlongitude(DOUBLE) added to tc_devices
2026-05-04 13:42:48  INFO: ChangeSet changelog-6.13.0::changelog-6.13.0::author ran successfully in 12ms
2026-05-04 13:42:48  INFO: Table tc_checkpoints created
2026-05-04 13:42:48  INFO: Foreign key constraint added to tc_checkpoints (groupId)
2026-05-04 13:42:48  INFO: Index idx_checkpoint_groupid created
2026-05-04 13:42:48  INFO: Table tc_user_checkpoint created
2026-05-04 13:42:48  INFO: Foreign key constraint added to tc_user_checkpoint (userid)
2026-05-04 13:42:48  INFO: Foreign key constraint added to tc_user_checkpoint (checkpointid)
2026-05-04 13:42:48  INFO: Table tc_group_checkpoint created
2026-05-04 13:42:48  INFO: Foreign key constraint added to tc_group_checkpoint (groupid)
2026-05-04 13:42:48  INFO: Foreign key constraint added to tc_group_checkpoint (checkpointid)
2026-05-04 13:42:48  INFO: ChangeSet changelog-checkpoints::changelog-checkpoints-1::urbus ran successfully in 14ms
2026-05-04 13:42:48  INFO: Table tc_routes created
2026-05-04 13:42:48  INFO: Foreign key constraint added to tc_routes (groupId)
2026-05-04 13:42:48  INFO: Index idx_route_groupid created
2026-05-04 13:42:48  INFO: Index idx_route_active created
2026-05-04 13:42:48  INFO: Table tc_user_route created
2026-05-04 13:42:48  INFO: Foreign key constraint added to tc_user_route (userid)
2026-05-04 13:42:48  INFO: Foreign key constraint added to tc_user_route (routeid)
2026-05-04 13:42:48  INFO: Table tc_group_route created
2026-05-04 13:42:48  INFO: Foreign key constraint added to tc_group_route (groupid)
2026-05-04 13:42:48  INFO: Foreign key constraint added to tc_group_route (routeid)
2026-05-04 13:42:48  INFO: ChangeSet changelog-routes::changelog-routes-1::urbus ran successfully in 13ms
2026-05-04 13:42:48  INFO: Table tc_route_checkpoint created
2026-05-04 13:42:48  INFO: Foreign key constraint added to tc_route_checkpoint (routeId)
2026-05-04 13:42:48  INFO: Foreign key constraint added to tc_route_checkpoint (checkpointId)
2026-05-04 13:42:48  INFO: Index idx_route_checkpoint_routeid created
2026-05-04 13:42:48  INFO: Index idx_route_checkpoint_checkpointid created
2026-05-04 13:42:48  INFO: Index idx_route_checkpoint_sequence created
2026-05-04 13:42:48  INFO: ChangeSet changelog-routes::changelog-routes-2::urbus ran successfully in 6ms
2026-05-04 13:42:48  INFO: Table tc_device_route created
2026-05-04 13:42:48  INFO: Foreign key constraint added to tc_device_route (deviceId)
2026-05-04 13:42:48  INFO: Foreign key constraint added to tc_device_route (routeId)
2026-05-04 13:42:48  INFO: Foreign key constraint added to tc_device_route (currentCheckpointId)
2026-05-04 13:42:48  INFO: Index idx_device_route_deviceid created
2026-05-04 13:42:48  INFO: Index idx_device_route_routeid created
2026-05-04 13:42:48  INFO: Index idx_device_route_completed created
2026-05-04 13:42:48  INFO: ChangeSet changelog-routes::changelog-routes-3::urbus ran successfully in 7ms
2026-05-04 13:42:48  INFO: Columns routeId(BIGINT) added to tc_devices
2026-05-04 13:42:48  INFO: Foreign key constraint added to tc_devices (routeId)
2026-05-04 13:42:48  INFO: Index idx_device_routeid created
2026-05-04 13:42:48  INFO: ChangeSet changelog-device-route-assignment::changelog-device-route-assignment-1::urbus ran successfully in 8ms
2026-05-04 13:42:48  INFO: UPDATE SUMMARY
2026-05-04 13:42:48  INFO: Run:                         37
2026-05-04 13:42:48  INFO: Previously run:               0
2026-05-04 13:42:48  INFO: Filtered out:                 0
2026-05-04 13:42:48  INFO: -------------------------------
2026-05-04 13:42:48  INFO: Total change sets:           37
2026-05-04 13:42:48  INFO: Update summary generated
2026-05-04 13:42:48  INFO: Update command completed successfully.
2026-05-04 13:42:48  INFO: Successfully released change log lock
2026-05-04 13:42:48  INFO: Command execution complete
2026-05-04 13:42:49  WARN: Port disabled due to conflict - Address already in use: bind - BindException (...)
2026-05-04 13:42:50  INFO: jetty-12.1.6; built: 2026-01-27T18:53:19.182Z; git: 88ca559572b1c8858b3c5684bb0293fa64e5e90f; jvm 17.0.16+8
2026-05-04 13:42:50  INFO: Session workerName=node0
2026-05-04 13:42:50  INFO: Started oeje10s.ServletContextHandler@23ec63af{ROOT,/,b=file:///C:/Users/juanm/Documents/Traccat-Server/web/,a=AVAILABLE,h=oeje10s.SessionHandler@280d6a20{STARTED}}
2026-05-04 13:42:51  INFO: Started oeje10s.ServletContextHandler@23ec63af{ROOT,/,b=file:///C:/Users/juanm/Documents/Traccat-Server/web/,a=AVAILABLE,h=oeje10s.SessionHandler@280d6a20{STARTED}}
2026-05-04 13:42:51  INFO: Started oejs.ServerConnector@3a66d97e{HTTP/1.1, (http/1.1)}{0.0.0.0:8082}
2026-05-04 13:42:51  INFO: Started oejs.Server@1add3e03{STARTING}[12.1.6,sto=0] @862ms
2026-05-04 13:49:28  INFO: Operating system name: Windows 11 version: 10.0 architecture: amd64
2026-05-04 13:49:29  INFO: Java runtime name: OpenJDK 64-Bit Server VM vendor: Eclipse Adoptium version: 17.0.16+8
2026-05-04 13:49:29  INFO: Memory limit heap: 8176mb non-heap: 0mb
2026-05-04 13:49:29  INFO: Character encoding: windows-1252
2026-05-04 13:49:29  INFO: Version: 6.12.2
2026-05-04 13:49:29  INFO: Starting server...
2026-05-04 13:49:29  INFO: HikariPool-1 - Starting...
2026-05-04 13:49:30 ERROR: Main method error - The file is locked: C:/Users/juanm/Documents/Traccat-Server/database/data/database.mv.db [2.4.240/7] - MVStoreException (... < DatabaseModule:80 < <gener:-1 < *:-1 < ... < MainModule:140 < <gener:-1 < ...)
2026-05-04 13:49:39  INFO: Operating system name: Windows 11 version: 10.0 architecture: amd64
2026-05-04 13:49:39  INFO: Java runtime name: OpenJDK 64-Bit Server VM vendor: Eclipse Adoptium version: 17.0.16+8
2026-05-04 13:49:39  INFO: Memory limit heap: 8176mb non-heap: 0mb
2026-05-04 13:49:39  INFO: Character encoding: windows-1252
2026-05-04 13:49:39  INFO: Version: 6.12.2
2026-05-04 13:49:39  INFO: Starting server...
2026-05-04 13:49:39  INFO: HikariPool-1 - Starting...
2026-05-04 13:49:40  INFO: HikariPool-1 - Added connection conn0: url=jdbc:h2:./database/data/database user=SA
2026-05-04 13:49:40  INFO: HikariPool-1 - Start completed.
2026-05-04 13:49:40  INFO: Set default schema name to PUBLIC
2026-05-04 13:49:40  INFO: Successfully acquired change log lock
2026-05-04 13:49:40  INFO: Clearing database change log checksums for database h2
2026-05-04 13:49:40  INFO: Successfully released change log lock
2026-05-04 13:49:40  INFO: Command execution complete
2026-05-04 13:49:40  INFO: Reading from PUBLIC.DATABASECHANGELOG
2026-05-04 13:49:41  INFO: Reading from PUBLIC.DATABASECHANGELOG
2026-05-04 13:49:41  INFO: Reading from PUBLIC.DATABASECHANGELOG
2026-05-04 13:49:41  INFO: UPDATE SUMMARY
2026-05-04 13:49:41  INFO: Run:                          0
2026-05-04 13:49:41  INFO: Previously run:              37
2026-05-04 13:49:41  INFO: Filtered out:                 0
2026-05-04 13:49:41  INFO: -------------------------------
2026-05-04 13:49:41  INFO: Total change sets:           37
2026-05-04 13:49:41  INFO: Update summary generated
2026-05-04 13:49:41  INFO: Command execution complete
2026-05-04 13:49:42  WARN: Port disabled due to conflict - Address already in use: bind - BindException (...)
2026-05-04 13:49:42  INFO: jetty-12.1.6; built: 2026-01-27T18:53:19.182Z; git: 88ca559572b1c8858b3c5684bb0293fa64e5e90f; jvm 17.0.16+8
2026-05-04 13:49:42  INFO: Session workerName=node0
2026-05-04 13:49:42  INFO: Started oeje10s.ServletContextHandler@49e62b17{ROOT,/,b=file:///C:/Users/juanm/Documents/Traccat-Server/web/,a=AVAILABLE,h=oeje10s.SessionHandler@288409f0{STARTED}}
2026-05-04 13:49:43  INFO: Started oeje10s.ServletContextHandler@49e62b17{ROOT,/,b=file:///C:/Users/juanm/Documents/Traccat-Server/web/,a=AVAILABLE,h=oeje10s.SessionHandler@288409f0{STARTED}}
2026-05-04 13:49:43  INFO: Started oejs.ServerConnector@21d15932{HTTP/1.1, (http/1.1)}{0.0.0.0:8082}
2026-05-04 13:49:43  INFO: Started oejs.Server@3966c679{STARTING}[12.1.6,sto=0] @797ms
2026-05-04 13:54:51  INFO: Operating system name: Windows 11 version: 10.0 architecture: amd64
2026-05-04 13:54:51  INFO: Java runtime name: OpenJDK 64-Bit Server VM vendor: Eclipse Adoptium version: 17.0.16+8
2026-05-04 13:54:51  INFO: Memory limit heap: 8176mb non-heap: 0mb
2026-05-04 13:54:51  INFO: Character encoding: windows-1252
2026-05-04 13:54:51  INFO: Version: 6.12.2
2026-05-04 13:54:51  INFO: Starting server...
2026-05-04 13:54:52  INFO: HikariPool-1 - Starting...
2026-05-04 13:54:52  INFO: HikariPool-1 - Added connection conn0: url=jdbc:h2:./database/data/database user=SA
2026-05-04 13:54:52  INFO: HikariPool-1 - Start completed.
2026-05-04 13:54:52  INFO: Set default schema name to PUBLIC
2026-05-04 13:54:52  INFO: Creating snapshot
2026-05-04 13:54:52  INFO: Successfully acquired change log lock
2026-05-04 13:54:52  INFO: Creating database changelog table with name: PUBLIC.DATABASECHANGELOG
2026-05-04 13:54:52  INFO: Clearing database change log checksums for database h2
2026-05-04 13:54:52  INFO: Successfully released change log lock
2026-05-04 13:54:52  INFO: Command execution complete
2026-05-04 13:54:53  INFO: Reading from PUBLIC.DATABASECHANGELOG
2026-05-04 13:54:53  INFO: Successfully acquired change log lock
2026-05-04 13:54:53  INFO: Using deploymentId: 7920892578
2026-05-04 13:54:53  INFO: Reading from PUBLIC.DATABASECHANGELOG
2026-05-04 13:54:54  INFO: Table tc_attributes created
2026-05-04 13:54:54  INFO: Table tc_calendars created
2026-05-04 13:54:54  INFO: Table tc_commands created
2026-05-04 13:54:54  INFO: Table tc_device_attribute created
2026-05-04 13:54:54  INFO: Table tc_device_command created
2026-05-04 13:54:54  INFO: Table tc_device_driver created
2026-05-04 13:54:54  INFO: Table tc_device_geofence created
2026-05-04 13:54:54  INFO: Table tc_device_maintenance created
2026-05-04 13:54:54  INFO: Table tc_device_notification created
2026-05-04 13:54:54  INFO: Table tc_devices created
2026-05-04 13:54:54  INFO: Table tc_drivers created
2026-05-04 13:54:54  INFO: Table tc_events created
2026-05-04 13:54:54  INFO: Table tc_geofences created
2026-05-04 13:54:54  INFO: Table tc_group_attribute created
2026-05-04 13:54:54  INFO: Table tc_group_command created
2026-05-04 13:54:54  INFO: Table tc_group_driver created
2026-05-04 13:54:54  INFO: Table tc_group_geofence created
2026-05-04 13:54:54  INFO: Table tc_group_maintenance created
2026-05-04 13:54:54  INFO: Table tc_group_notification created
2026-05-04 13:54:54  INFO: Table tc_groups created
2026-05-04 13:54:54  INFO: Table tc_maintenances created
2026-05-04 13:54:54  INFO: Table tc_notifications created
2026-05-04 13:54:54  INFO: Table tc_positions created
2026-05-04 13:54:54  INFO: Table tc_servers created
2026-05-04 13:54:54  INFO: Table tc_statistics created
2026-05-04 13:54:54  INFO: Table tc_user_attribute created
2026-05-04 13:54:54  INFO: Table tc_user_calendar created
2026-05-04 13:54:54  INFO: Table tc_user_command created
2026-05-04 13:54:54  INFO: Table tc_user_device created
2026-05-04 13:54:54  INFO: Table tc_user_driver created
2026-05-04 13:54:54  INFO: Table tc_user_geofence created
2026-05-04 13:54:54  INFO: Table tc_user_group created
2026-05-04 13:54:54  INFO: Table tc_user_maintenance created
2026-05-04 13:54:54  INFO: Table tc_user_notification created
2026-05-04 13:54:54  INFO: Table tc_user_user created
2026-05-04 13:54:54  INFO: Table tc_users created
2026-05-04 13:54:54  INFO: Foreign key constraint added to tc_device_command (commandid)
2026-05-04 13:54:54  INFO: Foreign key constraint added to tc_device_command (deviceid)
2026-05-04 13:54:54  INFO: Foreign key constraint added to tc_device_driver (deviceid)
2026-05-04 13:54:54  INFO: Foreign key constraint added to tc_device_driver (driverid)
2026-05-04 13:54:54  INFO: Foreign key constraint added to tc_device_geofence (deviceid)
2026-05-04 13:54:54  INFO: Foreign key constraint added to tc_device_geofence (geofenceid)
2026-05-04 13:54:54  INFO: Foreign key constraint added to tc_device_maintenance (deviceid)
2026-05-04 13:54:54  INFO: Foreign key constraint added to tc_device_maintenance (maintenanceid)
2026-05-04 13:54:54  INFO: Foreign key constraint added to tc_device_notification (deviceid)
2026-05-04 13:54:54  INFO: Foreign key constraint added to tc_device_notification (notificationid)
2026-05-04 13:54:54  INFO: Foreign key constraint added to tc_devices (groupid)
2026-05-04 13:54:54  INFO: Foreign key constraint added to tc_events (deviceid)
2026-05-04 13:54:54  INFO: Foreign key constraint added to tc_geofences (calendarid)
2026-05-04 13:54:54  INFO: Foreign key constraint added to tc_group_attribute (attributeid)
2026-05-04 13:54:54  INFO: Foreign key constraint added to tc_group_attribute (groupid)
2026-05-04 13:54:54  INFO: Foreign key constraint added to tc_group_command (commandid)
2026-05-04 13:54:54  INFO: Foreign key constraint added to tc_group_command (groupid)
2026-05-04 13:54:54  INFO: Foreign key constraint added to tc_group_driver (driverid)
2026-05-04 13:54:54  INFO: Foreign key constraint added to tc_group_driver (groupid)
2026-05-04 13:54:54  INFO: Foreign key constraint added to tc_group_geofence (geofenceid)
2026-05-04 13:54:54  INFO: Foreign key constraint added to tc_group_geofence (groupid)
2026-05-04 13:54:54  INFO: Foreign key constraint added to tc_group_maintenance (groupid)
2026-05-04 13:54:54  INFO: Foreign key constraint added to tc_group_maintenance (maintenanceid)
2026-05-04 13:54:54  INFO: Foreign key constraint added to tc_group_notification (groupid)
2026-05-04 13:54:54  INFO: Foreign key constraint added to tc_group_notification (notificationid)
2026-05-04 13:54:54  INFO: Foreign key constraint added to tc_notifications (calendarid)
2026-05-04 13:54:54  INFO: Foreign key constraint added to tc_positions (deviceid)
2026-05-04 13:54:54  INFO: Foreign key constraint added to tc_user_attribute (attributeid)
2026-05-04 13:54:54  INFO: Foreign key constraint added to tc_user_attribute (userid)
2026-05-04 13:54:54  INFO: Foreign key constraint added to tc_user_calendar (calendarid)
2026-05-04 13:54:54  INFO: Foreign key constraint added to tc_user_calendar (userid)
2026-05-04 13:54:54  INFO: Foreign key constraint added to tc_user_command (commandid)
2026-05-04 13:54:54  INFO: Foreign key constraint added to tc_user_command (userid)
2026-05-04 13:54:54  INFO: Foreign key constraint added to tc_device_attribute (attributeid)
2026-05-04 13:54:54  INFO: Foreign key constraint added to tc_device_attribute (deviceid)
2026-05-04 13:54:54  INFO: Foreign key constraint added to tc_user_device (deviceid)
2026-05-04 13:54:54  INFO: Foreign key constraint added to tc_user_device (userid)
2026-05-04 13:54:54  INFO: Foreign key constraint added to tc_user_driver (driverid)
2026-05-04 13:54:54  INFO: Foreign key constraint added to tc_user_driver (userid)
2026-05-04 13:54:54  INFO: Foreign key constraint added to tc_user_geofence (geofenceid)
2026-05-04 13:54:54  INFO: Foreign key constraint added to tc_user_geofence (userid)
2026-05-04 13:54:54  INFO: Foreign key constraint added to tc_user_group (groupid)
2026-05-04 13:54:54  INFO: Foreign key constraint added to tc_user_group (userid)
2026-05-04 13:54:54  INFO: Foreign key constraint added to tc_user_maintenance (maintenanceid)
2026-05-04 13:54:54  INFO: Foreign key constraint added to tc_user_maintenance (userid)
2026-05-04 13:54:54  INFO: Foreign key constraint added to tc_user_notification (notificationid)
2026-05-04 13:54:54  INFO: Foreign key constraint added to tc_user_notification (userid)
2026-05-04 13:54:54  INFO: Foreign key constraint added to tc_user_user (userid)
2026-05-04 13:54:54  INFO: New row inserted into tc_servers
2026-05-04 13:54:54  INFO: ChangeSet changelog-4.0-clean::changelog-4.0-clean::author ran successfully in 263ms
2026-05-04 13:54:54  INFO: Foreign key constraint added to tc_groups (groupid)
2026-05-04 13:54:54  INFO: Foreign key constraint added to tc_user_user (manageduserid)
2026-05-04 13:54:54  INFO: ChangeSet changelog-4.0-clean::changelog-4.0-clean-common::author ran successfully in 6ms
2026-05-04 13:54:54  INFO: Marking ChangeSet: "changelog-4.1::changelog-4.1-mssql::author" as ran despite precondition failure due to onFail='MARK_RAN': 
          database/schema/changelog-master.xml : DBMS Precondition failed: expected mssql, got h2

2026-05-04 13:54:54  INFO: Creating snapshot
2026-05-04 13:54:54  INFO: Index user_device_user_id created
2026-05-04 13:54:54  INFO: Index position_deviceid_fixtime created
2026-05-04 13:54:54  INFO: ChangeSet changelog-4.7::changelog-4.7::author ran successfully in 23ms
2026-05-04 13:54:54  INFO: Index event_deviceid_servertime created
2026-05-04 13:54:54  INFO: ChangeSet changelog-4.9::changelog-4.9::author ran successfully in 2ms
2026-05-04 13:54:54  INFO: Columns protocols(VARCHAR(4096)) added to tc_statistics
2026-05-04 13:54:54  INFO: ChangeSet changelog-4.10::changelog-4.10::author ran successfully in 13ms
2026-05-04 13:54:54  INFO: Columns announcement(VARCHAR(4000)) added to tc_servers
2026-05-04 13:54:54  INFO: ChangeSet changelog-4.11::changelog-4.11::author ran successfully in 7ms
2026-05-04 13:54:54  INFO: Column tc_events.servertime renamed to eventtime
2026-05-04 13:54:54  INFO: ChangeSet changelog-4.13::changelog-4.13::author ran successfully in 3ms
2026-05-04 13:54:54  INFO: Table tc_orders created
2026-05-04 13:54:54  INFO: Table tc_user_order created
2026-05-04 13:54:54  INFO: Foreign key constraint added to tc_user_order (userid)
2026-05-04 13:54:54  INFO: Foreign key constraint added to tc_user_order (orderid)
2026-05-04 13:54:54  INFO: Table tc_group_order created
2026-05-04 13:54:54  INFO: Foreign key constraint added to tc_group_order (groupid)
2026-05-04 13:54:54  INFO: Foreign key constraint added to tc_group_order (orderid)
2026-05-04 13:54:54  INFO: Table tc_device_order created
2026-05-04 13:54:54  INFO: Foreign key constraint added to tc_device_order (deviceid)
2026-05-04 13:54:54  INFO: Foreign key constraint added to tc_device_order (orderid)
2026-05-04 13:54:54  INFO: ChangeSet changelog-4.15::changelog-4.15::author ran successfully in 19ms
2026-05-04 13:54:54  INFO: Columns disablereports(BOOLEAN) added to tc_servers
2026-05-04 13:54:54  INFO: Columns disablereports(BOOLEAN) added to tc_users
2026-05-04 13:54:54  INFO: Column tc_orders.toAddress renamed to toaddresstmp
2026-05-04 13:54:54  INFO: Column tc_orders.fromAddress renamed to fromaddresstmp
2026-05-04 13:54:54  INFO: Column tc_orders.toaddresstmp renamed to toaddress
2026-05-04 13:54:54  INFO: Column tc_orders.fromaddresstmp renamed to fromaddress
2026-05-04 13:54:54  INFO: ChangeSet changelog-5.0::changelog-5.0::author ran successfully in 28ms
2026-05-04 13:54:54  INFO: Index idx_drivers_uniqueid created
2026-05-04 13:54:54  INFO: Index idx_devices_uniqueid created
2026-05-04 13:54:54  INFO: Index idx_users_email created
2026-05-04 13:54:54  INFO: Index idx_users_login created
2026-05-04 13:54:54  INFO: Index idx_users_token created
2026-05-04 13:54:54  INFO: Columns overlayurl(VARCHAR(512)) added to tc_servers
2026-05-04 13:54:54  INFO: ChangeSet changelog-5.1::changelog-5.1::author ran successfully in 12ms
2026-05-04 13:54:54  INFO: Columns status(CHAR(8)) added to tc_devices
2026-05-04 13:54:54  INFO: Columns geofenceids(VARCHAR(128)) added to tc_devices
2026-05-04 13:54:54  INFO: ChangeSet changelog-5.2::changelog-5.2::author ran successfully in 18ms
2026-05-04 13:54:54  INFO: Columns fixedemail(BOOLEAN) added to tc_servers
2026-05-04 13:54:54  INFO: Columns fixedemail(BOOLEAN) added to tc_users
2026-05-04 13:54:54  INFO: Columns expirationtime(TIMESTAMP) added to tc_devices
2026-05-04 13:54:54  INFO: Table tc_keystore created
2026-05-04 13:54:54  INFO: Index idx_users_token dropped from table tc_users
2026-05-04 13:54:54  INFO: Column tc_users.token dropped
2026-05-04 13:54:54  INFO: ChangeSet changelog-5.3::changelog-5.3::author ran successfully in 38ms
2026-05-04 13:54:54  INFO: Columns motionstate(BOOLEAN),motiontime(TIMESTAMP),motiondistance(DOUBLE),overspeedstate(BOOLEAN),overspeedtime(TIMESTAMP),overspeedgeofenceid(INT) added to tc_devices
2026-05-04 13:54:54  INFO: Table tc_commands_queue created
2026-05-04 13:54:54  INFO: Foreign key constraint added to tc_commands_queue (deviceid)
2026-05-04 13:54:54  INFO: Index idx_commands_queue_deviceid created
2026-05-04 13:54:54  INFO: ChangeSet changelog-5.4::changelog-5.4::author ran successfully in 43ms
2026-05-04 13:54:54  INFO: Column tc_commands_queue.description dropped
2026-05-04 13:54:54  INFO: ChangeSet changelog-5.5::changelog-5.5::author ran successfully in 3ms
2026-05-04 13:54:54  INFO: Columns motionstreak(BOOLEAN) added to tc_devices
2026-05-04 13:54:54  INFO: Table tc_reports created
2026-05-04 13:54:54  INFO: Foreign key constraint added to tc_reports (calendarid)
2026-05-04 13:54:54  INFO: Table tc_user_report created
2026-05-04 13:54:54  INFO: Foreign key constraint added to tc_user_report (userid)
2026-05-04 13:54:54  INFO: Foreign key constraint added to tc_user_report (reportid)
2026-05-04 13:54:54  INFO: Table tc_group_report created
2026-05-04 13:54:54  INFO: Foreign key constraint added to tc_group_report (groupid)
2026-05-04 13:54:54  INFO: Foreign key constraint added to tc_group_report (reportid)
2026-05-04 13:54:54  INFO: Table tc_device_report created
2026-05-04 13:54:54  INFO: Foreign key constraint added to tc_device_report (deviceid)
2026-05-04 13:54:54  INFO: Foreign key constraint added to tc_device_report (reportid)
2026-05-04 13:54:54  INFO: ChangeSet changelog-5.6::changelog-5.6::author ran successfully in 16ms
2026-05-04 13:54:54  INFO: Columns commandid(INT) added to tc_notifications
2026-05-04 13:54:54  INFO: Foreign key constraint added to tc_notifications (commandid)
2026-05-04 13:54:54  INFO: ChangeSet changelog-5.7::changelog-5.7::author ran successfully in 5ms
2026-05-04 13:54:54  INFO: Column tc_devices.geofenceids dropped
2026-05-04 13:54:54  INFO: Columns geofenceids(VARCHAR(128)) added to tc_positions
2026-05-04 13:54:54  INFO: ChangeSet changelog-5.8::changelog-5.8::author ran successfully in 8ms
2026-05-04 13:54:54  INFO: Columns calendarid(INT) added to tc_devices
2026-05-04 13:54:54  INFO: Foreign key constraint added to tc_devices (calendarid)
2026-05-04 13:54:54  INFO: ChangeSet changelog-5.9::changelog-5.9::author ran successfully in 7ms
2026-05-04 13:54:54  INFO: Columns totpkey(VARCHAR(64)) added to tc_users
2026-05-04 13:54:54  INFO: ChangeSet changelog-5.10::changelog-5.10::author ran successfully in 6ms
2026-05-04 13:54:54  INFO: Columns temporary(BOOLEAN) added to tc_users
2026-05-04 13:54:54  INFO: ChangeSet changelog-5.11::changelog-5.11::author ran successfully in 6ms
2026-05-04 13:54:54  INFO: Column tc_servers.twelvehourformat dropped
2026-05-04 13:54:54  INFO: Column tc_users.twelvehourformat dropped
2026-05-04 13:54:54  INFO: Columns priority(INT) added to tc_attributes
2026-05-04 13:54:54  INFO: ChangeSet changelog-6.2::changelog-6.2::author ran successfully in 10ms
2026-05-04 13:54:54  INFO: Creating snapshot
2026-05-04 13:54:54  INFO: Marking ChangeSet: "changelog-6.3::changelog-6.3-old::author" as ran despite precondition failure due to onFail='MARK_RAN': 
          database/schema/changelog-master.xml : Foreign Key PUBLIC.fk_event_deviceid does not exist

2026-05-04 13:54:54  INFO: Foreign key fk_events_deviceid dropped
2026-05-04 13:54:54  INFO: Foreign key fk_positions_deviceid dropped
2026-05-04 13:54:54  INFO: ChangeSet changelog-6.3::changelog-6.3-new::author ran successfully in 7ms
2026-05-04 13:54:54  INFO: Columns description(VARCHAR(4000)) added to tc_notifications
2026-05-04 13:54:54  INFO: ChangeSet changelog-6.6::changelog-6.6::author ran successfully in 4ms
2026-05-04 13:54:54  INFO: Creating snapshot
2026-05-04 13:54:54  INFO: Table tc_actions created
2026-05-04 13:54:54  INFO: ChangeSet changelog-6.7.0::changelog-6.7.0::author ran successfully in 15ms
2026-05-04 13:54:54  INFO: Marking ChangeSet: "changelog-6.8.0::changelog-6.8.0-timescale::author" as ran despite precondition failure due to onFail='MARK_RAN': 
          database/schema/changelog-master.xml : DBMS Precondition failed: expected postgresql, got h2

2026-05-04 13:54:54  INFO: Columns motionpositionid(INT) added to tc_devices
2026-05-04 13:54:54  INFO: ChangeSet changelog-6.9.0::changelog-6.9.0::author ran successfully in 7ms
2026-05-04 13:54:54  INFO: Marking ChangeSet: "changelog-6.11.0::changelog-6.11.0-timescale::author" as ran despite precondition failure due to onFail='MARK_RAN': 
          database/schema/changelog-master.xml : DBMS Precondition failed: expected postgresql, got h2

2026-05-04 13:54:54  INFO: Marking ChangeSet: "changelog-6.11.0::changelog-6.11.0-other::author" as ran despite precondition failure due to onFail='MARK_RAN': 
          database/schema/changelog-master.xml : Not precondition failed

2026-05-04 13:54:54  INFO: Table tc_revoked_tokens created
2026-05-04 13:54:54  INFO: ChangeSet changelog-6.11.0::changelog-6.11.0::author ran successfully in 1ms
2026-05-04 13:54:54  INFO: Columns motionlatitude(DOUBLE),motionlongitude(DOUBLE) added to tc_devices
2026-05-04 13:54:54  INFO: ChangeSet changelog-6.13.0::changelog-6.13.0::author ran successfully in 9ms
2026-05-04 13:54:54  INFO: Table tc_checkpoints created
2026-05-04 13:54:54  INFO: Foreign key constraint added to tc_checkpoints (groupId)
2026-05-04 13:54:54  INFO: Index idx_checkpoint_groupid created
2026-05-04 13:54:54  INFO: Table tc_user_checkpoint created
2026-05-04 13:54:54  INFO: Foreign key constraint added to tc_user_checkpoint (userid)
2026-05-04 13:54:54  INFO: Foreign key constraint added to tc_user_checkpoint (checkpointid)
2026-05-04 13:54:54  INFO: Table tc_group_checkpoint created
2026-05-04 13:54:54  INFO: Foreign key constraint added to tc_group_checkpoint (groupid)
2026-05-04 13:54:54  INFO: Foreign key constraint added to tc_group_checkpoint (checkpointid)
2026-05-04 13:54:54  INFO: ChangeSet changelog-checkpoints::changelog-checkpoints-1::urbus ran successfully in 13ms
2026-05-04 13:54:54  INFO: Table tc_routes created
2026-05-04 13:54:54  INFO: Foreign key constraint added to tc_routes (groupId)
2026-05-04 13:54:54  INFO: Index idx_route_groupid created
2026-05-04 13:54:54  INFO: Index idx_route_active created
2026-05-04 13:54:54  INFO: Table tc_user_route created
2026-05-04 13:54:54  INFO: Foreign key constraint added to tc_user_route (userid)
2026-05-04 13:54:54  INFO: Foreign key constraint added to tc_user_route (routeid)
2026-05-04 13:54:54  INFO: Table tc_group_route created
2026-05-04 13:54:54  INFO: Foreign key constraint added to tc_group_route (groupid)
2026-05-04 13:54:54  INFO: Foreign key constraint added to tc_group_route (routeid)
2026-05-04 13:54:54  INFO: ChangeSet changelog-routes::changelog-routes-1::urbus ran successfully in 14ms
2026-05-04 13:54:54  INFO: Table tc_route_checkpoint created
2026-05-04 13:54:54  INFO: Foreign key constraint added to tc_route_checkpoint (routeId)
2026-05-04 13:54:54  INFO: Foreign key constraint added to tc_route_checkpoint (checkpointId)
2026-05-04 13:54:54  INFO: Index idx_route_checkpoint_routeid created
2026-05-04 13:54:54  INFO: Index idx_route_checkpoint_checkpointid created
2026-05-04 13:54:54  INFO: Index idx_route_checkpoint_sequence created
2026-05-04 13:54:54  INFO: ChangeSet changelog-routes::changelog-routes-2::urbus ran successfully in 9ms
2026-05-04 13:54:54  INFO: Table tc_device_route created
2026-05-04 13:54:54  INFO: Foreign key constraint added to tc_device_route (deviceId)
2026-05-04 13:54:54  INFO: Foreign key constraint added to tc_device_route (routeId)
2026-05-04 13:54:54  INFO: Foreign key constraint added to tc_device_route (currentCheckpointId)
2026-05-04 13:54:54  INFO: Index idx_device_route_deviceid created
2026-05-04 13:54:54  INFO: Index idx_device_route_routeid created
2026-05-04 13:54:54  INFO: Index idx_device_route_completed created
2026-05-04 13:54:54  INFO: ChangeSet changelog-routes::changelog-routes-3::urbus ran successfully in 11ms
2026-05-04 13:54:54  INFO: Columns routeId(BIGINT) added to tc_devices
2026-05-04 13:54:54  INFO: Foreign key constraint added to tc_devices (routeId)
2026-05-04 13:54:54  INFO: Index idx_device_routeid created
2026-05-04 13:54:54  INFO: ChangeSet changelog-device-route-assignment::changelog-device-route-assignment-1::urbus ran successfully in 9ms
2026-05-04 13:54:54  INFO: UPDATE SUMMARY
2026-05-04 13:54:54  INFO: Run:                         37
2026-05-04 13:54:54  INFO: Previously run:               0
2026-05-04 13:54:54  INFO: Filtered out:                 0
2026-05-04 13:54:54  INFO: -------------------------------
2026-05-04 13:54:54  INFO: Total change sets:           37
2026-05-04 13:54:54  INFO: Update summary generated
2026-05-04 13:54:54  INFO: Update command completed successfully.
2026-05-04 13:54:54  INFO: Successfully released change log lock
2026-05-04 13:54:54  INFO: Command execution complete
2026-05-04 13:54:55  WARN: Port disabled due to conflict - Address already in use: bind - BindException (...)
2026-05-04 13:54:56  INFO: jetty-12.1.6; built: 2026-01-27T18:53:19.182Z; git: 88ca559572b1c8858b3c5684bb0293fa64e5e90f; jvm 17.0.16+8
2026-05-04 13:54:56  INFO: Session workerName=node0
2026-05-04 13:54:56  INFO: Started oeje10s.ServletContextHandler@23ec63af{ROOT,/,b=file:///C:/Users/juanm/Documents/Traccat-Server/web/,a=AVAILABLE,h=oeje10s.SessionHandler@280d6a20{STARTED}}
2026-05-04 13:54:56  INFO: Started oeje10s.ServletContextHandler@23ec63af{ROOT,/,b=file:///C:/Users/juanm/Documents/Traccat-Server/web/,a=AVAILABLE,h=oeje10s.SessionHandler@280d6a20{STARTED}}
2026-05-04 13:54:56  INFO: Started oejs.ServerConnector@3a66d97e{HTTP/1.1, (http/1.1)}{0.0.0.0:8082}
2026-05-04 13:54:56  INFO: Started oejs.Server@1add3e03{STARTING}[12.1.6,sto=0] @710ms
2026-05-04 13:56:24  INFO: Operating system name: Windows 11 version: 10.0 architecture: amd64
2026-05-04 13:56:24  INFO: Java runtime name: OpenJDK 64-Bit Server VM vendor: Eclipse Adoptium version: 17.0.16+8
2026-05-04 13:56:24  INFO: Memory limit heap: 8176mb non-heap: 0mb
2026-05-04 13:56:24  INFO: Character encoding: windows-1252
2026-05-04 13:56:24  INFO: Version: 6.12.2
2026-05-04 13:56:24  INFO: Starting server...
2026-05-04 13:56:24  INFO: HikariPool-1 - Starting...
2026-05-04 13:56:24  INFO: HikariPool-1 - Added connection conn0: url=jdbc:h2:./database/data/database user=SA
2026-05-04 13:56:24  INFO: HikariPool-1 - Start completed.
2026-05-04 13:56:25  INFO: Set default schema name to PUBLIC
2026-05-04 13:56:25  INFO: Successfully acquired change log lock
2026-05-04 13:56:25  INFO: Clearing database change log checksums for database h2
2026-05-04 13:56:25  INFO: Successfully released change log lock
2026-05-04 13:56:25  INFO: Command execution complete
2026-05-04 13:56:25  INFO: Reading from PUBLIC.DATABASECHANGELOG
2026-05-04 13:56:26  INFO: Reading from PUBLIC.DATABASECHANGELOG
2026-05-04 13:56:26  INFO: Reading from PUBLIC.DATABASECHANGELOG
2026-05-04 13:56:26  INFO: UPDATE SUMMARY
2026-05-04 13:56:26  INFO: Run:                          0
2026-05-04 13:56:26  INFO: Previously run:              37
2026-05-04 13:56:26  INFO: Filtered out:                 0
2026-05-04 13:56:26  INFO: -------------------------------
2026-05-04 13:56:26  INFO: Total change sets:           37
2026-05-04 13:56:26  INFO: Update summary generated
2026-05-04 13:56:26  INFO: Command execution complete
2026-05-04 13:56:27  WARN: Port disabled due to conflict - Address already in use: bind - BindException (...)
2026-05-04 13:56:27  INFO: jetty-12.1.6; built: 2026-01-27T18:53:19.182Z; git: 88ca559572b1c8858b3c5684bb0293fa64e5e90f; jvm 17.0.16+8
2026-05-04 13:56:27  INFO: Session workerName=node0
2026-05-04 13:56:27  INFO: Started oeje10s.ServletContextHandler@49e62b17{ROOT,/,b=file:///C:/Users/juanm/Documents/Traccat-Server/web/,a=AVAILABLE,h=oeje10s.SessionHandler@288409f0{STARTED}}
2026-05-04 13:56:28  INFO: Started oeje10s.ServletContextHandler@49e62b17{ROOT,/,b=file:///C:/Users/juanm/Documents/Traccat-Server/web/,a=AVAILABLE,h=oeje10s.SessionHandler@288409f0{STARTED}}
2026-05-04 13:56:28  INFO: Started oejs.ServerConnector@21d15932{HTTP/1.1, (http/1.1)}{0.0.0.0:8082}
2026-05-04 13:56:28  INFO: Started oejs.Server@3966c679{STARTING}[12.1.6,sto=0] @688ms
2026-05-04 14:00:25  INFO: Operating system name: Windows 11 version: 10.0 architecture: amd64
2026-05-04 14:00:25  INFO: Java runtime name: OpenJDK 64-Bit Server VM vendor: Eclipse Adoptium version: 17.0.16+8
2026-05-04 14:00:25  INFO: Memory limit heap: 8176mb non-heap: 0mb
2026-05-04 14:00:25  INFO: Character encoding: windows-1252
2026-05-04 14:00:25  INFO: Version: 6.12.2
2026-05-04 14:00:25  INFO: Starting server...
2026-05-04 14:00:25  INFO: HikariPool-1 - Starting...
2026-05-04 14:00:25  INFO: HikariPool-1 - Added connection conn0: url=jdbc:h2:./database/data/database user=SA
2026-05-04 14:00:25  INFO: HikariPool-1 - Start completed.
2026-05-04 14:00:26  INFO: Set default schema name to PUBLIC
2026-05-04 14:00:26  INFO: Creating snapshot
2026-05-04 14:00:26  INFO: Successfully acquired change log lock
2026-05-04 14:00:26  INFO: Creating database changelog table with name: PUBLIC.DATABASECHANGELOG
2026-05-04 14:00:26  INFO: Clearing database change log checksums for database h2
2026-05-04 14:00:26  INFO: Successfully released change log lock
2026-05-04 14:00:26  INFO: Command execution complete
2026-05-04 14:00:26  INFO: Reading from PUBLIC.DATABASECHANGELOG
2026-05-04 14:00:27  INFO: Successfully acquired change log lock
2026-05-04 14:00:27  INFO: Using deploymentId: 7921225942
2026-05-04 14:00:27  INFO: Reading from PUBLIC.DATABASECHANGELOG
2026-05-04 14:00:27  INFO: Table tc_attributes created
2026-05-04 14:00:27  INFO: Table tc_calendars created
2026-05-04 14:00:27  INFO: Table tc_commands created
2026-05-04 14:00:27  INFO: Table tc_device_attribute created
2026-05-04 14:00:27  INFO: Table tc_device_command created
2026-05-04 14:00:27  INFO: Table tc_device_driver created
2026-05-04 14:00:27  INFO: Table tc_device_geofence created
2026-05-04 14:00:27  INFO: Table tc_device_maintenance created
2026-05-04 14:00:27  INFO: Table tc_device_notification created
2026-05-04 14:00:27  INFO: Table tc_devices created
2026-05-04 14:00:27  INFO: Table tc_drivers created
2026-05-04 14:00:27  INFO: Table tc_events created
2026-05-04 14:00:27  INFO: Table tc_geofences created
2026-05-04 14:00:27  INFO: Table tc_group_attribute created
2026-05-04 14:00:27  INFO: Table tc_group_command created
2026-05-04 14:00:27  INFO: Table tc_group_driver created
2026-05-04 14:00:27  INFO: Table tc_group_geofence created
2026-05-04 14:00:27  INFO: Table tc_group_maintenance created
2026-05-04 14:00:27  INFO: Table tc_group_notification created
2026-05-04 14:00:27  INFO: Table tc_groups created
2026-05-04 14:00:27  INFO: Table tc_maintenances created
2026-05-04 14:00:27  INFO: Table tc_notifications created
2026-05-04 14:00:27  INFO: Table tc_positions created
2026-05-04 14:00:27  INFO: Table tc_servers created
2026-05-04 14:00:27  INFO: Table tc_statistics created
2026-05-04 14:00:27  INFO: Table tc_user_attribute created
2026-05-04 14:00:27  INFO: Table tc_user_calendar created
2026-05-04 14:00:27  INFO: Table tc_user_command created
2026-05-04 14:00:27  INFO: Table tc_user_device created
2026-05-04 14:00:27  INFO: Table tc_user_driver created
2026-05-04 14:00:27  INFO: Table tc_user_geofence created
2026-05-04 14:00:27  INFO: Table tc_user_group created
2026-05-04 14:00:27  INFO: Table tc_user_maintenance created
2026-05-04 14:00:27  INFO: Table tc_user_notification created
2026-05-04 14:00:27  INFO: Table tc_user_user created
2026-05-04 14:00:27  INFO: Table tc_users created
2026-05-04 14:00:27  INFO: Foreign key constraint added to tc_device_command (commandid)
2026-05-04 14:00:27  INFO: Foreign key constraint added to tc_device_command (deviceid)
2026-05-04 14:00:27  INFO: Foreign key constraint added to tc_device_driver (deviceid)
2026-05-04 14:00:27  INFO: Foreign key constraint added to tc_device_driver (driverid)
2026-05-04 14:00:27  INFO: Foreign key constraint added to tc_device_geofence (deviceid)
2026-05-04 14:00:27  INFO: Foreign key constraint added to tc_device_geofence (geofenceid)
2026-05-04 14:00:27  INFO: Foreign key constraint added to tc_device_maintenance (deviceid)
2026-05-04 14:00:27  INFO: Foreign key constraint added to tc_device_maintenance (maintenanceid)
2026-05-04 14:00:27  INFO: Foreign key constraint added to tc_device_notification (deviceid)
2026-05-04 14:00:27  INFO: Foreign key constraint added to tc_device_notification (notificationid)
2026-05-04 14:00:27  INFO: Foreign key constraint added to tc_devices (groupid)
2026-05-04 14:00:27  INFO: Foreign key constraint added to tc_events (deviceid)
2026-05-04 14:00:27  INFO: Foreign key constraint added to tc_geofences (calendarid)
2026-05-04 14:00:27  INFO: Foreign key constraint added to tc_group_attribute (attributeid)
2026-05-04 14:00:27  INFO: Foreign key constraint added to tc_group_attribute (groupid)
2026-05-04 14:00:27  INFO: Foreign key constraint added to tc_group_command (commandid)
2026-05-04 14:00:27  INFO: Foreign key constraint added to tc_group_command (groupid)
2026-05-04 14:00:27  INFO: Foreign key constraint added to tc_group_driver (driverid)
2026-05-04 14:00:27  INFO: Foreign key constraint added to tc_group_driver (groupid)
2026-05-04 14:00:27  INFO: Foreign key constraint added to tc_group_geofence (geofenceid)
2026-05-04 14:00:27  INFO: Foreign key constraint added to tc_group_geofence (groupid)
2026-05-04 14:00:27  INFO: Foreign key constraint added to tc_group_maintenance (groupid)
2026-05-04 14:00:27  INFO: Foreign key constraint added to tc_group_maintenance (maintenanceid)
2026-05-04 14:00:27  INFO: Foreign key constraint added to tc_group_notification (groupid)
2026-05-04 14:00:27  INFO: Foreign key constraint added to tc_group_notification (notificationid)
2026-05-04 14:00:27  INFO: Foreign key constraint added to tc_notifications (calendarid)
2026-05-04 14:00:27  INFO: Foreign key constraint added to tc_positions (deviceid)
2026-05-04 14:00:27  INFO: Foreign key constraint added to tc_user_attribute (attributeid)
2026-05-04 14:00:27  INFO: Foreign key constraint added to tc_user_attribute (userid)
2026-05-04 14:00:27  INFO: Foreign key constraint added to tc_user_calendar (calendarid)
2026-05-04 14:00:27  INFO: Foreign key constraint added to tc_user_calendar (userid)
2026-05-04 14:00:27  INFO: Foreign key constraint added to tc_user_command (commandid)
2026-05-04 14:00:27  INFO: Foreign key constraint added to tc_user_command (userid)
2026-05-04 14:00:27  INFO: Foreign key constraint added to tc_device_attribute (attributeid)
2026-05-04 14:00:27  INFO: Foreign key constraint added to tc_device_attribute (deviceid)
2026-05-04 14:00:27  INFO: Foreign key constraint added to tc_user_device (deviceid)
2026-05-04 14:00:27  INFO: Foreign key constraint added to tc_user_device (userid)
2026-05-04 14:00:27  INFO: Foreign key constraint added to tc_user_driver (driverid)
2026-05-04 14:00:27  INFO: Foreign key constraint added to tc_user_driver (userid)
2026-05-04 14:00:27  INFO: Foreign key constraint added to tc_user_geofence (geofenceid)
2026-05-04 14:00:27  INFO: Foreign key constraint added to tc_user_geofence (userid)
2026-05-04 14:00:27  INFO: Foreign key constraint added to tc_user_group (groupid)
2026-05-04 14:00:27  INFO: Foreign key constraint added to tc_user_group (userid)
2026-05-04 14:00:27  INFO: Foreign key constraint added to tc_user_maintenance (maintenanceid)
2026-05-04 14:00:27  INFO: Foreign key constraint added to tc_user_maintenance (userid)
2026-05-04 14:00:27  INFO: Foreign key constraint added to tc_user_notification (notificationid)
2026-05-04 14:00:27  INFO: Foreign key constraint added to tc_user_notification (userid)
2026-05-04 14:00:27  INFO: Foreign key constraint added to tc_user_user (userid)
2026-05-04 14:00:27  INFO: New row inserted into tc_servers
2026-05-04 14:00:27  INFO: ChangeSet changelog-4.0-clean::changelog-4.0-clean::author ran successfully in 183ms
2026-05-04 14:00:27  INFO: Foreign key constraint added to tc_groups (groupid)
2026-05-04 14:00:27  INFO: Foreign key constraint added to tc_user_user (manageduserid)
2026-05-04 14:00:27  INFO: ChangeSet changelog-4.0-clean::changelog-4.0-clean-common::author ran successfully in 3ms
2026-05-04 14:00:27  INFO: Marking ChangeSet: "changelog-4.1::changelog-4.1-mssql::author" as ran despite precondition failure due to onFail='MARK_RAN': 
          database/schema/changelog-master.xml : DBMS Precondition failed: expected mssql, got h2

2026-05-04 14:00:27  INFO: Creating snapshot
2026-05-04 14:00:27  INFO: Index user_device_user_id created
2026-05-04 14:00:27  INFO: Index position_deviceid_fixtime created
2026-05-04 14:00:27  INFO: ChangeSet changelog-4.7::changelog-4.7::author ran successfully in 17ms
2026-05-04 14:00:27  INFO: Index event_deviceid_servertime created
2026-05-04 14:00:27  INFO: ChangeSet changelog-4.9::changelog-4.9::author ran successfully in 2ms
2026-05-04 14:00:27  INFO: Columns protocols(VARCHAR(4096)) added to tc_statistics
2026-05-04 14:00:27  INFO: ChangeSet changelog-4.10::changelog-4.10::author ran successfully in 10ms
2026-05-04 14:00:27  INFO: Columns announcement(VARCHAR(4000)) added to tc_servers
2026-05-04 14:00:27  INFO: ChangeSet changelog-4.11::changelog-4.11::author ran successfully in 4ms
2026-05-04 14:00:27  INFO: Column tc_events.servertime renamed to eventtime
2026-05-04 14:00:27  INFO: ChangeSet changelog-4.13::changelog-4.13::author ran successfully in 2ms
2026-05-04 14:00:27  INFO: Table tc_orders created
2026-05-04 14:00:27  INFO: Table tc_user_order created
2026-05-04 14:00:27  INFO: Foreign key constraint added to tc_user_order (userid)
2026-05-04 14:00:27  INFO: Foreign key constraint added to tc_user_order (orderid)
2026-05-04 14:00:27  INFO: Table tc_group_order created
2026-05-04 14:00:27  INFO: Foreign key constraint added to tc_group_order (groupid)
2026-05-04 14:00:27  INFO: Foreign key constraint added to tc_group_order (orderid)
2026-05-04 14:00:27  INFO: Table tc_device_order created
2026-05-04 14:00:27  INFO: Foreign key constraint added to tc_device_order (deviceid)
2026-05-04 14:00:27  INFO: Foreign key constraint added to tc_device_order (orderid)
2026-05-04 14:00:27  INFO: ChangeSet changelog-4.15::changelog-4.15::author ran successfully in 12ms
2026-05-04 14:00:27  INFO: Columns disablereports(BOOLEAN) added to tc_servers
2026-05-04 14:00:27  INFO: Columns disablereports(BOOLEAN) added to tc_users
2026-05-04 14:00:27  INFO: Column tc_orders.toAddress renamed to toaddresstmp
2026-05-04 14:00:27  INFO: Column tc_orders.fromAddress renamed to fromaddresstmp
2026-05-04 14:00:27  INFO: Column tc_orders.toaddresstmp renamed to toaddress
2026-05-04 14:00:27  INFO: Column tc_orders.fromaddresstmp renamed to fromaddress
2026-05-04 14:00:27  INFO: ChangeSet changelog-5.0::changelog-5.0::author ran successfully in 19ms
2026-05-04 14:00:27  INFO: Index idx_drivers_uniqueid created
2026-05-04 14:00:27  INFO: Index idx_devices_uniqueid created
2026-05-04 14:00:27  INFO: Index idx_users_email created
2026-05-04 14:00:27  INFO: Index idx_users_login created
2026-05-04 14:00:27  INFO: Index idx_users_token created
2026-05-04 14:00:27  INFO: Columns overlayurl(VARCHAR(512)) added to tc_servers
2026-05-04 14:00:27  INFO: ChangeSet changelog-5.1::changelog-5.1::author ran successfully in 13ms
2026-05-04 14:00:27  INFO: Columns status(CHAR(8)) added to tc_devices
2026-05-04 14:00:27  INFO: Columns geofenceids(VARCHAR(128)) added to tc_devices
2026-05-04 14:00:27  INFO: ChangeSet changelog-5.2::changelog-5.2::author ran successfully in 13ms
2026-05-04 14:00:27  INFO: Columns fixedemail(BOOLEAN) added to tc_servers
2026-05-04 14:00:27  INFO: Columns fixedemail(BOOLEAN) added to tc_users
2026-05-04 14:00:27  INFO: Columns expirationtime(TIMESTAMP) added to tc_devices
2026-05-04 14:00:27  INFO: Table tc_keystore created
2026-05-04 14:00:27  INFO: Index idx_users_token dropped from table tc_users
2026-05-04 14:00:27  INFO: Column tc_users.token dropped
2026-05-04 14:00:27  INFO: ChangeSet changelog-5.3::changelog-5.3::author ran successfully in 33ms
2026-05-04 14:00:27  INFO: Columns motionstate(BOOLEAN),motiontime(TIMESTAMP),motiondistance(DOUBLE),overspeedstate(BOOLEAN),overspeedtime(TIMESTAMP),overspeedgeofenceid(INT) added to tc_devices
2026-05-04 14:00:27  INFO: Table tc_commands_queue created
2026-05-04 14:00:27  INFO: Foreign key constraint added to tc_commands_queue (deviceid)
2026-05-04 14:00:27  INFO: Index idx_commands_queue_deviceid created
2026-05-04 14:00:27  INFO: ChangeSet changelog-5.4::changelog-5.4::author ran successfully in 45ms
2026-05-04 14:00:27  INFO: Column tc_commands_queue.description dropped
2026-05-04 14:00:27  INFO: ChangeSet changelog-5.5::changelog-5.5::author ran successfully in 3ms
2026-05-04 14:00:27  INFO: Columns motionstreak(BOOLEAN) added to tc_devices
2026-05-04 14:00:27  INFO: Table tc_reports created
2026-05-04 14:00:27  INFO: Foreign key constraint added to tc_reports (calendarid)
2026-05-04 14:00:27  INFO: Table tc_user_report created
2026-05-04 14:00:27  INFO: Foreign key constraint added to tc_user_report (userid)
2026-05-04 14:00:27  INFO: Foreign key constraint added to tc_user_report (reportid)
2026-05-04 14:00:27  INFO: Table tc_group_report created
2026-05-04 14:00:27  INFO: Foreign key constraint added to tc_group_report (groupid)
2026-05-04 14:00:27  INFO: Foreign key constraint added to tc_group_report (reportid)
2026-05-04 14:00:27  INFO: Table tc_device_report created
2026-05-04 14:00:27  INFO: Foreign key constraint added to tc_device_report (deviceid)
2026-05-04 14:00:27  INFO: Foreign key constraint added to tc_device_report (reportid)
2026-05-04 14:00:27  INFO: ChangeSet changelog-5.6::changelog-5.6::author ran successfully in 21ms
2026-05-04 14:00:27  INFO: Columns commandid(INT) added to tc_notifications
2026-05-04 14:00:27  INFO: Foreign key constraint added to tc_notifications (commandid)
2026-05-04 14:00:27  INFO: ChangeSet changelog-5.7::changelog-5.7::author ran successfully in 5ms
2026-05-04 14:00:27  INFO: Column tc_devices.geofenceids dropped
2026-05-04 14:00:27  INFO: Columns geofenceids(VARCHAR(128)) added to tc_positions
2026-05-04 14:00:27  INFO: ChangeSet changelog-5.8::changelog-5.8::author ran successfully in 9ms
2026-05-04 14:00:27  INFO: Columns calendarid(INT) added to tc_devices
2026-05-04 14:00:27  INFO: Foreign key constraint added to tc_devices (calendarid)
2026-05-04 14:00:27  INFO: ChangeSet changelog-5.9::changelog-5.9::author ran successfully in 7ms
2026-05-04 14:00:27  INFO: Columns totpkey(VARCHAR(64)) added to tc_users
2026-05-04 14:00:27  INFO: ChangeSet changelog-5.10::changelog-5.10::author ran successfully in 7ms
2026-05-04 14:00:27  INFO: Columns temporary(BOOLEAN) added to tc_users
2026-05-04 14:00:27  INFO: ChangeSet changelog-5.11::changelog-5.11::author ran successfully in 7ms
2026-05-04 14:00:27  INFO: Column tc_servers.twelvehourformat dropped
2026-05-04 14:00:27  INFO: Column tc_users.twelvehourformat dropped
2026-05-04 14:00:27  INFO: Columns priority(INT) added to tc_attributes
2026-05-04 14:00:27  INFO: ChangeSet changelog-6.2::changelog-6.2::author ran successfully in 13ms
2026-05-04 14:00:27  INFO: Creating snapshot
2026-05-04 14:00:27  INFO: Marking ChangeSet: "changelog-6.3::changelog-6.3-old::author" as ran despite precondition failure due to onFail='MARK_RAN': 
          database/schema/changelog-master.xml : Foreign Key PUBLIC.fk_event_deviceid does not exist

2026-05-04 14:00:27  INFO: Foreign key fk_events_deviceid dropped
2026-05-04 14:00:27  INFO: Foreign key fk_positions_deviceid dropped
2026-05-04 14:00:27  INFO: ChangeSet changelog-6.3::changelog-6.3-new::author ran successfully in 8ms
2026-05-04 14:00:27  INFO: Columns description(VARCHAR(4000)) added to tc_notifications
2026-05-04 14:00:27  INFO: ChangeSet changelog-6.6::changelog-6.6::author ran successfully in 3ms
2026-05-04 14:00:27  INFO: Creating snapshot
2026-05-04 14:00:27  INFO: Table tc_actions created
2026-05-04 14:00:27  INFO: ChangeSet changelog-6.7.0::changelog-6.7.0::author ran successfully in 15ms
2026-05-04 14:00:27  INFO: Marking ChangeSet: "changelog-6.8.0::changelog-6.8.0-timescale::author" as ran despite precondition failure due to onFail='MARK_RAN': 
          database/schema/changelog-master.xml : DBMS Precondition failed: expected postgresql, got h2

2026-05-04 14:00:27  INFO: Columns motionpositionid(INT) added to tc_devices
2026-05-04 14:00:27  INFO: ChangeSet changelog-6.9.0::changelog-6.9.0::author ran successfully in 5ms
2026-05-04 14:00:27  INFO: Marking ChangeSet: "changelog-6.11.0::changelog-6.11.0-timescale::author" as ran despite precondition failure due to onFail='MARK_RAN': 
          database/schema/changelog-master.xml : DBMS Precondition failed: expected postgresql, got h2

2026-05-04 14:00:27  INFO: Marking ChangeSet: "changelog-6.11.0::changelog-6.11.0-other::author" as ran despite precondition failure due to onFail='MARK_RAN': 
          database/schema/changelog-master.xml : Not precondition failed

2026-05-04 14:00:27  INFO: Table tc_revoked_tokens created
2026-05-04 14:00:27  INFO: ChangeSet changelog-6.11.0::changelog-6.11.0::author ran successfully in 0ms
2026-05-04 14:00:27  INFO: Columns motionlatitude(DOUBLE),motionlongitude(DOUBLE) added to tc_devices
2026-05-04 14:00:27  INFO: ChangeSet changelog-6.13.0::changelog-6.13.0::author ran successfully in 10ms
2026-05-04 14:00:27  INFO: Table tc_checkpoints created
2026-05-04 14:00:27  INFO: Foreign key constraint added to tc_checkpoints (groupId)
2026-05-04 14:00:27  INFO: Index idx_checkpoint_groupid created
2026-05-04 14:00:27  INFO: Table tc_user_checkpoint created
2026-05-04 14:00:27  INFO: Foreign key constraint added to tc_user_checkpoint (userid)
2026-05-04 14:00:27  INFO: Foreign key constraint added to tc_user_checkpoint (checkpointid)
2026-05-04 14:00:27  INFO: Table tc_group_checkpoint created
2026-05-04 14:00:27  INFO: Foreign key constraint added to tc_group_checkpoint (groupid)
2026-05-04 14:00:27  INFO: Foreign key constraint added to tc_group_checkpoint (checkpointid)
2026-05-04 14:00:27  INFO: ChangeSet changelog-checkpoints::changelog-checkpoints-1::urbus ran successfully in 11ms
2026-05-04 14:00:27  INFO: Table tc_routes created
2026-05-04 14:00:27  INFO: Foreign key constraint added to tc_routes (groupId)
2026-05-04 14:00:27  INFO: Index idx_route_groupid created
2026-05-04 14:00:27  INFO: Index idx_route_active created
2026-05-04 14:00:27  INFO: Table tc_user_route created
2026-05-04 14:00:27  INFO: Foreign key constraint added to tc_user_route (userid)
2026-05-04 14:00:27  INFO: Foreign key constraint added to tc_user_route (routeid)
2026-05-04 14:00:27  INFO: Table tc_group_route created
2026-05-04 14:00:27  INFO: Foreign key constraint added to tc_group_route (groupid)
2026-05-04 14:00:27  INFO: Foreign key constraint added to tc_group_route (routeid)
2026-05-04 14:00:27  INFO: ChangeSet changelog-routes::changelog-routes-1::urbus ran successfully in 9ms
2026-05-04 14:00:27  INFO: Table tc_route_checkpoint created
2026-05-04 14:00:27  INFO: Foreign key constraint added to tc_route_checkpoint (routeId)
2026-05-04 14:00:27  INFO: Foreign key constraint added to tc_route_checkpoint (checkpointId)
2026-05-04 14:00:27  INFO: Index idx_route_checkpoint_routeid created
2026-05-04 14:00:27  INFO: Index idx_route_checkpoint_checkpointid created
2026-05-04 14:00:27  INFO: Index idx_route_checkpoint_sequence created
2026-05-04 14:00:27  INFO: ChangeSet changelog-routes::changelog-routes-2::urbus ran successfully in 5ms
2026-05-04 14:00:27  INFO: Table tc_device_route created
2026-05-04 14:00:27  INFO: Foreign key constraint added to tc_device_route (deviceId)
2026-05-04 14:00:27  INFO: Foreign key constraint added to tc_device_route (routeId)
2026-05-04 14:00:27  INFO: Foreign key constraint added to tc_device_route (currentCheckpointId)
2026-05-04 14:00:27  INFO: Index idx_device_route_deviceid created
2026-05-04 14:00:27  INFO: Index idx_device_route_routeid created
2026-05-04 14:00:27  INFO: Index idx_device_route_completed created
2026-05-04 14:00:27  INFO: ChangeSet changelog-routes::changelog-routes-3::urbus ran successfully in 8ms
2026-05-04 14:00:27  INFO: Columns routeId(BIGINT) added to tc_devices
2026-05-04 14:00:27  INFO: Foreign key constraint added to tc_devices (routeId)
2026-05-04 14:00:27  INFO: Index idx_device_routeid created
2026-05-04 14:00:27  INFO: ChangeSet changelog-device-route-assignment::changelog-device-route-assignment-1::urbus ran successfully in 14ms
2026-05-04 14:00:27  INFO: UPDATE SUMMARY
2026-05-04 14:00:27  INFO: Run:                         37
2026-05-04 14:00:27  INFO: Previously run:               0
2026-05-04 14:00:27  INFO: Filtered out:                 0
2026-05-04 14:00:27  INFO: -------------------------------
2026-05-04 14:00:27  INFO: Total change sets:           37
2026-05-04 14:00:27  INFO: Update summary generated
2026-05-04 14:00:27  INFO: Update command completed successfully.
2026-05-04 14:00:27  INFO: Successfully released change log lock
2026-05-04 14:00:27  INFO: Command execution complete
2026-05-04 14:00:28  WARN: Port disabled due to conflict - Address already in use: bind - BindException (...)
2026-05-04 14:00:29  INFO: jetty-12.1.6; built: 2026-01-27T18:53:19.182Z; git: 88ca559572b1c8858b3c5684bb0293fa64e5e90f; jvm 17.0.16+8
2026-05-04 14:00:29  INFO: Session workerName=node0
2026-05-04 14:00:29  INFO: Started oeje10s.ServletContextHandler@23ec63af{ROOT,/,b=file:///C:/Users/juanm/Documents/Traccat-Server/web/,a=AVAILABLE,h=oeje10s.SessionHandler@280d6a20{STARTED}}
2026-05-04 14:00:29  INFO: Started oeje10s.ServletContextHandler@23ec63af{ROOT,/,b=file:///C:/Users/juanm/Documents/Traccat-Server/web/,a=AVAILABLE,h=oeje10s.SessionHandler@280d6a20{STARTED}}
2026-05-04 14:00:29  INFO: Started oejs.ServerConnector@3a66d97e{HTTP/1.1, (http/1.1)}{0.0.0.0:8082}
2026-05-04 14:00:29  INFO: Started oejs.Server@1add3e03{STARTING}[12.1.6,sto=0] @592ms
2026-05-04 14:02:00  INFO: Operating system name: Windows 11 version: 10.0 architecture: amd64
2026-05-04 14:02:00  INFO: Java runtime name: OpenJDK 64-Bit Server VM vendor: Eclipse Adoptium version: 17.0.16+8
2026-05-04 14:02:00  INFO: Memory limit heap: 8176mb non-heap: 0mb
2026-05-04 14:02:00  INFO: Character encoding: windows-1252
2026-05-04 14:02:00  INFO: Version: 6.12.2
2026-05-04 14:02:00  INFO: Starting server...
2026-05-04 14:02:00  INFO: HikariPool-1 - Starting...
2026-05-04 14:02:00  INFO: HikariPool-1 - Added connection conn0: url=jdbc:h2:./database/data/database user=SA
2026-05-04 14:02:00  INFO: HikariPool-1 - Start completed.
2026-05-04 14:02:01  INFO: Set default schema name to PUBLIC
2026-05-04 14:02:01  INFO: Successfully acquired change log lock
2026-05-04 14:02:01  INFO: Clearing database change log checksums for database h2
2026-05-04 14:02:01  INFO: Successfully released change log lock
2026-05-04 14:02:01  INFO: Command execution complete
2026-05-04 14:02:01  INFO: Reading from PUBLIC.DATABASECHANGELOG
2026-05-04 14:02:01  INFO: Reading from PUBLIC.DATABASECHANGELOG
2026-05-04 14:02:01  INFO: Reading from PUBLIC.DATABASECHANGELOG
2026-05-04 14:02:02  INFO: UPDATE SUMMARY
2026-05-04 14:02:02  INFO: Run:                          0
2026-05-04 14:02:02  INFO: Previously run:              37
2026-05-04 14:02:02  INFO: Filtered out:                 0
2026-05-04 14:02:02  INFO: -------------------------------
2026-05-04 14:02:02  INFO: Total change sets:           37
2026-05-04 14:02:02  INFO: Update summary generated
2026-05-04 14:02:02  INFO: Command execution complete
2026-05-04 14:02:02  WARN: Port disabled due to conflict - Address already in use: bind - BindException (...)
2026-05-04 14:02:03  INFO: jetty-12.1.6; built: 2026-01-27T18:53:19.182Z; git: 88ca559572b1c8858b3c5684bb0293fa64e5e90f; jvm 17.0.16+8
2026-05-04 14:02:03  INFO: Session workerName=node0
2026-05-04 14:02:03  INFO: Started oeje10s.ServletContextHandler@49e62b17{ROOT,/,b=file:///C:/Users/juanm/Documents/Traccat-Server/web/,a=AVAILABLE,h=oeje10s.SessionHandler@288409f0{STARTED}}
2026-05-04 14:02:03  INFO: Started oeje10s.ServletContextHandler@49e62b17{ROOT,/,b=file:///C:/Users/juanm/Documents/Traccat-Server/web/,a=AVAILABLE,h=oeje10s.SessionHandler@288409f0{STARTED}}
2026-05-04 14:02:03  INFO: Started oejs.ServerConnector@4bb5298e{HTTP/1.1, (http/1.1)}{0.0.0.0:8082}
2026-05-04 14:02:03  INFO: Started oejs.Server@21d15932{STARTING}[12.1.6,sto=0] @712ms
2026-05-04 14:02:16  INFO: login failed from: [0:0:0:0:0:0:0:1]
2026-05-04 14:02:23  INFO: login failed from: [0:0:0:0:0:0:0:1]
2026-05-04 14:02:31  INFO: login failed from: [0:0:0:0:0:0:0:1]
2026-05-04 14:56:54  INFO: Operating system name: Windows 11 version: 10.0 architecture: amd64
2026-05-04 14:56:54  INFO: Java runtime name: OpenJDK 64-Bit Server VM vendor: Eclipse Adoptium version: 17.0.16+8
2026-05-04 14:56:54  INFO: Memory limit heap: 8176mb non-heap: 0mb
2026-05-04 14:56:54  INFO: Character encoding: windows-1252
2026-05-04 14:56:54  INFO: Version: 6.12.2
2026-05-04 14:56:54  INFO: Starting server...
2026-05-04 14:56:54  INFO: HikariPool-1 - Starting...
2026-05-04 14:56:55  INFO: HikariPool-1 - Added connection conn0: url=jdbc:h2:./database/data/database user=SA
2026-05-04 14:56:55  INFO: HikariPool-1 - Start completed.
2026-05-04 14:56:55  INFO: Set default schema name to PUBLIC
2026-05-04 14:56:55  INFO: Successfully acquired change log lock
2026-05-04 14:56:55  INFO: Clearing database change log checksums for database h2
2026-05-04 14:56:55  INFO: Successfully released change log lock
2026-05-04 14:56:55  INFO: Command execution complete
2026-05-04 14:56:56  INFO: Reading from PUBLIC.DATABASECHANGELOG
2026-05-04 14:56:56  INFO: Reading from PUBLIC.DATABASECHANGELOG
2026-05-04 14:56:56  INFO: Reading from PUBLIC.DATABASECHANGELOG
2026-05-04 14:56:56  INFO: UPDATE SUMMARY
2026-05-04 14:56:56  INFO: Run:                          0
2026-05-04 14:56:56  INFO: Previously run:              36
2026-05-04 14:56:56  INFO: Filtered out:                 0
2026-05-04 14:56:56  INFO: -------------------------------
2026-05-04 14:56:56  INFO: Total change sets:           36
2026-05-04 14:56:56  INFO: Update summary generated
2026-05-04 14:56:56  INFO: Command execution complete
2026-05-04 14:56:57  WARN: Port disabled due to conflict - Address already in use: bind - BindException (...)
2026-05-04 14:56:57  INFO: jetty-12.1.6; built: 2026-01-27T18:53:19.182Z; git: 88ca559572b1c8858b3c5684bb0293fa64e5e90f; jvm 17.0.16+8
2026-05-04 14:56:57  INFO: Session workerName=node0
2026-05-04 14:56:57  INFO: Started oeje10s.ServletContextHandler@7fc1fd31{ROOT,/,b=file:///C:/Users/juanm/Documents/Traccat-Server/web/,a=AVAILABLE,h=oeje10s.SessionHandler@75a9cc24{STARTED}}
2026-05-04 14:56:58  INFO: Started oeje10s.ServletContextHandler@7fc1fd31{ROOT,/,b=file:///C:/Users/juanm/Documents/Traccat-Server/web/,a=AVAILABLE,h=oeje10s.SessionHandler@75a9cc24{STARTED}}
2026-05-04 14:56:58  INFO: Started oejs.ServerConnector@799cf32d{HTTP/1.1, (http/1.1)}{0.0.0.0:8082}
2026-05-04 14:56:58  INFO: Started oejs.Server@331ad6eb{STARTING}[12.1.6,sto=0] @669ms
2026-05-04 15:00:17  INFO: Operating system name: Windows 11 version: 10.0 architecture: amd64
2026-05-04 15:00:17  INFO: Java runtime name: OpenJDK 64-Bit Server VM vendor: Eclipse Adoptium version: 17.0.16+8
2026-05-04 15:00:17  INFO: Memory limit heap: 8176mb non-heap: 0mb
2026-05-04 15:00:17  INFO: Character encoding: windows-1252
2026-05-04 15:00:17  INFO: Version: 6.12.2
2026-05-04 15:00:17  INFO: Starting server...
2026-05-04 15:00:17  INFO: HikariPool-1 - Starting...
2026-05-04 15:00:19 ERROR: Main method error - The file is locked: C:/Users/juanm/Documents/Traccat-Server/database/data/database.mv.db [2.4.240/7] - MVStoreException (... < DatabaseModule:80 < <gener:-1 < *:-1 < ... < MainModule:140 < <gener:-1 < ...)
2026-05-04 15:00:24  INFO: Operating system name: Windows 11 version: 10.0 architecture: amd64
2026-05-04 15:00:24  INFO: Java runtime name: OpenJDK 64-Bit Server VM vendor: Eclipse Adoptium version: 17.0.16+8
2026-05-04 15:00:24  INFO: Memory limit heap: 8176mb non-heap: 0mb
2026-05-04 15:00:24  INFO: Character encoding: windows-1252
2026-05-04 15:00:24  INFO: Version: 6.12.2
2026-05-04 15:00:24  INFO: Starting server...
2026-05-04 15:00:24  INFO: HikariPool-1 - Starting...
2026-05-04 15:00:26 ERROR: Main method error - The file is locked: C:/Users/juanm/Documents/Traccat-Server/database/data/database.mv.db [2.4.240/7] - MVStoreException (... < DatabaseModule:80 < <gener:-1 < *:-1 < ... < MainModule:140 < <gener:-1 < ...)
2026-05-04 15:00:38  INFO: Operating system name: Windows 11 version: 10.0 architecture: amd64
2026-05-04 15:00:38  INFO: Java runtime name: OpenJDK 64-Bit Server VM vendor: Eclipse Adoptium version: 17.0.16+8
2026-05-04 15:00:38  INFO: Memory limit heap: 8176mb non-heap: 0mb
2026-05-04 15:00:38  INFO: Character encoding: windows-1252
2026-05-04 15:00:38  INFO: Version: 6.12.2
2026-05-04 15:00:38  INFO: Starting server...
2026-05-04 15:00:38  INFO: HikariPool-1 - Starting...
2026-05-04 15:00:40 ERROR: Main method error - The file is locked: C:/Users/juanm/Documents/Traccat-Server/database/data/database.mv.db [2.4.240/7] - MVStoreException (... < DatabaseModule:80 < <gener:-1 < *:-1 < ... < MainModule:140 < <gener:-1 < ...)
2026-05-04 15:06:11  INFO: Operating system name: Windows 11 version: 10.0 architecture: amd64
2026-05-04 15:06:11  INFO: Java runtime name: OpenJDK 64-Bit Server VM vendor: Eclipse Adoptium version: 17.0.16+8
2026-05-04 15:06:11  INFO: Memory limit heap: 8176mb non-heap: 0mb
2026-05-04 15:06:11  INFO: Character encoding: windows-1252
2026-05-04 15:06:11  INFO: Version: 6.12.2
2026-05-04 15:06:11  INFO: Starting server...
2026-05-04 15:06:11  INFO: HikariPool-1 - Starting...
2026-05-04 15:06:12 ERROR: Main method error - The file is locked: C:/Users/juanm/Documents/Traccat-Server/database/data/database.mv.db [2.4.240/7] - MVStoreException (... < DatabaseModule:80 < <gener:-1 < *:-1 < ... < MainModule:140 < <gener:-1 < ...)
2026-05-04 15:06:31  INFO: Operating system name: Windows 11 version: 10.0 architecture: amd64
2026-05-04 15:06:31  INFO: Java runtime name: OpenJDK 64-Bit Server VM vendor: Eclipse Adoptium version: 17.0.16+8
2026-05-04 15:06:31  INFO: Memory limit heap: 8176mb non-heap: 0mb
2026-05-04 15:06:31  INFO: Character encoding: windows-1252
2026-05-04 15:06:31  INFO: Version: 6.12.2
2026-05-04 15:06:31  INFO: Starting server...
2026-05-04 15:06:31  INFO: HikariPool-1 - Starting...
2026-05-04 15:06:32 ERROR: Main method error - The file is locked: C:/Users/juanm/Documents/Traccat-Server/database/data/database.mv.db [2.4.240/7] - MVStoreException (... < DatabaseModule:80 < <gener:-1 < *:-1 < ... < MainModule:140 < <gener:-1 < ...)
2026-05-04 15:07:28  WARN: An exception mapping did not successfully produce and processed a response. Logging the exception propagated to the default exception mapper. - org.traccar.storage.query.Condition$Or - ClassNotFoundException (... < LoginService:97 < SessionResource:120 < ... < WebServer:126 < ... < OverrideFileFilter:49 < ...)
2026-05-04 15:07:28  WARN: /api/session - org.traccar.storage.query.Condition$Or - ClassNotFoundException (... < LoginService:97 < SessionResource:120 < ... < WebServer:126 < ... < OverrideFileFilter:49 < ...)
2026-05-04 15:07:28  WARN: onError not handled due to prior sendError() s=HANDLING rs=BLOCKING os=OPEN is=IDLE awp=false se=true i=true al=0 - org.traccar.storage.query.Condition$Or - ClassNotFoundException (... < LoginService:97 < SessionResource:120 < ... < WebServer:126 < ... < OverrideFileFilter:49 < ...)
2026-05-04 15:08:24  WARN: / - org.traccar.web.ResponseWrapper - ClassNotFoundException (... < OverrideTextFilter:57 < ...)
2026-05-04 15:08:24  WARN: /favicon.ico - org.traccar.web.ResponseWrapper - ClassNotFoundException (OverrideTextFilter:57 < ...)
2026-05-04 15:08:29  WARN: /favicon.ico - org.traccar.web.ResponseWrapper - ClassNotFoundException (OverrideTextFilter:57 < ...)
2026-05-04 15:09:00  WARN: An exception mapping did not successfully produce and processed a response. Logging the exception propagated to the default exception mapper. - org.traccar.storage.query.Condition$Equals - ClassNotFoundException (... < UserResource:133 < ... < WebServer:126 < ... < OverrideFileFilter:49 < ... < OverrideTextFilter:53 < ...)
2026-05-04 15:09:00  WARN: /api/users - org.traccar.storage.query.Condition$Equals - ClassNotFoundException (... < UserResource:133 < ... < WebServer:126 < ... < OverrideFileFilter:49 < ... < OverrideTextFilter:53 < ...)
2026-05-04 15:09:00  WARN: onError not handled due to prior sendError() s=HANDLING rs=BLOCKING os=OPEN is=IDLE awp=false se=true i=true al=0 - org.traccar.storage.query.Condition$Equals - ClassNotFoundException (... < UserResource:133 < ... < WebServer:126 < ... < OverrideFileFilter:49 < ... < OverrideTextFilter:53 < ...)
2026-05-04 15:14:38  INFO: Operating system name: Windows 11 version: 10.0 architecture: amd64
2026-05-04 15:14:38  INFO: Java runtime name: OpenJDK 64-Bit Server VM vendor: Eclipse Adoptium version: 17.0.16+8
2026-05-04 15:14:38  INFO: Memory limit heap: 8176mb non-heap: 0mb
2026-05-04 15:14:38  INFO: Character encoding: windows-1252
2026-05-04 15:14:38  INFO: Version: 6.12.2
2026-05-04 15:14:38  INFO: Starting server...
2026-05-04 15:14:38  INFO: HikariPool-1 - Starting...
2026-05-04 15:14:38  INFO: HikariPool-1 - Added connection conn0: url=jdbc:h2:./database/data/database user=SA
2026-05-04 15:14:38  INFO: HikariPool-1 - Start completed.
2026-05-04 15:14:38  INFO: Set default schema name to PUBLIC
2026-05-04 15:14:38  INFO: Successfully acquired change log lock
2026-05-04 15:14:38  INFO: Clearing database change log checksums for database h2
2026-05-04 15:14:38  INFO: Successfully released change log lock
2026-05-04 15:14:38  INFO: Command execution complete
2026-05-04 15:14:39  INFO: Reading from PUBLIC.DATABASECHANGELOG
2026-05-04 15:14:39  INFO: Reading from PUBLIC.DATABASECHANGELOG
2026-05-04 15:14:39  INFO: Reading from PUBLIC.DATABASECHANGELOG
2026-05-04 15:14:39  INFO: UPDATE SUMMARY
2026-05-04 15:14:39  INFO: Run:                          0
2026-05-04 15:14:39  INFO: Previously run:              36
2026-05-04 15:14:39  INFO: Filtered out:                 0
2026-05-04 15:14:39  INFO: -------------------------------
2026-05-04 15:14:39  INFO: Total change sets:           36
2026-05-04 15:14:39  INFO: Update summary generated
2026-05-04 15:14:39  INFO: Command execution complete
2026-05-04 15:14:40  WARN: Port disabled due to conflict - Address already in use: bind - BindException (...)
2026-05-04 15:14:40  INFO: jetty-12.1.6; built: 2026-01-27T18:53:19.182Z; git: 88ca559572b1c8858b3c5684bb0293fa64e5e90f; jvm 17.0.16+8
2026-05-04 15:14:40  INFO: Session workerName=node0
2026-05-04 15:14:40  INFO: Started oeje10s.ServletContextHandler@6814262d{ROOT,/,b=file:///C:/Users/juanm/Documents/Traccat-Server/web/,a=AVAILABLE,h=oeje10s.SessionHandler@7fc1fd31{STARTED}}
2026-05-04 15:14:41  INFO: Started oeje10s.ServletContextHandler@6814262d{ROOT,/,b=file:///C:/Users/juanm/Documents/Traccat-Server/web/,a=AVAILABLE,h=oeje10s.SessionHandler@7fc1fd31{STARTED}}
2026-05-04 15:14:41  INFO: Started oejs.ServerConnector@66a8ff6d{HTTP/1.1, (http/1.1)}{0.0.0.0:8082}
2026-05-04 15:14:41  INFO: Started oejs.Server@1abbc1d4{STARTING}[12.1.6,sto=0] @623ms
2026-05-04 15:15:55  INFO: login failed from: [0:0:0:0:0:0:0:1]
2026-05-04 15:22:13  INFO: login failed from: [0:0:0:0:0:0:0:1]
2026-05-04 15:25:26  INFO: login failed from: [0:0:0:0:0:0:0:1]
2026-05-04 15:26:12  INFO: login failed from: [0:0:0:0:0:0:0:1]
2026-05-04 15:41:57  INFO: Operating system name: Windows 11 version: 10.0 architecture: amd64
2026-05-04 15:41:57  INFO: Java runtime name: OpenJDK 64-Bit Server VM vendor: Eclipse Adoptium version: 17.0.16+8
2026-05-04 15:41:57  INFO: Memory limit heap: 8176mb non-heap: 0mb
2026-05-04 15:41:57  INFO: Character encoding: windows-1252
2026-05-04 15:41:57  INFO: Version: 6.12.2
2026-05-04 15:41:57  INFO: Starting server...
2026-05-04 15:41:57  INFO: HikariPool-1 - Starting...
2026-05-04 15:41:59 ERROR: Main method error - The file is locked: C:/Users/juanm/Documents/Traccat-Server/database/data/database.mv.db [2.4.240/7] - MVStoreException (... < DatabaseModule:80 < <gener:-1 < *:-1 < ... < MainModule:140 < <gener:-1 < ...)
2026-05-04 15:47:57  INFO: Operating system name: Windows 11 version: 10.0 architecture: amd64
2026-05-04 15:47:57  INFO: Java runtime name: OpenJDK 64-Bit Server VM vendor: Eclipse Adoptium version: 17.0.16+8
2026-05-04 15:47:57  INFO: Memory limit heap: 8176mb non-heap: 0mb
2026-05-04 15:47:57  INFO: Character encoding: windows-1252
2026-05-04 15:47:57  INFO: Version: 6.12.2
2026-05-04 15:47:57  INFO: Starting server...
2026-05-04 15:47:57  INFO: HikariPool-1 - Starting...
2026-05-04 15:47:58  INFO: HikariPool-1 - Added connection conn0: url=jdbc:h2:./database/data/database user=SA
2026-05-04 15:47:58  INFO: HikariPool-1 - Start completed.
2026-05-04 15:47:58  INFO: Set default schema name to PUBLIC
2026-05-04 15:47:58  INFO: Successfully acquired change log lock
2026-05-04 15:47:58  INFO: Clearing database change log checksums for database h2
2026-05-04 15:47:58  INFO: Successfully released change log lock
2026-05-04 15:47:58  INFO: Command execution complete
2026-05-04 15:47:58  INFO: Reading from PUBLIC.DATABASECHANGELOG
2026-05-04 15:47:59  INFO: Reading from PUBLIC.DATABASECHANGELOG
2026-05-04 15:47:59  INFO: Reading from PUBLIC.DATABASECHANGELOG
2026-05-04 15:47:59  INFO: UPDATE SUMMARY
2026-05-04 15:47:59  INFO: Run:                          0
2026-05-04 15:47:59  INFO: Previously run:              36
2026-05-04 15:47:59  INFO: Filtered out:                 0
2026-05-04 15:47:59  INFO: -------------------------------
2026-05-04 15:47:59  INFO: Total change sets:           36
2026-05-04 15:47:59  INFO: Update summary generated
2026-05-04 15:47:59  INFO: Command execution complete
2026-05-04 15:47:59  WARN: Port disabled due to conflict - Address already in use: bind - BindException (...)
2026-05-04 15:48:00  INFO: jetty-12.1.6; built: 2026-01-27T18:53:19.182Z; git: 88ca559572b1c8858b3c5684bb0293fa64e5e90f; jvm 17.0.16+8
2026-05-04 15:48:00  INFO: Session workerName=node0
2026-05-04 15:48:00  INFO: Started oeje10s.ServletContextHandler@73385d3f{ROOT,/,b=file:///C:/Users/juanm/Documents/Traccat-Server/web/,a=AVAILABLE,h=oeje10s.SessionHandler@6814262d{STARTED}}
2026-05-04 15:48:00  INFO: Started oeje10s.ServletContextHandler@73385d3f{ROOT,/,b=file:///C:/Users/juanm/Documents/Traccat-Server/web/,a=AVAILABLE,h=oeje10s.SessionHandler@6814262d{STARTED}}
2026-05-04 15:48:00  INFO: Started oejs.ServerConnector@66589252{HTTP/1.1, (http/1.1)}{0.0.0.0:8082}
2026-05-04 15:48:00  INFO: Started oejs.Server@66a8ff6d{STARTING}[12.1.6,sto=0] @619ms
2026-05-04 18:38:51  INFO: Operating system name: Windows 11 version: 10.0 architecture: amd64
2026-05-04 18:38:51  INFO: Java runtime name: OpenJDK 64-Bit Server VM vendor: Eclipse Adoptium version: 17.0.16+8
2026-05-04 18:38:51  INFO: Memory limit heap: 8176mb non-heap: 0mb
2026-05-04 18:38:51  INFO: Character encoding: windows-1252
2026-05-04 18:38:51  INFO: Version: 6.12.2
2026-05-04 18:38:51  INFO: Starting server...
2026-05-04 18:38:51  INFO: HikariPool-1 - Starting...
2026-05-04 18:38:53 ERROR: Main method error - The file is locked: C:/Users/juanm/Documents/Traccat-Server/database/data/database.mv.db [2.4.240/7] - MVStoreException (... < DatabaseModule:80 < <gener:-1 < *:-1 < ... < MainModule:140 < <gener:-1 < ...)
2026-05-04 19:35:29  INFO: Operating system name: Windows 11 version: 10.0 architecture: amd64
2026-05-04 19:35:29  INFO: Java runtime name: OpenJDK 64-Bit Server VM vendor: Eclipse Adoptium version: 17.0.16+8
2026-05-04 19:35:29  INFO: Memory limit heap: 8176mb non-heap: 0mb
2026-05-04 19:35:29  INFO: Character encoding: windows-1252
2026-05-04 19:35:29  INFO: Version: 6.12.2
2026-05-04 19:35:29  INFO: Starting server...
2026-05-04 19:35:29  INFO: HikariPool-1 - Starting...
2026-05-04 19:35:31 ERROR: Main method error - The file is locked: C:/Users/juanm/Documents/Traccat-Server/database/data/database.mv.db [2.4.240/7] - MVStoreException (... < DatabaseModule:80 < <gener:-1 < *:-1 < ... < MainModule:140 < <gener:-1 < ...)
2026-05-04 19:37:43  INFO: Operating system name: Windows 11 version: 10.0 architecture: amd64
2026-05-04 19:37:43  INFO: Java runtime name: OpenJDK 64-Bit Server VM vendor: Eclipse Adoptium version: 17.0.16+8
2026-05-04 19:37:43  INFO: Memory limit heap: 8176mb non-heap: 0mb
2026-05-04 19:37:43  INFO: Character encoding: windows-1252
2026-05-04 19:37:43  INFO: Version: 6.12.2
2026-05-04 19:37:43  INFO: Starting server...
2026-05-04 19:37:43  INFO: HikariPool-1 - Starting...
2026-05-04 19:37:44  INFO: HikariPool-1 - Added connection conn0: url=jdbc:h2:./database/data/database user=SA
2026-05-04 19:37:44  INFO: HikariPool-1 - Start completed.
2026-05-04 19:37:44  INFO: Set default schema name to PUBLIC
2026-05-04 19:37:44  INFO: Successfully acquired change log lock
2026-05-04 19:37:44  INFO: Clearing database change log checksums for database h2
2026-05-04 19:37:44  INFO: Successfully released change log lock
2026-05-04 19:37:44  INFO: Command execution complete
2026-05-04 19:37:44  INFO: Reading from PUBLIC.DATABASECHANGELOG
2026-05-04 19:37:45  INFO: Reading from PUBLIC.DATABASECHANGELOG
2026-05-04 19:37:45  INFO: Reading from PUBLIC.DATABASECHANGELOG
2026-05-04 19:37:45  INFO: UPDATE SUMMARY
2026-05-04 19:37:45  INFO: Run:                          0
2026-05-04 19:37:45  INFO: Previously run:              36
2026-05-04 19:37:45  INFO: Filtered out:                 0
2026-05-04 19:37:45  INFO: -------------------------------
2026-05-04 19:37:45  INFO: Total change sets:           36
2026-05-04 19:37:45  INFO: Update summary generated
2026-05-04 19:37:45  INFO: Command execution complete
2026-05-04 19:37:46  WARN: Port disabled due to conflict - Address already in use: bind - BindException (...)
2026-05-04 19:37:46  INFO: jetty-12.1.6; built: 2026-01-27T18:53:19.182Z; git: 88ca559572b1c8858b3c5684bb0293fa64e5e90f; jvm 17.0.16+8
2026-05-04 19:37:46  INFO: Session workerName=node0
2026-05-04 19:37:46  INFO: Started oeje10s.ServletContextHandler@75a9cc24{ROOT,/,b=file:///C:/Users/juanm/Documents/Traccat-Server/web/,a=AVAILABLE,h=oeje10s.SessionHandler@4449a60b{STARTED}}
2026-05-04 19:37:47  INFO: Started oeje10s.ServletContextHandler@75a9cc24{ROOT,/,b=file:///C:/Users/juanm/Documents/Traccat-Server/web/,a=AVAILABLE,h=oeje10s.SessionHandler@4449a60b{STARTED}}
2026-05-04 19:37:47  INFO: Started oejs.ServerConnector@336145a7{HTTP/1.1, (http/1.1)}{0.0.0.0:8082}
2026-05-04 19:37:47  INFO: Started oejs.Server@6ad26381{STARTING}[12.1.6,sto=0] @620ms
2026-05-04 19:38:46  INFO: login failed from: [0:0:0:0:0:0:0:1]
2026-05-04 19:51:31  INFO: Operating system name: Windows 11 version: 10.0 architecture: amd64
2026-05-04 19:51:31  INFO: Java runtime name: OpenJDK 64-Bit Server VM vendor: Eclipse Adoptium version: 17.0.16+8
2026-05-04 19:51:31  INFO: Memory limit heap: 8176mb non-heap: 0mb
2026-05-04 19:51:31  INFO: Character encoding: windows-1252
2026-05-04 19:51:31  INFO: Version: 6.12.2
2026-05-04 19:51:31  INFO: Starting server...
2026-05-04 19:51:31  INFO: HikariPool-1 - Starting...
2026-05-04 19:51:31  INFO: HikariPool-1 - Added connection conn0: url=jdbc:h2:./database/data/database user=SA
2026-05-04 19:51:31  INFO: HikariPool-1 - Start completed.
2026-05-04 19:51:31  INFO: Set default schema name to PUBLIC
2026-05-04 19:51:32  INFO: Successfully acquired change log lock
2026-05-04 19:51:32  INFO: Clearing database change log checksums for database h2
2026-05-04 19:51:32  INFO: Successfully released change log lock
2026-05-04 19:51:32  INFO: Command execution complete
2026-05-04 19:51:32  INFO: Reading from PUBLIC.DATABASECHANGELOG
2026-05-04 19:51:32  INFO: Reading from PUBLIC.DATABASECHANGELOG
2026-05-04 19:51:32  INFO: Reading from PUBLIC.DATABASECHANGELOG
2026-05-04 19:51:32  INFO: UPDATE SUMMARY
2026-05-04 19:51:32  INFO: Run:                          0
2026-05-04 19:51:32  INFO: Previously run:              36
2026-05-04 19:51:32  INFO: Filtered out:                 0
2026-05-04 19:51:32  INFO: -------------------------------
2026-05-04 19:51:32  INFO: Total change sets:           36
2026-05-04 19:51:32  INFO: Update summary generated
2026-05-04 19:51:32  INFO: Command execution complete
2026-05-04 19:51:33  WARN: Port disabled due to conflict - Address already in use: bind - BindException (...)
2026-05-04 19:51:33  INFO: jetty-12.1.6; built: 2026-01-27T18:53:19.182Z; git: 88ca559572b1c8858b3c5684bb0293fa64e5e90f; jvm 17.0.16+8
2026-05-04 19:51:33  INFO: Session workerName=node0
2026-05-04 19:51:33  INFO: Started oeje10s.ServletContextHandler@6814262d{ROOT,/,b=file:///C:/Users/juanm/Documents/Traccat-Server/web/,a=AVAILABLE,h=oeje10s.SessionHandler@7fc1fd31{STARTED}}
2026-05-04 19:51:34  INFO: Started oeje10s.ServletContextHandler@6814262d{ROOT,/,b=file:///C:/Users/juanm/Documents/Traccat-Server/web/,a=AVAILABLE,h=oeje10s.SessionHandler@7fc1fd31{STARTED}}
2026-05-04 19:51:34  INFO: Started oejs.ServerConnector@336145a7{HTTP/1.1, (http/1.1)}{0.0.0.0:8082}
2026-05-04 19:51:34  INFO: Started oejs.Server@66a8ff6d{STARTING}[12.1.6,sto=0] @621ms
2026-05-04 20:06:36  INFO: Operating system name: Windows 11 version: 10.0 architecture: amd64
2026-05-04 20:06:36  INFO: Java runtime name: OpenJDK 64-Bit Server VM vendor: Eclipse Adoptium version: 17.0.16+8
2026-05-04 20:06:36  INFO: Memory limit heap: 8176mb non-heap: 0mb
2026-05-04 20:06:36  INFO: Character encoding: windows-1252
2026-05-04 20:06:36  INFO: Version: 6.12.2
2026-05-04 20:06:36  INFO: Starting server...
2026-05-04 20:06:37  INFO: HikariPool-1 - Starting...
2026-05-04 20:06:37  INFO: HikariPool-1 - Added connection conn0: url=jdbc:h2:./database/data/database user=SA
2026-05-04 20:06:37  INFO: HikariPool-1 - Start completed.
2026-05-04 20:06:37  INFO: Set default schema name to PUBLIC
2026-05-04 20:06:37  INFO: Successfully acquired change log lock
2026-05-04 20:06:37  INFO: Clearing database change log checksums for database h2
2026-05-04 20:06:37  INFO: Successfully released change log lock
2026-05-04 20:06:37  INFO: Command execution complete
2026-05-04 20:06:38  INFO: Reading from PUBLIC.DATABASECHANGELOG
2026-05-04 20:06:39  INFO: Reading from PUBLIC.DATABASECHANGELOG
2026-05-04 20:06:39  INFO: Reading from PUBLIC.DATABASECHANGELOG
2026-05-04 20:06:39  INFO: UPDATE SUMMARY
2026-05-04 20:06:39  INFO: Run:                          0
2026-05-04 20:06:39  INFO: Previously run:              36
2026-05-04 20:06:39  INFO: Filtered out:                 0
2026-05-04 20:06:39  INFO: -------------------------------
2026-05-04 20:06:39  INFO: Total change sets:           36
2026-05-04 20:06:39  INFO: Update summary generated
2026-05-04 20:06:39  INFO: Command execution complete
2026-05-04 20:06:40  WARN: Port disabled due to conflict - Address already in use: bind - BindException (...)
2026-05-04 20:06:40  INFO: jetty-12.1.6; built: 2026-01-27T18:53:19.182Z; git: 88ca559572b1c8858b3c5684bb0293fa64e5e90f; jvm 17.0.16+8
2026-05-04 20:06:40  INFO: Session workerName=node0
2026-05-04 20:06:40  INFO: Started oeje10s.ServletContextHandler@7fc1fd31{ROOT,/,b=file:///C:/Users/juanm/Documents/Traccat-Server/web/,a=AVAILABLE,h=oeje10s.SessionHandler@75a9cc24{STARTED}}
2026-05-04 20:06:41  INFO: Started oeje10s.ServletContextHandler@7fc1fd31{ROOT,/,b=file:///C:/Users/juanm/Documents/Traccat-Server/web/,a=AVAILABLE,h=oeje10s.SessionHandler@75a9cc24{STARTED}}
2026-05-04 20:06:41  INFO: Started oejs.ServerConnector@58b27966{HTTP/1.1, (http/1.1)}{0.0.0.0:8082}
2026-05-04 20:06:41  INFO: Started oejs.Server@5cc669d{STARTING}[12.1.6,sto=0] @724ms
2026-05-04 20:33:33  INFO: Operating system name: Windows 11 version: 10.0 architecture: amd64
2026-05-04 20:33:33  INFO: Java runtime name: OpenJDK 64-Bit Server VM vendor: Eclipse Adoptium version: 17.0.16+8
2026-05-04 20:33:33  INFO: Memory limit heap: 8176mb non-heap: 0mb
2026-05-04 20:33:33  INFO: Character encoding: windows-1252
2026-05-04 20:33:33  INFO: Version: 6.12.2
2026-05-04 20:33:33  INFO: Starting server...
2026-05-04 20:33:33  INFO: HikariPool-1 - Starting...
2026-05-04 20:33:34 ERROR: Main method error - The file is locked: C:/Users/juanm/Documents/Traccat-Server/database/data/database.mv.db [2.4.240/7] - MVStoreException (... < DatabaseModule:80 < <gener:-1 < *:-1 < ... < MainModule:140 < <gener:-1 < ...)
2026-05-04 20:35:19  INFO: Operating system name: Windows 11 version: 10.0 architecture: amd64
2026-05-04 20:35:19  INFO: Java runtime name: OpenJDK 64-Bit Server VM vendor: Eclipse Adoptium version: 17.0.16+8
2026-05-04 20:35:19  INFO: Memory limit heap: 8176mb non-heap: 0mb
2026-05-04 20:35:19  INFO: Character encoding: windows-1252
2026-05-04 20:35:19  INFO: Version: 6.12.2
2026-05-04 20:35:19  INFO: Starting server...
2026-05-04 20:35:19  INFO: HikariPool-1 - Starting...
2026-05-04 20:35:19  INFO: HikariPool-1 - Added connection conn0: url=jdbc:h2:./database/data/database user=SA
2026-05-04 20:35:19  INFO: HikariPool-1 - Start completed.
2026-05-04 20:35:19  INFO: Set default schema name to PUBLIC
2026-05-04 20:35:20  INFO: Successfully acquired change log lock
2026-05-04 20:35:20  INFO: Clearing database change log checksums for database h2
2026-05-04 20:35:20  INFO: Successfully released change log lock
2026-05-04 20:35:20  INFO: Command execution complete
2026-05-04 20:35:20  INFO: Reading from PUBLIC.DATABASECHANGELOG
2026-05-04 20:35:20  INFO: Reading from PUBLIC.DATABASECHANGELOG
2026-05-04 20:35:20  INFO: Reading from PUBLIC.DATABASECHANGELOG
2026-05-04 20:35:20  INFO: UPDATE SUMMARY
2026-05-04 20:35:20  INFO: Run:                          0
2026-05-04 20:35:20  INFO: Previously run:              36
2026-05-04 20:35:20  INFO: Filtered out:                 0
2026-05-04 20:35:20  INFO: -------------------------------
2026-05-04 20:35:20  INFO: Total change sets:           36
2026-05-04 20:35:20  INFO: Update summary generated
2026-05-04 20:35:20  INFO: Command execution complete
2026-05-04 20:35:21  WARN: Port disabled due to conflict - Address already in use: bind - BindException (...)
2026-05-04 20:35:22  INFO: jetty-12.1.6; built: 2026-01-27T18:53:19.182Z; git: 88ca559572b1c8858b3c5684bb0293fa64e5e90f; jvm 17.0.16+8
2026-05-04 20:35:22  INFO: Session workerName=node0
2026-05-04 20:35:22  INFO: Started oeje10s.ServletContextHandler@7fc1fd31{ROOT,/,b=file:///C:/Users/juanm/Documents/Traccat-Server/web/,a=AVAILABLE,h=oeje10s.SessionHandler@75a9cc24{STARTED}}
2026-05-04 20:35:22  INFO: Started oeje10s.ServletContextHandler@7fc1fd31{ROOT,/,b=file:///C:/Users/juanm/Documents/Traccat-Server/web/,a=AVAILABLE,h=oeje10s.SessionHandler@75a9cc24{STARTED}}
2026-05-04 20:35:22  INFO: Started oejs.ServerConnector@58b27966{HTTP/1.1, (http/1.1)}{0.0.0.0:8082}
2026-05-04 20:35:22  INFO: Started oejs.Server@5cc669d{STARTING}[12.1.6,sto=0] @613ms
2026-05-04 20:44:34  INFO: Operating system name: Windows 11 version: 10.0 architecture: amd64
2026-05-04 20:44:34  INFO: Java runtime name: OpenJDK 64-Bit Server VM vendor: Eclipse Adoptium version: 17.0.16+8
2026-05-04 20:44:34  INFO: Memory limit heap: 8176mb non-heap: 0mb
2026-05-04 20:44:34  INFO: Character encoding: windows-1252
2026-05-04 20:44:34  INFO: Version: 6.12.2
2026-05-04 20:44:34  INFO: Starting server...
2026-05-04 20:44:35  INFO: HikariPool-1 - Starting...
2026-05-04 20:44:35  INFO: HikariPool-1 - Added connection conn0: url=jdbc:h2:./database/data/database user=SA
2026-05-04 20:44:35  INFO: HikariPool-1 - Start completed.
2026-05-04 20:44:35  INFO: Set default schema name to PUBLIC
2026-05-04 20:44:35  INFO: Successfully acquired change log lock
2026-05-04 20:44:35  INFO: Clearing database change log checksums for database h2
2026-05-04 20:44:35  INFO: Successfully released change log lock
2026-05-04 20:44:35  INFO: Command execution complete
2026-05-04 20:44:36  INFO: Reading from PUBLIC.DATABASECHANGELOG
2026-05-04 20:44:36  INFO: Reading from PUBLIC.DATABASECHANGELOG
2026-05-04 20:44:36  INFO: Reading from PUBLIC.DATABASECHANGELOG
2026-05-04 20:44:36  INFO: UPDATE SUMMARY
2026-05-04 20:44:36  INFO: Run:                          0
2026-05-04 20:44:36  INFO: Previously run:              36
2026-05-04 20:44:36  INFO: Filtered out:                 0
2026-05-04 20:44:36  INFO: -------------------------------
2026-05-04 20:44:36  INFO: Total change sets:           36
2026-05-04 20:44:36  INFO: Update summary generated
2026-05-04 20:44:36  INFO: Command execution complete
2026-05-04 20:44:37  WARN: Port disabled due to conflict - Address already in use: bind - BindException (...)
2026-05-04 20:44:37  INFO: jetty-12.1.6; built: 2026-01-27T18:53:19.182Z; git: 88ca559572b1c8858b3c5684bb0293fa64e5e90f; jvm 17.0.16+8
2026-05-04 20:44:37  INFO: Session workerName=node0
2026-05-04 20:44:37  INFO: Started oeje10s.ServletContextHandler@6814262d{ROOT,/,b=file:///C:/Users/juanm/Documents/Traccat-Server/web/,a=AVAILABLE,h=oeje10s.SessionHandler@7fc1fd31{STARTED}}
2026-05-04 20:44:38  INFO: Started oeje10s.ServletContextHandler@6814262d{ROOT,/,b=file:///C:/Users/juanm/Documents/Traccat-Server/web/,a=AVAILABLE,h=oeje10s.SessionHandler@7fc1fd31{STARTED}}
2026-05-04 20:44:38  INFO: Started oejs.ServerConnector@66a8ff6d{HTTP/1.1, (http/1.1)}{0.0.0.0:8082}
2026-05-04 20:44:38  INFO: Started oejs.Server@1abbc1d4{STARTING}[12.1.6,sto=0] @597ms
2026-05-04 21:10:17  INFO: Stopping server...
2026-05-04 21:10:39  INFO: Operating system name: Windows 11 version: 10.0 architecture: amd64
2026-05-04 21:10:39  INFO: Java runtime name: OpenJDK 64-Bit Server VM vendor: Eclipse Adoptium version: 17.0.16+8
2026-05-04 21:10:39  INFO: Memory limit heap: 8176mb non-heap: 0mb
2026-05-04 21:10:39  INFO: Character encoding: windows-1252
2026-05-04 21:10:39  INFO: Version: 6.12.2
2026-05-04 21:10:39  INFO: Starting server...
2026-05-04 21:10:39  INFO: HikariPool-1 - Starting...
2026-05-04 21:10:39  INFO: HikariPool-1 - Added connection conn0: url=jdbc:h2:./database/data/database user=SA
2026-05-04 21:10:39  INFO: HikariPool-1 - Start completed.
2026-05-04 21:10:39  INFO: Set default schema name to PUBLIC
2026-05-04 21:10:40  INFO: Successfully acquired change log lock
2026-05-04 21:10:40  INFO: Clearing database change log checksums for database h2
2026-05-04 21:10:40  INFO: Successfully released change log lock
2026-05-04 21:10:40  INFO: Command execution complete
2026-05-04 21:10:40  INFO: Reading from PUBLIC.DATABASECHANGELOG
2026-05-04 21:10:40  INFO: Reading from PUBLIC.DATABASECHANGELOG
2026-05-04 21:10:41  INFO: Reading from PUBLIC.DATABASECHANGELOG
2026-05-04 21:10:41  INFO: UPDATE SUMMARY
2026-05-04 21:10:41  INFO: Run:                          0
2026-05-04 21:10:41  INFO: Previously run:              36
2026-05-04 21:10:41  INFO: Filtered out:                 0
2026-05-04 21:10:41  INFO: -------------------------------
2026-05-04 21:10:41  INFO: Total change sets:           36
2026-05-04 21:10:41  INFO: Update summary generated
2026-05-04 21:10:41  INFO: Command execution complete
2026-05-04 21:10:42  WARN: Port disabled due to conflict - Address already in use: bind - BindException (...)
2026-05-04 21:10:42  INFO: jetty-12.1.6; built: 2026-01-27T18:53:19.182Z; git: 88ca559572b1c8858b3c5684bb0293fa64e5e90f; jvm 17.0.16+8
2026-05-04 21:10:42  INFO: Session workerName=node0
2026-05-04 21:10:42  INFO: Started oeje10s.ServletContextHandler@da5d5e1{ROOT,/,b=file:///C:/Users/juanm/Documents/Traccat-Server/web/,a=AVAILABLE,h=oeje10s.SessionHandler@7d7d8911{STARTED}}
2026-05-04 21:10:43  INFO: Started oeje10s.ServletContextHandler@da5d5e1{ROOT,/,b=file:///C:/Users/juanm/Documents/Traccat-Server/web/,a=AVAILABLE,h=oeje10s.SessionHandler@7d7d8911{STARTED}}
2026-05-04 21:10:43  INFO: Started oejs.ServerConnector@57ce8892{HTTP/1.1, (http/1.1)}{0.0.0.0:8082}
2026-05-04 21:10:43  INFO: Started oejs.Server@4b20aa21{STARTING}[12.1.6,sto=0] @836ms
2026-06-02 21:20:18  INFO: Operating system name: Windows 11 version: 10.0 architecture: amd64
2026-06-02 21:20:18  INFO: Java runtime name: OpenJDK 64-Bit Server VM vendor: Eclipse Adoptium version: 17.0.16+8
2026-06-02 21:20:18  INFO: Memory limit heap: 8176mb non-heap: 0mb
2026-06-02 21:20:18  INFO: Character encoding: windows-1252
2026-06-02 21:20:18  INFO: Version: 6.12.2
2026-06-02 21:20:18  INFO: Starting server...
2026-06-02 21:20:19  INFO: HikariPool-1 - Starting...
2026-06-02 21:20:19  INFO: HikariPool-1 - Added connection conn0: url=jdbc:h2:./database/data/database user=SA
2026-06-02 21:20:19  INFO: HikariPool-1 - Start completed.
2026-06-02 21:20:20  INFO: Set default schema name to PUBLIC
2026-06-02 21:20:20  INFO: Successfully acquired change log lock
2026-06-02 21:20:20  INFO: Clearing database change log checksums for database h2
2026-06-02 21:20:20  INFO: Successfully released change log lock
2026-06-02 21:20:20  INFO: Command execution complete
2026-06-02 21:20:21  INFO: Reading from PUBLIC.DATABASECHANGELOG
2026-06-02 21:20:21  INFO: Reading from PUBLIC.DATABASECHANGELOG
2026-06-02 21:20:21  INFO: Reading from PUBLIC.DATABASECHANGELOG
2026-06-02 21:20:21  INFO: UPDATE SUMMARY
2026-06-02 21:20:21  INFO: Run:                          0
2026-06-02 21:20:21  INFO: Previously run:              36
2026-06-02 21:20:21  INFO: Filtered out:                 0
2026-06-02 21:20:21  INFO: -------------------------------
2026-06-02 21:20:21  INFO: Total change sets:           36
2026-06-02 21:20:21  INFO: Update summary generated
2026-06-02 21:20:21  INFO: Command execution complete
2026-06-02 21:20:23  WARN: Port disabled due to conflict - Address already in use: bind - BindException (...)
2026-06-02 21:20:23  INFO: jetty-12.1.6; built: 2026-01-27T18:53:19.182Z; git: 88ca559572b1c8858b3c5684bb0293fa64e5e90f; jvm 17.0.16+8
2026-06-02 21:20:23  INFO: Session workerName=node0
2026-06-02 21:20:23  INFO: Started oeje10s.ServletContextHandler@da5d5e1{ROOT,/,b=file:///C:/Users/juanm/Documents/Traccat-server-old/web/,a=AVAILABLE,h=oeje10s.SessionHandler@7d7d8911{STARTED}}
2026-06-02 21:20:24  INFO: Started oeje10s.ServletContextHandler@da5d5e1{ROOT,/,b=file:///C:/Users/juanm/Documents/Traccat-server-old/web/,a=AVAILABLE,h=oeje10s.SessionHandler@7d7d8911{STARTED}}
2026-06-02 21:20:24  INFO: Started oejs.ServerConnector@4b20aa21{HTTP/1.1, (http/1.1)}{0.0.0.0:8082}
2026-06-02 21:20:24  INFO: Started oejs.Server@f5167f0{STARTING}[12.1.6,sto=0] @1121ms
2026-06-04 12:19:10  INFO: Operating system name: Windows 11 version: 10.0 architecture: amd64
2026-06-04 12:19:10  INFO: Java runtime name: OpenJDK 64-Bit Server VM vendor: Eclipse Adoptium version: 17.0.16+8
2026-06-04 12:19:10  INFO: Memory limit heap: 8176mb non-heap: 0mb
2026-06-04 12:19:10  INFO: Character encoding: windows-1252
2026-06-04 12:19:10  INFO: Version: 6.12.2
2026-06-04 12:19:10  INFO: Starting server...
2026-06-04 12:19:10  INFO: HikariPool-1 - Starting...
2026-06-04 12:19:10  INFO: HikariPool-1 - Added connection conn0: url=jdbc:h2:./database/data/database user=SA
2026-06-04 12:19:10  INFO: HikariPool-1 - Start completed.
2026-06-04 12:19:10  INFO: Set default schema name to PUBLIC
2026-06-04 12:19:10  INFO: Successfully acquired change log lock
2026-06-04 12:19:10  INFO: Clearing database change log checksums for database h2
2026-06-04 12:19:10  INFO: Successfully released change log lock
2026-06-04 12:19:10  INFO: Command execution complete
2026-06-04 12:19:11  INFO: Reading from PUBLIC.DATABASECHANGELOG
2026-06-04 12:19:11  INFO: Reading from PUBLIC.DATABASECHANGELOG
2026-06-04 12:19:11  INFO: Reading from PUBLIC.DATABASECHANGELOG
2026-06-04 12:19:11  INFO: UPDATE SUMMARY
2026-06-04 12:19:11  INFO: Run:                          0
2026-06-04 12:19:11  INFO: Previously run:              36
2026-06-04 12:19:11  INFO: Filtered out:                 0
2026-06-04 12:19:11  INFO: -------------------------------
2026-06-04 12:19:11  INFO: Total change sets:           36
2026-06-04 12:19:11  INFO: Update summary generated
2026-06-04 12:19:11  INFO: Command execution complete
2026-06-04 12:19:12  WARN: Port disabled due to conflict - Address already in use: bind - BindException (...)
2026-06-04 12:19:12  INFO: jetty-12.1.6; built: 2026-01-27T18:53:19.182Z; git: 88ca559572b1c8858b3c5684bb0293fa64e5e90f; jvm 17.0.16+8
2026-06-04 12:19:12  INFO: Session workerName=node0
2026-06-04 12:19:12  INFO: Started oeje10s.ServletContextHandler@7fc1fd31{ROOT,/,b=file:///C:/Users/juanm/Documents/Traccat-server-old/web/,a=AVAILABLE,h=oeje10s.SessionHandler@75a9cc24{STARTED}}
2026-06-04 12:19:13  INFO: Started oeje10s.ServletContextHandler@7fc1fd31{ROOT,/,b=file:///C:/Users/juanm/Documents/Traccat-server-old/web/,a=AVAILABLE,h=oeje10s.SessionHandler@75a9cc24{STARTED}}
2026-06-04 12:19:13  INFO: Started oejs.ServerConnector@6adc42d7{HTTP/1.1, (http/1.1)}{0.0.0.0:8082}
2026-06-04 12:19:13  INFO: Started oejs.Server@5cc669d{STARTING}[12.1.6,sto=0] @611ms
2026-06-04 12:42:02  INFO: Operating system name: Windows 11 version: 10.0 architecture: amd64
2026-06-04 12:42:02  INFO: Java runtime name: OpenJDK 64-Bit Server VM vendor: Eclipse Adoptium version: 17.0.16+8
2026-06-04 12:42:02  INFO: Memory limit heap: 8176mb non-heap: 0mb
2026-06-04 12:42:02  INFO: Character encoding: windows-1252
2026-06-04 12:42:02  INFO: Version: 6.12.2
2026-06-04 12:42:02  INFO: Starting server...
2026-06-04 12:42:02  INFO: HikariPool-1 - Starting...
2026-06-04 12:42:03  INFO: HikariPool-1 - Added connection conn0: url=jdbc:h2:./database/data/database user=SA
2026-06-04 12:42:03  INFO: HikariPool-1 - Start completed.
2026-06-04 12:42:03  INFO: Set default schema name to PUBLIC
2026-06-04 12:42:03  INFO: Successfully acquired change log lock
2026-06-04 12:42:03  INFO: Clearing database change log checksums for database h2
2026-06-04 12:42:03  INFO: Successfully released change log lock
2026-06-04 12:42:03  INFO: Command execution complete
2026-06-04 12:42:03  INFO: Reading from PUBLIC.DATABASECHANGELOG
2026-06-04 12:42:04  INFO: Reading from PUBLIC.DATABASECHANGELOG
2026-06-04 12:42:04  INFO: Reading from PUBLIC.DATABASECHANGELOG
2026-06-04 12:42:04  INFO: UPDATE SUMMARY
2026-06-04 12:42:04  INFO: Run:                          0
2026-06-04 12:42:04  INFO: Previously run:              36
2026-06-04 12:42:04  INFO: Filtered out:                 0
2026-06-04 12:42:04  INFO: -------------------------------
2026-06-04 12:42:04  INFO: Total change sets:           36
2026-06-04 12:42:04  INFO: Update summary generated
2026-06-04 12:42:04  INFO: Command execution complete
2026-06-04 12:42:05  WARN: Port disabled due to conflict - Address already in use: bind - BindException (...)
2026-06-04 12:42:05  INFO: jetty-12.1.6; built: 2026-01-27T18:53:19.182Z; git: 88ca559572b1c8858b3c5684bb0293fa64e5e90f; jvm 17.0.16+8
2026-06-04 12:42:05  INFO: Session workerName=node0
2026-06-04 12:42:05  INFO: Started oeje10s.ServletContextHandler@6814262d{ROOT,/,b=file:///C:/Users/juanm/Documents/Traccat-server-old/web/,a=AVAILABLE,h=oeje10s.SessionHandler@7fc1fd31{STARTED}}
2026-06-04 12:42:06  INFO: Started oeje10s.ServletContextHandler@6814262d{ROOT,/,b=file:///C:/Users/juanm/Documents/Traccat-server-old/web/,a=AVAILABLE,h=oeje10s.SessionHandler@7fc1fd31{STARTED}}
2026-06-04 12:42:06  INFO: Started oejs.ServerConnector@66a8ff6d{HTTP/1.1, (http/1.1)}{0.0.0.0:8082}
2026-06-04 12:42:06  INFO: Started oejs.Server@1abbc1d4{STARTING}[12.1.6,sto=0] @636ms
2026-06-04 12:54:57  INFO: Operating system name: Windows 11 version: 10.0 architecture: amd64
2026-06-04 12:54:57  INFO: Java runtime name: OpenJDK 64-Bit Server VM vendor: Eclipse Adoptium version: 17.0.16+8
2026-06-04 12:54:57  INFO: Memory limit heap: 8176mb non-heap: 0mb
2026-06-04 12:54:57  INFO: Character encoding: windows-1252
2026-06-04 12:54:57  INFO: Version: 6.12.2
2026-06-04 12:54:57  INFO: Starting server...
2026-06-04 12:54:58  INFO: HikariPool-1 - Starting...
2026-06-04 12:54:58  INFO: HikariPool-1 - Added connection conn0: url=jdbc:h2:./database/data/database user=SA
2026-06-04 12:54:58  INFO: HikariPool-1 - Start completed.
2026-06-04 12:54:58  INFO: Set default schema name to PUBLIC
2026-06-04 12:54:58  INFO: Successfully acquired change log lock
2026-06-04 12:54:58  INFO: Clearing database change log checksums for database h2
2026-06-04 12:54:58  INFO: Successfully released change log lock
2026-06-04 12:54:58  INFO: Command execution complete
2026-06-04 12:54:59  INFO: Reading from PUBLIC.DATABASECHANGELOG
2026-06-04 12:54:59  INFO: Reading from PUBLIC.DATABASECHANGELOG
2026-06-04 12:54:59  INFO: Reading from PUBLIC.DATABASECHANGELOG
2026-06-04 12:54:59  INFO: UPDATE SUMMARY
2026-06-04 12:54:59  INFO: Run:                          0
2026-06-04 12:54:59  INFO: Previously run:              36
2026-06-04 12:54:59  INFO: Filtered out:                 0
2026-06-04 12:54:59  INFO: -------------------------------
2026-06-04 12:54:59  INFO: Total change sets:           36
2026-06-04 12:54:59  INFO: Update summary generated
2026-06-04 12:54:59  INFO: Command execution complete
2026-06-04 12:55:00  WARN: Port disabled due to conflict - Address already in use: bind - BindException (...)
2026-06-04 12:55:00  INFO: jetty-12.1.6; built: 2026-01-27T18:53:19.182Z; git: 88ca559572b1c8858b3c5684bb0293fa64e5e90f; jvm 17.0.16+8
2026-06-04 12:55:00  INFO: Session workerName=node0
2026-06-04 12:55:00  INFO: Started oeje10s.ServletContextHandler@73385d3f{ROOT,/,b=file:///C:/Users/juanm/Documents/Traccat-server-old/web/,a=AVAILABLE,h=oeje10s.SessionHandler@6814262d{STARTED}}
2026-06-04 12:55:01  INFO: Started oeje10s.ServletContextHandler@73385d3f{ROOT,/,b=file:///C:/Users/juanm/Documents/Traccat-server-old/web/,a=AVAILABLE,h=oeje10s.SessionHandler@6814262d{STARTED}}
2026-06-04 12:55:01  INFO: Started oejs.ServerConnector@66589252{HTTP/1.1, (http/1.1)}{0.0.0.0:8082}
2026-06-04 12:55:01  INFO: Started oejs.Server@66a8ff6d{STARTING}[12.1.6,sto=0] @577ms
2026-06-04 12:57:48  INFO: Operating system name: Windows 11 version: 10.0 architecture: amd64
2026-06-04 12:57:48  INFO: Java runtime name: OpenJDK 64-Bit Server VM vendor: Eclipse Adoptium version: 17.0.16+8
2026-06-04 12:57:48  INFO: Memory limit heap: 8176mb non-heap: 0mb
2026-06-04 12:57:48  INFO: Character encoding: windows-1252
2026-06-04 12:57:48  INFO: Version: 6.12.2
2026-06-04 12:57:48  INFO: Starting server...
2026-06-04 12:57:48  INFO: HikariPool-1 - Starting...
2026-06-04 12:57:49  INFO: HikariPool-1 - Added connection conn0: url=jdbc:h2:./database/data/database user=SA
2026-06-04 12:57:49  INFO: HikariPool-1 - Start completed.
2026-06-04 12:57:49  INFO: Set default schema name to PUBLIC
2026-06-04 12:57:49  INFO: Successfully acquired change log lock
2026-06-04 12:57:49  INFO: Clearing database change log checksums for database h2
2026-06-04 12:57:49  INFO: Successfully released change log lock
2026-06-04 12:57:49  INFO: Command execution complete
2026-06-04 12:57:50  INFO: Reading from PUBLIC.DATABASECHANGELOG
2026-06-04 12:57:50  INFO: Reading from PUBLIC.DATABASECHANGELOG
2026-06-04 12:57:50  INFO: Reading from PUBLIC.DATABASECHANGELOG
2026-06-04 12:57:50  INFO: UPDATE SUMMARY
2026-06-04 12:57:50  INFO: Run:                          0
2026-06-04 12:57:50  INFO: Previously run:              36
2026-06-04 12:57:50  INFO: Filtered out:                 0
2026-06-04 12:57:50  INFO: -------------------------------
2026-06-04 12:57:50  INFO: Total change sets:           36
2026-06-04 12:57:50  INFO: Update summary generated
2026-06-04 12:57:50  INFO: Command execution complete
2026-06-04 12:57:51  WARN: Port disabled due to conflict - Address already in use: bind - BindException (...)
2026-06-04 12:57:52  INFO: jetty-12.1.6; built: 2026-01-27T18:53:19.182Z; git: 88ca559572b1c8858b3c5684bb0293fa64e5e90f; jvm 17.0.16+8
2026-06-04 12:57:52  INFO: Session workerName=node0
2026-06-04 12:57:52  INFO: Started oeje10s.ServletContextHandler@7fc1fd31{ROOT,/,b=file:///C:/Users/juanm/Documents/Traccat-server-old/web/,a=AVAILABLE,h=oeje10s.SessionHandler@75a9cc24{STARTED}}
2026-06-04 12:57:53  INFO: Started oeje10s.ServletContextHandler@7fc1fd31{ROOT,/,b=file:///C:/Users/juanm/Documents/Traccat-server-old/web/,a=AVAILABLE,h=oeje10s.SessionHandler@75a9cc24{STARTED}}
2026-06-04 12:57:53  INFO: Started oejs.ServerConnector@5cc669d{HTTP/1.1, (http/1.1)}{0.0.0.0:8082}
2026-06-04 12:57:53  INFO: Started oejs.Server@351be56b{STARTING}[12.1.6,sto=0] @901ms
2026-06-04 13:26:48  INFO: [T7679cba9] connected
2026-06-04 13:26:48  INFO: [T7679cba9: osmand < 127.0.0.1] POST /client-proxy/ HTTP/1.1\r\nUser-Agent: okhttp/4.12.0\r\nAccept-Encoding: gzip\r\nContent-Type: application/json; charset=utf-8\r\nX-Forwarded-For: 37.10.108.122\r\nX-Forwarded-Host: arrive-legible-reexamine.ngrok-free.dev\r\nX-Forwarded-Proto: https\r\nVia: 1.1 DESKTOP-MAR70HE\r\nForwarded: by="[0:0:0:0:0:0:0:1]";for="[0:0:0:0:0:0:0:1]";host="arrive-legible-reexamine.ngrok-free.dev";proto=http\r\nHost: localhost:5055\r\nContent-Length: 411\r\n\r\n{"location":{"timestamp":"2026-06-04T18:26:47.189Z","coords":{"latitude":6.0996702,"longitude":-75.6378347,"accuracy":12.09,"speed":-1,"heading":-1,"altitude":1797.3},"is_moving":false,"odometer":557.81,"battery":{"level":0.24,"is_charging":false},"activity":{"type":"still"},"extras":{},"_":"&id=11436686&lat=6.0996702&lon=-75.6378347&timestamp=2026-06-04T18:26:47.189Z&","manual":true},"device_id":"11436686"}
2026-06-04 13:26:48  INFO: [T7679cba9: osmand > 127.0.0.1] HTTP/1.1 200 OK\r\ncontent-length: 0\r\n\r\n
2026-06-04 13:26:48  INFO: Event id: 11436686, time: 2026-06-04 13:26:48, type: deviceOnline, notifications: 0
2026-06-04 13:26:48  INFO: [T7679cba9: osmand < 127.0.0.1] POST /client-proxy/ HTTP/1.1\r\nUser-Agent: okhttp/4.12.0\r\nAccept-Encoding: gzip\r\nContent-Type: application/json; charset=utf-8\r\nX-Forwarded-For: 37.10.108.122\r\nX-Forwarded-Host: arrive-legible-reexamine.ngrok-free.dev\r\nX-Forwarded-Proto: https\r\nVia: 1.1 DESKTOP-MAR70HE\r\nForwarded: by="[0:0:0:0:0:0:0:1]";for="[0:0:0:0:0:0:0:1]";host="arrive-legible-reexamine.ngrok-free.dev";proto=http\r\nHost: localhost:5055\r\nContent-Length: 420\r\n\r\n
2026-06-04 13:26:48  INFO: [T7679cba9: osmand < 127.0.0.1] {"location":{"timestamp":"2026-06-04T18:26:47.189Z","coords":{"latitude":6.0996702,"longitude":-75.6378347,"accuracy":12.09,"speed":-1,"heading":-1,"altitude":1797.3},"is_moving":false,"odometer":557.81,"event":"motionchange","battery":{"level":0.24,"is_charging":false},"activity":{"type":"still"},"extras":{},"_":"&id=11436686&lat=6.0996702&lon=-75.6378347&timestamp=2026-06-04T18:26:47.189Z&"},"device_id":"11436686"}
2026-06-04 13:26:48  INFO: [T7679cba9: osmand > 127.0.0.1] HTTP/1.1 200 OK\r\ncontent-length: 0\r\n\r\n
2026-06-04 13:26:49  INFO: [T7679cba9: osmand < 127.0.0.1] POST /client-proxy/ HTTP/1.1\r\nUser-Agent: Dart/3.12 (dart:io)\r\nAccept-Encoding: gzip\r\nContent-Type: application/x-www-form-urlencoded\r\nX-Forwarded-For: 37.10.108.122\r\nX-Forwarded-Host: arrive-legible-reexamine.ngrok-free.dev\r\nX-Forwarded-Proto: https\r\nVia: 1.1 DESKTOP-MAR70HE\r\nForwarded: by="[0:0:0:0:0:0:0:1]";for="[0:0:0:0:0:0:0:1]";host="arrive-legible-reexamine.ngrok-free.dev";proto=http\r\nHost: localhost:5055\r\nTransfer-Encoding: chunked\r\n\r\n
2026-06-04 13:26:49  INFO: [T7679cba9: osmand < 127.0.0.1] AE\r\nid=11436686&notificationToken=ficc09QUSpaXZaZbx5dTmN%3AAPA91bF5EhWh5EoyS7YIrfhqJwiGUK7QEdML0VpEFctJRqOAOVoBfrjL-TYuBh9X4iiIs0ra-kGlMYldQSYWkcc_qprJ0EixP8nAa-0T_J0xNrhdkpMPAU8\r\n0\r\n\r\n
2026-06-04 13:26:49  INFO: [T7679cba9: osmand > 127.0.0.1] HTTP/1.1 200 OK\r\ncontent-length: 0\r\n\r\n
2026-06-04 13:26:51  INFO: Event id: 11436686, time: 2026-06-04 13:26:47, type: deviceMoving, notifications: 0
2026-06-04 13:26:51  INFO: [T7679cba9] id: 11436686, time: 2026-06-04 13:26:47, lat: 6.09967, lon: -75.63783, course: 0.0, accuracy: 12.1
2026-06-04 13:26:51  INFO: [T7679cba9] id: 11436686, time: 2026-06-04 13:26:47, lat: 6.09967, lon: -75.63783, course: 0.0, accuracy: 12.1
2026-06-04 13:26:52  INFO: [T7679cba9] id: 11436686, time: 2026-06-04 13:26:47, lat: 6.09967, lon: -75.63783, course: 0.0, accuracy: 12.1
2026-06-04 13:27:12  INFO: [T7679cba9: osmand < 127.0.0.1] POST /client-proxy/ HTTP/1.1\r\nUser-Agent: okhttp/4.12.0\r\nAccept-Encoding: gzip\r\nContent-Type: application/json; charset=utf-8\r\nX-Forwarded-For: 37.10.108.122\r\nX-Forwarded-Host: arrive-legible-reexamine.ngrok-free.dev\r\nX-Forwarded-Proto: https\r\nVia: 1.1 DESKTOP-MAR70HE\r\nForwarded: by="[0:0:0:0:0:0:0:1]";for="[0:0:0:0:0:0:0:1]";host="arrive-legible-reexamine.ngrok-free.dev";proto=http\r\nHost: localhost:5055\r\nContent-Length: 424\r\n\r\n{"location":{"timestamp":"2026-06-04T18:27:10.431Z","coords":{"latitude":6.09963
2026-06-04 13:27:12  INFO: [T7679cba9: osmand < 127.0.0.1] 84,"longitude":-75.6377976,"accuracy":11.54,"speed":-1,"heading":-1,"altitude":1797.3},"is_moving":true,"odometer":557.81,"event":"motionchange","battery":{"level":0.24,"is_charging":false},"activity":{"type":"in_vehicle"},"extras":{},"_":"&id=11436686&lat=6.0996384&lon=-75.6377976&timestamp=2026-06-04T18:27:10.431Z&"},"device_id":"11436686"}
2026-06-04 13:27:12  INFO: [T7679cba9: osmand > 127.0.0.1] HTTP/1.1 200 OK\r\ncontent-length: 0\r\n\r\n
2026-06-04 13:27:15  INFO: [T7679cba9] id: 11436686, time: 2026-06-04 13:27:10, lat: 6.09964, lon: -75.63780, course: 0.0, accuracy: 11.5
2026-06-04 13:27:16  INFO: [T7679cba9: osmand < 127.0.0.1] POST /client-proxy/ HTTP/1.1\r\nUser-Agent: okhttp/4.12.0\r\nAccept-Encoding: gzip\r\nContent-Type: application/json; charset=utf-8\r\nX-Forwarded-For: 37.10.108.122\r\nX-Forwarded-Host: arrive-legible-reexamine.ngrok-free.dev\r\nX-Forwarded-Proto: https\r\nVia: 1.1 DESKTOP-MAR70HE\r\nForwarded: by="[0:0:0:0:0:0:0:1]";for="[0:0:0:0:0:0:0:1]";host="arrive-legible-reexamine.ngrok-free.dev";proto=http\r\nHost: localhost:5055\r\nContent-Length: 401\r\n\r\n
2026-06-04 13:27:16  INFO: [T7679cba9: osmand < 127.0.0.1] {"location":{"timestamp":"2026-06-04T18:27:15.498Z","coords":{"latitude":6.0996701,"longitude":-75.6378323,"accuracy":11.49,"speed":-1,"heading":-1,"altitude":1797.3},"is_moving":true,"odometer":563.01,"battery":{"level":0.24,"is_charging":false},"activity":{"type":"in_vehicle"},"extras":{},"_":"&id=11436686&lat=6.0996701&lon=-75.6378323&timestamp=2026-06-04T18:27:15.498Z&"},"device_id":"11436686"}
2026-06-04 13:27:16  INFO: [T7679cba9: osmand > 127.0.0.1] HTTP/1.1 200 OK\r\ncontent-length: 0\r\n\r\n
2026-06-04 13:27:16  INFO: [T7679cba9: osmand < 127.0.0.1] POST /client-proxy/ HTTP/1.1\r\nUser-Agent: okhttp/4.12.0\r\nAccept-Encoding: gzip\r\nContent-Type: application/json; charset=utf-8\r\nX-Forwarded-For: 37.10.108.122\r\nX-Forwarded-Host: arrive-legible-reexamine.ngrok-free.dev\r\nX-Forwarded-Proto: https\r\nVia: 1.1 DESKTOP-MAR70HE\r\nForwarded: by="[0:0:0:0:0:0:0:1]";for="[0:0:0:0:0:0:0:1]";host="arrive-legible-reexamine.ngrok-free.dev";proto=http\r\nHost: localhost:5055\r\nContent-Length: 401\r\n\r\n
2026-06-04 13:27:16  INFO: [T7679cba9: osmand < 127.0.0.1] {"location":{"timestamp":"2026-06-04T18:27:16.010Z","coords":{"latitude":6.0996144,"longitude":-75.6380274,"accuracy":35.13,"speed":-1,"heading":90,"altitude":1797.3},"is_moving":true,"odometer":563.01,"battery":{"level":0.24,"is_charging":false},"activity":{"type":"in_vehicle"},"extras":{},"_":"&id=11436686&lat=6.0996144&lon=-75.6380274&timestamp=2026-06-04T18:27:16.010Z&"},"device_id":"11436686"}
2026-06-04 13:27:16  INFO: [T7679cba9: osmand > 127.0.0.1] HTTP/1.1 200 OK\r\ncontent-length: 0\r\n\r\n
2026-06-04 13:27:17  INFO: [T7679cba9: osmand < 127.0.0.1] POST /client-proxy/ HTTP/1.1\r\nUser-Agent: okhttp/4.12.0\r\nAccept-Encoding: gzip\r\nContent-Type: application/json; charset=utf-8\r\nX-Forwarded-For: 37.10.108.122\r\nX-Forwarded-Host: arrive-legible-reexamine.ngrok-free.dev\r\nX-Forwarded-Proto: https\r\nVia: 1.1 DESKTOP-MAR70HE\r\nForwarded: by="[0:0:0:0:0:0:0:1]";for="[0:0:0:0:0:0:0:1]";host="arrive-legible-reexamine.ngrok-free.dev";proto=http\r\nHost: localhost:5055\r\nContent-Length: 398\r\n\r\n
2026-06-04 13:27:17  INFO: [T7679cba9: osmand < 127.0.0.1] {"location":{"timestamp":"2026-06-04T18:27:17.010Z","coords":{"latitude":6.0996167,"longitude":-75.638205,"accuracy":56.76,"speed":0,"heading":-1,"altitude":1797.3},"is_moving":true,"odometer":563.01,"battery":{"level":0.24,"is_charging":false},"activity":{"type":"in_vehicle"},"extras":{},"_":"&id=11436686&lat=6.0996167&lon=-75.638205&timestamp=2026-06-04T18:27:17.010Z&"},"device_id":"11436686"}
2026-06-04 13:27:17  INFO: [T7679cba9: osmand > 127.0.0.1] HTTP/1.1 200 OK\r\ncontent-length: 0\r\n\r\n
2026-06-04 13:27:19  INFO: [T7679cba9] id: 11436686, time: 2026-06-04 13:27:15, lat: 6.09967, lon: -75.63783, course: 0.0, accuracy: 11.5
2026-06-04 13:27:19  INFO: [T7679cba9] id: 11436686, time: 2026-06-04 13:27:16, lat: 6.09961, lon: -75.63803, course: 90.0, accuracy: 35.1
2026-06-04 13:27:20  INFO: [T7679cba9] id: 11436686, time: 2026-06-04 13:27:17, lat: 6.09962, lon: -75.63821, course: 0.0, accuracy: 56.8
2026-06-04 13:27:22  INFO: [T7679cba9: osmand < 127.0.0.1] POST /client-proxy/ HTTP/1.1\r\nUser-Agent: okhttp/4.12.0\r\nAccept-Encoding: gzip\r\nContent-Type: application/json; charset=utf-8\r\nX-Forwarded-For: 37.10.108.122\r\nX-Forwarded-Host: arrive-legible-reexamine.ngrok-free.dev\r\nX-Forwarded-Proto: https\r\nVia: 1.1 DESKTOP-MAR70HE\r\nForwarded: by="[0:0:0:0:0:0:0:1]";for="[0:0:0:0:0:0:0:1]";host="arrive-legible-reexamine.ngrok-free.dev";proto=http\r\nHost: localhost:5055\r\nContent-Length: 398\r\n\r\n
2026-06-04 13:27:22  INFO: [T7679cba9: osmand < 127.0.0.1] {"location":{"timestamp":"2026-06-04T18:27:19.011Z","coords":{"latitude":6.0996167,"longitude":-75.638205,"accuracy":58.25,"speed":0,"heading":-1,"altitude":1797.3},"is_moving":true,"odometer":563.01,"battery":{"level":0.24,"is_charging":false},"activity":{"type":"in_vehicle"},"extras":{},"_":"&id=11436686&lat=6.0996167&lon=-75.638205&timestamp=2026-06-04T18:27:19.011Z&"},"device_id":"11436686"}
2026-06-04 13:27:22  INFO: [T7679cba9: osmand > 127.0.0.1] HTTP/1.1 200 OK\r\ncontent-length: 0\r\n\r\n
2026-06-04 13:27:22  INFO: [T7679cba9: osmand < 127.0.0.1] POST /client-proxy/ HTTP/1.1\r\nUser-Agent: okhttp/4.12.0\r\nAccept-Encoding: gzip\r\nContent-Type: application/json; charset=utf-8\r\nX-Forwarded-For: 37.10.108.122\r\nX-Forwarded-Host: arrive-legible-reexamine.ngrok-free.dev\r\nX-Forwarded-Proto: https\r\nVia: 1.1 DESKTOP-MAR70HE\r\nForwarded: by="[0:0:0:0:0:0:0:1]";for="[0:0:0:0:0:0:0:1]";host="arrive-legible-reexamine.ngrok-free.dev";proto=http\r\nHost: localhost:5055\r\nContent-Length: 398\r\n\r\n
2026-06-04 13:27:22  INFO: [T7679cba9: osmand < 127.0.0.1] {"location":{"timestamp":"2026-06-04T18:27:22.011Z","coords":{"latitude":6.0996167,"longitude":-75.638205,"accuracy":57.72,"speed":0,"heading":-1,"altitude":1797.3},"is_moving":true,"odometer":563.01,"battery":{"level":0.24,"is_charging":false},"activity":{"type":"in_vehicle"},"extras":{},"_":"&id=11436686&lat=6.0996167&lon=-75.638205&timestamp=2026-06-04T18:27:22.011Z&"},"device_id":"11436686"}
2026-06-04 13:27:22  INFO: [T7679cba9: osmand > 127.0.0.1] HTTP/1.1 200 OK\r\ncontent-length: 0\r\n\r\n
2026-06-04 13:27:24  INFO: [T7679cba9: osmand < 127.0.0.1] POST /client-proxy/ HTTP/1.1\r\nUser-Agent: okhttp/4.12.0\r\nAccept-Encoding: gzip\r\nContent-Type: application/json; charset=utf-8\r\nX-Forwarded-For: 37.10.108.122\r\nX-Forwarded-Host: arrive-legible-reexamine.ngrok-free.dev\r\nX-Forwarded-Proto: https\r\nVia: 1.1 DESKTOP-MAR70HE\r\nForwarded: by="[0:0:0:0:0:0:0:1]";for="[0:0:0:0:0:0:0:1]";host="arrive-legible-reexamine.ngrok-free.dev";proto=http\r\nHost: localhost:5055\r\nContent-Length: 402\r\n\r\n
2026-06-04 13:27:24  INFO: [T7679cba9: osmand < 127.0.0.1] {"location":{"timestamp":"2026-06-04T18:27:24.000Z","coords":{"latitude":6.0996354,"longitude":-75.6379924,"accuracy":56.7,"speed":0.91,"heading":90,"altitude":1797.3},"is_moving":true,"odometer":563.01,"battery":{"level":0.24,"is_charging":false},"activity":{"type":"in_vehicle"},"extras":{},"_":"&id=11436686&lat=6.0996354&lon=-75.6379924&timestamp=2026-06-04T18:27:24.000Z&"},"device_id":"11436686"}
2026-06-04 13:27:24  INFO: [T7679cba9: osmand > 127.0.0.1] HTTP/1.1 200 OK\r\ncontent-length: 0\r\n\r\n
2026-06-04 13:27:25  INFO: [T7679cba9] id: 11436686, time: 2026-06-04 13:27:19, lat: 6.09962, lon: -75.63821, course: 0.0, accuracy: 58.3
2026-06-04 13:27:25  INFO: [T7679cba9] id: 11436686, time: 2026-06-04 13:27:22, lat: 6.09962, lon: -75.63821, course: 0.0, accuracy: 57.7
2026-06-04 13:27:26  INFO: [T7679cba9: osmand < 127.0.0.1] POST /client-proxy/ HTTP/1.1\r\nUser-Agent: okhttp/4.12.0\r\nAccept-Encoding: gzip\r\nContent-Type: application/json; charset=utf-8\r\nX-Forwarded-For: 37.10.108.122\r\nX-Forwarded-Host: arrive-legible-reexamine.ngrok-free.dev\r\nX-Forwarded-Proto: https\r\nVia: 1.1 DESKTOP-MAR70HE\r\nForwarded: by="[0:0:0:0:0:0:0:1]";for="[0:0:0:0:0:0:0:1]";host="arrive-legible-reexamine.ngrok-free.dev";proto=http\r\nHost: localhost:5055\r\nContent-Length: 400\r\n\r\n
2026-06-04 13:27:26  INFO: [T7679cba9: osmand < 127.0.0.1] {"location":{"timestamp":"2026-06-04T18:27:26.011Z","coords":{"latitude":6.0996342,"longitude":-75.6380711,"accuracy":56,"speed":0.76,"heading":90,"altitude":1797.3},"is_moving":true,"odometer":563.01,"battery":{"level":0.24,"is_charging":false},"activity":{"type":"in_vehicle"},"extras":{},"_":"&id=11436686&lat=6.0996342&lon=-75.6380711&timestamp=2026-06-04T18:27:26.011Z&"},"device_id":"11436686"}
2026-06-04 13:27:26  INFO: [T7679cba9: osmand > 127.0.0.1] HTTP/1.1 200 OK\r\ncontent-length: 0\r\n\r\n
2026-06-04 13:27:27  INFO: [T7679cba9] id: 11436686, time: 2026-06-04 13:27:24, lat: 6.09964, lon: -75.63799, speed: 1.8, course: 90.0, accuracy: 56.7
2026-06-04 13:27:29  INFO: [T7679cba9] id: 11436686, time: 2026-06-04 13:27:26, lat: 6.09963, lon: -75.63807, speed: 1.5, course: 90.0, accuracy: 56.0
2026-06-04 13:27:29  INFO: [T7679cba9: osmand < 127.0.0.1] POST /client-proxy/ HTTP/1.1\r\nUser-Agent: okhttp/4.12.0\r\nAccept-Encoding: gzip\r\nContent-Type: application/json; charset=utf-8\r\nX-Forwarded-For: 37.10.108.122\r\nX-Forwarded-Host: arrive-legible-reexamine.ngrok-free.dev\r\nX-Forwarded-Proto: https\r\nVia: 1.1 DESKTOP-MAR70HE\r\nForwarded: by="[0:0:0:0:0:0:0:1]";for="[0:0:0:0:0:0:0:1]";host="arrive-legible-reexamine.ngrok-free.dev";proto=http\r\nHost: localhost:5055\r\nContent-Length: 403\r\n\r\n
2026-06-04 13:27:29  INFO: [T7679cba9: osmand < 127.0.0.1] {"location":{"timestamp":"2026-06-04T18:27:28.994Z","coords":{"latitude":6.0996288,"longitude":-75.6381586,"accuracy":51.68,"speed":0.95,"heading":90,"altitude":1797.3},"is_moving":true,"odometer":563.01,"battery":{"level":0.24,"is_charging":false},"activity":{"type":"in_vehicle"},"extras":{},"_":"&id=11436686&lat=6.0996288&lon=-75.6381586&timestamp=2026-06-04T18:27:28.994Z&"},"device_id":"11436686"}
2026-06-04 13:27:29  INFO: [T7679cba9: osmand > 127.0.0.1] HTTP/1.1 200 OK\r\ncontent-length: 0\r\n\r\n
2026-06-04 13:27:29  INFO: [T7679cba9: osmand < 127.0.0.1] POST /client-proxy/ HTTP/1.1\r\nUser-Agent: okhttp/4.12.0\r\nAccept-Encoding: gzip\r\nContent-Type: application/json; charset=utf-8\r\nX-Forwarded-For: 37.10.108.122\r\nX-Forwarded-Host: arrive-legible-reexamine.ngrok-free.dev\r\nX-Forwarded-Proto: https\r\nVia: 1.1 DESKTOP-MAR70HE\r\nForwarded: by="[0:0:0:0:0:0:0:1]";for="[0:0:0:0:0:0:0:1]";host="arrive-legible-reexamine.ngrok-free.dev";proto=http\r\nHost: localhost:5055\r\nContent-Length: 403\r\n\r\n
2026-06-04 13:27:29  INFO: [T7679cba9: osmand < 127.0.0.1] {"location":{"timestamp":"2026-06-04T18:27:29.693Z","coords":{"latitude":6.0996551,"longitude":-75.6378465,"accuracy":40.32,"speed":0.75,"heading":90,"altitude":1797.3},"is_moving":true,"odometer":563.01,"battery":{"level":0.24,"is_charging":false},"activity":{"type":"in_vehicle"},"extras":{},"_":"&id=11436686&lat=6.0996551&lon=-75.6378465&timestamp=2026-06-04T18:27:29.693Z&"},"device_id":"11436686"}
2026-06-04 13:27:29  INFO: [T7679cba9: osmand > 127.0.0.1] HTTP/1.1 200 OK\r\ncontent-length: 0\r\n\r\n
2026-06-04 13:27:32  INFO: [T7679cba9: osmand < 127.0.0.1] POST /client-proxy/ HTTP/1.1\r\nUser-Agent: okhttp/4.12.0\r\nAccept-Encoding: gzip\r\nContent-Type: application/json; charset=utf-8\r\nX-Forwarded-For: 37.10.108.122\r\nX-Forwarded-Host: arrive-legible-reexamine.ngrok-free.dev\r\nX-Forwarded-Proto: https\r\nVia: 1.1 DESKTOP-MAR70HE\r\nForwarded: by="[0:0:0:0:0:0:0:1]";for="[0:0:0:0:0:0:0:1]";host="arrive-legible-reexamine.ngrok-free.dev";proto=http\r\nHost: localhost:5055\r\nContent-Length: 407\r\n\r\n
2026-06-04 13:27:32  INFO: [T7679cba9: osmand < 127.0.0.1] {"location":{"timestamp":"2026-06-04T18:27:32.014Z","coords":{"latitude":6.0996585,"longitude":-75.6378778,"accuracy":23.92,"speed":0.96,"heading":261.85,"altitude":1797.3},"is_moving":true,"odometer":563.01,"battery":{"level":0.24,"is_charging":false},"activity":{"type":"in_vehicle"},"extras":{},"_":"&id=11436686&lat=6.0996585&lon=-75.6378778&timestamp=2026-06-04T18:27:32.014Z&"},"device_id":"11436686"}
2026-06-04 13:27:32  INFO: [T7679cba9: osmand > 127.0.0.1] HTTP/1.1 200 OK\r\ncontent-length: 0\r\n\r\n
2026-06-04 13:27:32  INFO: [T7679cba9] id: 11436686, time: 2026-06-04 13:27:28, lat: 6.09963, lon: -75.63816, speed: 1.8, course: 90.0, accuracy: 51.7
2026-06-04 13:27:32  INFO: [T7679cba9] id: 11436686, time: 2026-06-04 13:27:29, lat: 6.09966, lon: -75.63785, speed: 1.5, course: 90.0, accuracy: 40.3
2026-06-04 13:27:33  INFO: [T7679cba9: osmand < 127.0.0.1] POST /client-proxy/ HTTP/1.1\r\nUser-Agent: okhttp/4.12.0\r\nAccept-Encoding: gzip\r\nContent-Type: application/json; charset=utf-8\r\nX-Forwarded-For: 37.10.108.122\r\nX-Forwarded-Host: arrive-legible-reexamine.ngrok-free.dev\r\nX-Forwarded-Proto: https\r\nVia: 1.1 DESKTOP-MAR70HE\r\nForwarded: by="[0:0:0:0:0:0:0:1]";for="[0:0:0:0:0:0:0:1]";host="arrive-legible-reexamine.ngrok-free.dev";proto=http\r\nHost: localhost:5055\r\nContent-Length: 407\r\n\r\n
2026-06-04 13:27:33  INFO: [T7679cba9: osmand < 127.0.0.1] {"location":{"timestamp":"2026-06-04T18:27:33.058Z","coords":{"latitude":6.0996615,"longitude":-75.6379003,"accuracy":23.69,"speed":1.06,"heading":267.15,"altitude":1797.3},"is_moving":true,"odometer":563.01,"battery":{"level":0.24,"is_charging":false},"activity":{"type":"in_vehicle"},"extras":{},"_":"&id=11436686&lat=6.0996615&lon=-75.6379003&timestamp=2026-06-04T18:27:33.058Z&"},"device_id":"11436686"}
2026-06-04 13:27:33  INFO: [T7679cba9: osmand > 127.0.0.1] HTTP/1.1 200 OK\r\ncontent-length: 0\r\n\r\n
2026-06-04 13:27:34  INFO: [T7679cba9: osmand < 127.0.0.1] POST /client-proxy/ HTTP/1.1\r\nUser-Agent: okhttp/4.12.0\r\nAccept-Encoding: gzip\r\nContent-Type: application/json; charset=utf-8\r\nX-Forwarded-For: 37.10.108.122\r\nX-Forwarded-Host: arrive-legible-reexamine.ngrok-free.dev\r\nX-Forwarded-Proto: https\r\nVia: 1.1 DESKTOP-MAR70HE\r\nForwarded: by="[0:0:0:0:0:0:0:1]";for="[0:0:0:0:0:0:0:1]";host="arrive-legible-reexamine.ngrok-free.dev";proto=http\r\nHost: localhost:5055\r\nContent-Length: 407\r\n\r\n
2026-06-04 13:27:34  INFO: [T7679cba9: osmand < 127.0.0.1] {"location":{"timestamp":"2026-06-04T18:27:33.994Z","coords":{"latitude":6.0996692,"longitude":-75.6379579,"accuracy":20.76,"speed":1.29,"heading":291.72,"altitude":1797.3},"is_moving":true,"odometer":563.01,"battery":{"level":0.24,"is_charging":false},"activity":{"type":"in_vehicle"},"extras":{},"_":"&id=11436686&lat=6.0996692&lon=-75.6379579&timestamp=2026-06-04T18:27:33.994Z&"},"device_id":"11436686"}
2026-06-04 13:27:34  INFO: [T7679cba9: osmand > 127.0.0.1] HTTP/1.1 200 OK\r\ncontent-length: 0\r\n\r\n
2026-06-04 13:27:34  INFO: [T7679cba9: osmand < 127.0.0.1] POST /client-proxy/ HTTP/1.1\r\nUser-Agent: okhttp/4.12.0\r\nAccept-Encoding: gzip\r\nContent-Type: application/json; charset=utf-8\r\nX-Forwarded-For: 37.10.108.122\r\nX-Forwarded-Host: arrive-legible-reexamine.ngrok-free.dev\r\nX-Forwarded-Proto: https\r\nVia: 1.1 DESKTOP-MAR70HE\r\nForwarded: by="[0:0:0:0:0:0:0:1]";for="[0:0:0:0:0:0:0:1]";host="arrive-legible-reexamine.ngrok-free.dev";proto=http\r\nHost: localhost:5055\r\nContent-Length: 407\r\n\r\n
2026-06-04 13:27:34  INFO: [T7679cba9: osmand < 127.0.0.1] {"location":{"timestamp":"2026-06-04T18:27:34.723Z","coords":{"latitude":6.0996463,"longitude":-75.6378522,"accuracy":17.66,"speed":0.77,"heading":208.97,"altitude":1797.4},"is_moving":true,"odometer":563.01,"battery":{"level":0.24,"is_charging":false},"activity":{"type":"in_vehicle"},"extras":{},"_":"&id=11436686&lat=6.0996463&lon=-75.6378522&timestamp=2026-06-04T18:27:34.723Z&"},"device_id":"11436686"}
2026-06-04 13:27:34  INFO: [T7679cba9: osmand > 127.0.0.1] HTTP/1.1 200 OK\r\ncontent-length: 0\r\n\r\n
2026-06-04 13:27:35  INFO: [T7679cba9] id: 11436686, time: 2026-06-04 13:27:32, lat: 6.09966, lon: -75.63788, speed: 1.9, course: 261.9, accuracy: 23.9
2026-06-04 13:27:36  INFO: [T7679cba9] id: 11436686, time: 2026-06-04 13:27:33, lat: 6.09966, lon: -75.63790, speed: 2.1, course: 267.2, accuracy: 23.7
2026-06-04 13:27:37  INFO: [T7679cba9] id: 11436686, time: 2026-06-04 13:27:33, lat: 6.09967, lon: -75.63796, speed: 2.5, course: 291.7, accuracy: 20.8
2026-06-04 13:27:38  INFO: [T7679cba9] id: 11436686, time: 2026-06-04 13:27:34, lat: 6.09965, lon: -75.63785, speed: 1.5, course: 209.0, accuracy: 17.7
2026-06-04 13:27:38  INFO: [T7679cba9: osmand < 127.0.0.1] POST /client-proxy/ HTTP/1.1\r\nUser-Agent: okhttp/4.12.0\r\nAccept-Encoding: gzip\r\nContent-Type: application/json; charset=utf-8\r\nX-Forwarded-For: 37.10.108.122\r\nX-Forwarded-Host: arrive-legible-reexamine.ngrok-free.dev\r\nX-Forwarded-Proto: https\r\nVia: 1.1 DESKTOP-MAR70HE\r\nForwarded: by="[0:0:0:0:0:0:0:1]";for="[0:0:0:0:0:0:0:1]";host="arrive-legible-reexamine.ngrok-free.dev";proto=http\r\nHost: localhost:5055\r\nContent-Length: 407\r\n\r\n
2026-06-04 13:27:38  INFO: [T7679cba9: osmand < 127.0.0.1] {"location":{"timestamp":"2026-06-04T18:27:38.052Z","coords":{"latitude":6.0996427,"longitude":-75.6378727,"accuracy":15.06,"speed":1.06,"heading":225.49,"altitude":1797.4},"is_moving":true,"odometer":568.41,"battery":{"level":0.24,"is_charging":false},"activity":{"type":"in_vehicle"},"extras":{},"_":"&id=11436686&lat=6.0996427&lon=-75.6378727&timestamp=2026-06-04T18:27:38.052Z&"},"device_id":"11436686"}
2026-06-04 13:27:38  INFO: [T7679cba9: osmand > 127.0.0.1] HTTP/1.1 200 OK\r\ncontent-length: 0\r\n\r\n
2026-06-04 13:27:39  INFO: [T7679cba9: osmand < 127.0.0.1] POST /client-proxy/ HTTP/1.1\r\nUser-Agent: okhttp/4.12.0\r\nAccept-Encoding: gzip\r\nContent-Type: application/json; charset=utf-8\r\nX-Forwarded-For: 37.10.108.122\r\nX-Forwarded-Host: arrive-legible-reexamine.ngrok-free.dev\r\nX-Forwarded-Proto: https\r\nVia: 1.1 DESKTOP-MAR70HE\r\nForwarded: by="[0:0:0:0:0:0:0:1]";for="[0:0:0:0:0:0:0:1]";host="arrive-legible-reexamine.ngrok-free.dev";proto=http\r\nHost: localhost:5055\r\nContent-Length: 401\r\n\r\n
2026-06-04 13:27:39  INFO: [T7679cba9: osmand < 127.0.0.1] {"location":{"timestamp":"2026-06-04T18:27:38.991Z","coords":{"latitude":6.0996403,"longitude":-75.637896,"accuracy":14.3,"speed":1.34,"heading":237.89,"altitude":1797.4},"is_moving":true,"odometer":571,"battery":{"level":0.24,"is_charging":false},"activity":{"type":"in_vehicle"},"extras":{},"_":"&id=11436686&lat=6.0996403&lon=-75.637896&timestamp=2026-06-04T18:27:38.991Z&"},"device_id":"11436686"}
2026-06-04 13:27:39  INFO: [T7679cba9: osmand > 127.0.0.1] HTTP/1.1 200 OK\r\ncontent-length: 0\r\n\r\n
2026-06-04 13:27:40  INFO: [T7679cba9: osmand < 127.0.0.1] POST /client-proxy/ HTTP/1.1\r\nUser-Agent: okhttp/4.12.0\r\nAccept-Encoding: gzip\r\nContent-Type: application/json; charset=utf-8\r\nX-Forwarded-For: 37.10.108.122\r\nX-Forwarded-Host: arrive-legible-reexamine.ngrok-free.dev\r\nX-Forwarded-Proto: https\r\nVia: 1.1 DESKTOP-MAR70HE\r\nForwarded: by="[0:0:0:0:0:0:0:1]";for="[0:0:0:0:0:0:0:1]";host="arrive-legible-reexamine.ngrok-free.dev";proto=http\r\nHost: localhost:5055\r\nContent-Length: 407\r\n\r\n
2026-06-04 13:27:40  INFO: [T7679cba9: osmand < 127.0.0.1] {"location":{"timestamp":"2026-06-04T18:27:40.398Z","coords":{"latitude":6.0996318,"longitude":-75.6378531,"accuracy":13.85,"speed":0.73,"heading":188.22,"altitude":1797.4},"is_moving":true,"odometer":571.71,"battery":{"level":0.24,"is_charging":false},"activity":{"type":"in_vehicle"},"extras":{},"_":"&id=11436686&lat=6.0996318&lon=-75.6378531&timestamp=2026-06-04T18:27:40.398Z&"},"device_id":"11436686"}
2026-06-04 13:27:40  INFO: [T7679cba9: osmand > 127.0.0.1] HTTP/1.1 200 OK\r\ncontent-length: 0\r\n\r\n
2026-06-04 13:27:41  INFO: [T7679cba9] id: 11436686, time: 2026-06-04 13:27:38, lat: 6.09964, lon: -75.63787, speed: 2.1, course: 225.5, accuracy: 15.1
2026-06-04 13:27:42  INFO: [T7679cba9] id: 11436686, time: 2026-06-04 13:27:38, lat: 6.09964, lon: -75.63790, speed: 2.6, course: 237.9, accuracy: 14.3
2026-06-04 13:27:43  INFO: [T7679cba9] id: 11436686, time: 2026-06-04 13:27:40, lat: 6.09963, lon: -75.63785, speed: 1.4, course: 188.2, accuracy: 13.9
2026-06-04 13:27:44  INFO: [T7679cba9: osmand < 127.0.0.1] POST /client-proxy/ HTTP/1.1\r\nUser-Agent: okhttp/4.12.0\r\nAccept-Encoding: gzip\r\nContent-Type: application/json; charset=utf-8\r\nX-Forwarded-For: 37.10.108.122\r\nX-Forwarded-Host: arrive-legible-reexamine.ngrok-free.dev\r\nX-Forwarded-Proto: https\r\nVia: 1.1 DESKTOP-MAR70HE\r\nForwarded: by="[0:0:0:0:0:0:0:1]";for="[0:0:0:0:0:0:0:1]";host="arrive-legible-reexamine.ngrok-free.dev";proto=http\r\nHost: localhost:5055\r\nContent-Length: 406\r\n\r\n
2026-06-04 13:27:44  INFO: [T7679cba9: osmand < 127.0.0.1] {"location":{"timestamp":"2026-06-04T18:27:43.990Z","coords":{"latitude":6.0996218,"longitude":-75.6378789,"accuracy":13.36,"speed":1.13,"heading":216.9,"altitude":1797.4},"is_moving":true,"odometer":574.87,"battery":{"level":0.24,"is_charging":false},"activity":{"type":"in_vehicle"},"extras":{},"_":"&id=11436686&lat=6.0996218&lon=-75.6378789&timestamp=2026-06-04T18:27:43.990Z&"},"device_id":"11436686"}
2026-06-04 13:27:44  INFO: [T7679cba9: osmand > 127.0.0.1] HTTP/1.1 200 OK\r\ncontent-length: 0\r\n\r\n
2026-06-04 13:27:45  INFO: [T7679cba9: osmand < 127.0.0.1] POST /client-proxy/ HTTP/1.1\r\nUser-Agent: okhttp/4.12.0\r\nAccept-Encoding: gzip\r\nContent-Type: application/json; charset=utf-8\r\nX-Forwarded-For: 37.10.108.122\r\nX-Forwarded-Host: arrive-legible-reexamine.ngrok-free.dev\r\nX-Forwarded-Proto: https\r\nVia: 1.1 DESKTOP-MAR70HE\r\nForwarded: by="[0:0:0:0:0:0:0:1]";for="[0:0:0:0:0:0:0:1]";host="arrive-legible-reexamine.ngrok-free.dev";proto=http\r\nHost: localhost:5055\r\nContent-Length: 405\r\n\r\n
2026-06-04 13:27:45  INFO: [T7679cba9: osmand < 127.0.0.1] {"location":{"timestamp":"2026-06-04T18:27:45.417Z","coords":{"latitude":6.0996192,"longitude":-75.637849,"accuracy":12.43,"speed":0.81,"heading":161.14,"altitude":1797.3},"is_moving":true,"odometer":575.35,"battery":{"level":0.24,"is_charging":false},"activity":{"type":"in_vehicle"},"extras":{},"_":"&id=11436686&lat=6.0996192&lon=-75.637849&timestamp=2026-06-04T18:27:45.417Z&"},"device_id":"11436686"}
2026-06-04 13:27:45  INFO: [T7679cba9: osmand > 127.0.0.1] HTTP/1.1 200 OK\r\ncontent-length: 0\r\n\r\n
2026-06-04 13:27:47  INFO: [T7679cba9] id: 11436686, time: 2026-06-04 13:27:43, lat: 6.09962, lon: -75.63788, speed: 2.2, course: 216.9, accuracy: 13.4
2026-06-04 13:27:48  INFO: [T7679cba9] id: 11436686, time: 2026-06-04 13:27:45, lat: 6.09962, lon: -75.63785, speed: 1.6, course: 161.1, accuracy: 12.4
2026-06-04 13:27:51  INFO: [T7679cba9: osmand < 127.0.0.1] POST /client-proxy/ HTTP/1.1\r\nUser-Agent: okhttp/4.12.0\r\nAccept-Encoding: gzip\r\nContent-Type: application/json; charset=utf-8\r\nX-Forwarded-For: 37.10.108.122\r\nX-Forwarded-Host: arrive-legible-reexamine.ngrok-free.dev\r\nX-Forwarded-Proto: https\r\nVia: 1.1 DESKTOP-MAR70HE\r\nForwarded: by="[0:0:0:0:0:0:0:1]";for="[0:0:0:0:0:0:0:1]";host="arrive-legible-reexamine.ngrok-free.dev";proto=http\r\nHost: localhost:5055\r\nContent-Length: 407\r\n\r\n
2026-06-04 13:27:51  INFO: [T7679cba9: osmand < 127.0.0.1] {"location":{"timestamp":"2026-06-04T18:27:51.034Z","coords":{"latitude":6.0996218,"longitude":-75.6378631,"accuracy":14.14,"speed":0.95,"heading":191.31,"altitude":1797.3},"is_moving":true,"odometer":575.35,"battery":{"level":0.24,"is_charging":false},"activity":{"type":"in_vehicle"},"extras":{},"_":"&id=11436686&lat=6.0996218&lon=-75.6378631&timestamp=2026-06-04T18:27:51.034Z&"},"device_id":"11436686"}
2026-06-04 13:27:51  INFO: [T7679cba9: osmand > 127.0.0.1] HTTP/1.1 200 OK\r\ncontent-length: 0\r\n\r\n
2026-06-04 13:27:51  INFO: [T7679cba9: osmand < 127.0.0.1] POST /client-proxy/ HTTP/1.1\r\nUser-Agent: okhttp/4.12.0\r\nAccept-Encoding: gzip\r\nContent-Type: application/json; charset=utf-8\r\nX-Forwarded-For: 37.10.108.122\r\nX-Forwarded-Host: arrive-legible-reexamine.ngrok-free.dev\r\nX-Forwarded-Proto: https\r\nVia: 1.1 DESKTOP-MAR70HE\r\nForwarded: by="[0:0:0:0:0:0:0:1]";for="[0:0:0:0:0:0:0:1]";host="arrive-legible-reexamine.ngrok-free.dev";proto=http\r\nHost: localhost:5055\r\nContent-Length: 407\r\n\r\n
2026-06-04 13:27:51  INFO: [T7679cba9: osmand < 127.0.0.1] {"location":{"timestamp":"2026-06-04T18:27:51.171Z","coords":{"latitude":6.0996278,"longitude":-75.6378457,"accuracy":13.94,"speed":0.57,"heading":143.31,"altitude":1797.5},"is_moving":true,"odometer":575.35,"battery":{"level":0.24,"is_charging":false},"activity":{"type":"in_vehicle"},"extras":{},"_":"&id=11436686&lat=6.0996278&lon=-75.6378457&timestamp=2026-06-04T18:27:51.171Z&"},"device_id":"11436686"}
2026-06-04 13:27:51  INFO: [T7679cba9: osmand > 127.0.0.1] HTTP/1.1 200 OK\r\ncontent-length: 0\r\n\r\n
2026-06-04 13:27:54  INFO: [T7679cba9] id: 11436686, time: 2026-06-04 13:27:51, lat: 6.09962, lon: -75.63786, speed: 1.8, course: 191.3, accuracy: 14.1
2026-06-04 13:27:54  INFO: [T7679cba9] id: 11436686, time: 2026-06-04 13:27:51, lat: 6.09963, lon: -75.63785, speed: 1.1, course: 143.3, accuracy: 13.9
2026-06-04 13:27:56  INFO: [T7679cba9: osmand < 127.0.0.1] POST /client-proxy/ HTTP/1.1\r\nUser-Agent: okhttp/4.12.0\r\nAccept-Encoding: gzip\r\nContent-Type: application/json; charset=utf-8\r\nX-Forwarded-For: 37.10.108.122\r\nX-Forwarded-Host: arrive-legible-reexamine.ngrok-free.dev\r\nX-Forwarded-Proto: https\r\nVia: 1.1 DESKTOP-MAR70HE\r\nForwarded: by="[0:0:0:0:0:0:0:1]";for="[0:0:0:0:0:0:0:1]";host="arrive-legible-reexamine.ngrok-free.dev";proto=http\r\nHost: localhost:5055\r\nContent-Length: 403\r\n\r\n
2026-06-04 13:27:56  INFO: [T7679cba9: osmand < 127.0.0.1] {"location":{"timestamp":"2026-06-04T18:27:56.002Z","coords":{"latitude":6.0996382,"longitude":-75.6378547,"accuracy":12.51,"speed":0.82,"heading":90,"altitude":1797.5},"is_moving":true,"odometer":575.35,"battery":{"level":0.24,"is_charging":false},"activity":{"type":"in_vehicle"},"extras":{},"_":"&id=11436686&lat=6.0996382&lon=-75.6378547&timestamp=2026-06-04T18:27:56.002Z&"},"device_id":"11436686"}
2026-06-04 13:27:56  INFO: [T7679cba9: osmand > 127.0.0.1] HTTP/1.1 200 OK\r\ncontent-length: 0\r\n\r\n
2026-06-04 13:27:56  INFO: [T7679cba9: osmand < 127.0.0.1] POST /client-proxy/ HTTP/1.1\r\nUser-Agent: okhttp/4.12.0\r\nAccept-Encoding: gzip\r\nContent-Type: application/json; charset=utf-8\r\nX-Forwarded-For: 37.10.108.122\r\nX-Forwarded-Host: arrive-legible-reexamine.ngrok-free.dev\r\nX-Forwarded-Proto: https\r\nVia: 1.1 DESKTOP-MAR70HE\r\nForwarded: by="[0:0:0:0:0:0:0:1]";for="[0:0:0:0:0:0:0:1]";host="arrive-legible-reexamine.ngrok-free.dev";proto=http\r\nHost: localhost:5055\r\nContent-Length: 407\r\n\r\n
2026-06-04 13:27:56  INFO: [T7679cba9: osmand < 127.0.0.1] {"location":{"timestamp":"2026-06-04T18:27:56.193Z","coords":{"latitude":6.0996328,"longitude":-75.6378411,"accuracy":12.54,"speed":0.59,"heading":106.06,"altitude":1797.4},"is_moving":true,"odometer":575.35,"battery":{"level":0.24,"is_charging":false},"activity":{"type":"in_vehicle"},"extras":{},"_":"&id=11436686&lat=6.0996328&lon=-75.6378411&timestamp=2026-06-04T18:27:56.193Z&"},"device_id":"11436686"}
2026-06-04 13:27:56  INFO: [T7679cba9: osmand > 127.0.0.1] HTTP/1.1 200 OK\r\ncontent-length: 0\r\n\r\n
2026-06-04 13:27:59  INFO: [T7679cba9] id: 11436686, time: 2026-06-04 13:27:56, lat: 6.09964, lon: -75.63785, speed: 1.6, course: 90.0, accuracy: 12.5
2026-06-04 13:27:59  INFO: [T7679cba9] id: 11436686, time: 2026-06-04 13:27:56, lat: 6.09963, lon: -75.63784, speed: 1.1, course: 106.1, accuracy: 12.5
2026-06-04 13:28:02  INFO: [T7679cba9: osmand < 127.0.0.1] POST /client-proxy/ HTTP/1.1\r\nUser-Agent: okhttp/4.12.0\r\nAccept-Encoding: gzip\r\nContent-Type: application/json; charset=utf-8\r\nX-Forwarded-For: 37.10.108.122\r\nX-Forwarded-Host: arrive-legible-reexamine.ngrok-free.dev\r\nX-Forwarded-Proto: https\r\nVia: 1.1 DESKTOP-MAR70HE\r\nForwarded: by="[0:0:0:0:0:0:0:1]";for="[0:0:0:0:0:0:0:1]";host="arrive-legible-reexamine.ngrok-free.dev";proto=http\r\nHost: localhost:5055\r\nContent-Length: 406\r\n\r\n
2026-06-04 13:28:02  INFO: [T7679cba9: osmand < 127.0.0.1] {"location":{"timestamp":"2026-06-04T18:28:01.971Z","coords":{"latitude":6.0996389,"longitude":-75.6378365,"accuracy":12.75,"speed":0.53,"heading":82.63,"altitude":1797.5},"is_moving":true,"odometer":575.35,"battery":{"level":0.24,"is_charging":false},"activity":{"type":"in_vehicle"},"extras":{},"_":"&id=11436686&lat=6.0996389&lon=-75.6378365&timestamp=2026-06-04T18:28:01.971Z&"},"device_id":"11436686"}
2026-06-04 13:28:02  INFO: [T7679cba9: osmand > 127.0.0.1] HTTP/1.1 200 OK\r\ncontent-length: 0\r\n\r\n
2026-06-04 13:28:05  INFO: [T7679cba9] id: 11436686, time: 2026-06-04 13:28:01, lat: 6.09964, lon: -75.63784, speed: 1.0, course: 82.6, accuracy: 12.8
2026-06-04 13:28:07  INFO: [T7679cba9: osmand < 127.0.0.1] POST /client-proxy/ HTTP/1.1\r\nUser-Agent: okhttp/4.12.0\r\nAccept-Encoding: gzip\r\nContent-Type: application/json; charset=utf-8\r\nX-Forwarded-For: 37.10.108.122\r\nX-Forwarded-Host: arrive-legible-reexamine.ngrok-free.dev\r\nX-Forwarded-Proto: https\r\nVia: 1.1 DESKTOP-MAR70HE\r\nForwarded: by="[0:0:0:0:0:0:0:1]";for="[0:0:0:0:0:0:0:1]";host="arrive-legible-reexamine.ngrok-free.dev";proto=http\r\nHost: localhost:5055\r\nContent-Length: 405\r\n\r\n
2026-06-04 13:28:07  INFO: [T7679cba9: osmand < 127.0.0.1] {"location":{"timestamp":"2026-06-04T18:28:06.998Z","coords":{"latitude":6.0996434,"longitude":-75.6378404,"accuracy":10.9,"speed":0.42,"heading":78.26,"altitude":1797.4},"is_moving":true,"odometer":575.35,"battery":{"level":0.24,"is_charging":false},"activity":{"type":"in_vehicle"},"extras":{},"_":"&id=11436686&lat=6.0996434&lon=-75.6378404&timestamp=2026-06-04T18:28:06.998Z&"},"device_id":"11436686"}
2026-06-04 13:28:07  INFO: [T7679cba9: osmand > 127.0.0.1] HTTP/1.1 200 OK\r\ncontent-length: 0\r\n\r\n
2026-06-04 13:28:10  INFO: [T7679cba9] id: 11436686, time: 2026-06-04 13:28:06, lat: 6.09964, lon: -75.63784, speed: 0.8, course: 78.3, accuracy: 10.9
2026-06-04 13:28:13  INFO: [T7679cba9: osmand < 127.0.0.1] POST /client-proxy/ HTTP/1.1\r\nUser-Agent: okhttp/4.12.0\r\nAccept-Encoding: gzip\r\nContent-Type: application/json; charset=utf-8\r\nX-Forwarded-For: 37.10.108.122\r\nX-Forwarded-Host: arrive-legible-reexamine.ngrok-free.dev\r\nX-Forwarded-Proto: https\r\nVia: 1.1 DESKTOP-MAR70HE\r\nForwarded: by="[0:0:0:0:0:0:0:1]";for="[0:0:0:0:0:0:0:1]";host="arrive-legible-reexamine.ngrok-free.dev";proto=http\r\nHost: localhost:5055\r\nContent-Length: 404\r\n\r\n
2026-06-04 13:28:13  INFO: [T7679cba9: osmand < 127.0.0.1] {"location":{"timestamp":"2026-06-04T18:28:11.990Z","coords":{"latitude":6.0996548,"longitude":-75.6378508,"accuracy":10.44,"speed":0.47,"heading":354,"altitude":1797.4},"is_moving":true,"odometer":575.35,"battery":{"level":0.24,"is_charging":false},"activity":{"type":"in_vehicle"},"extras":{},"_":"&id=11436686&lat=6.0996548&lon=-75.6378508&timestamp=2026-06-04T18:28:11.990Z&"},"device_id":"11436686"}
2026-06-04 13:28:13  INFO: [T7679cba9: osmand > 127.0.0.1] HTTP/1.1 200 OK\r\ncontent-length: 0\r\n\r\n
2026-06-04 13:28:13  INFO: [T7679cba9: osmand < 127.0.0.1] POST /client-proxy/ HTTP/1.1\r\nUser-Agent: okhttp/4.12.0\r\nAccept-Encoding: gzip\r\nContent-Type: application/json; charset=utf-8\r\nX-Forwarded-For: 37.10.108.122\r\nX-Forwarded-Host: arrive-legible-reexamine.ngrok-free.dev\r\nX-Forwarded-Proto: https\r\nVia: 1.1 DESKTOP-MAR70HE\r\nForwarded: by="[0:0:0:0:0:0:0:1]";for="[0:0:0:0:0:0:0:1]";host="arrive-legible-reexamine.ngrok-free.dev";proto=http\r\nHost: localhost:5055\r\nContent-Length: 407\r\n\r\n
2026-06-04 13:28:13  INFO: [T7679cba9: osmand < 127.0.0.1] {"location":{"timestamp":"2026-06-04T18:28:12.802Z","coords":{"latitude":6.0996551,"longitude":-75.6378509,"accuracy":10.89,"speed":0.47,"heading":355.17,"altitude":1797.3},"is_moving":true,"odometer":575.35,"battery":{"level":0.24,"is_charging":false},"activity":{"type":"in_vehicle"},"extras":{},"_":"&id=11436686&lat=6.0996551&lon=-75.6378509&timestamp=2026-06-04T18:28:12.802Z&"},"device_id":"11436686"}
2026-06-04 13:28:13  INFO: [T7679cba9: osmand > 127.0.0.1] HTTP/1.1 200 OK\r\ncontent-length: 0\r\n\r\n
2026-06-04 13:28:14  INFO: [T7679cba9: osmand < 127.0.0.1] POST /client-proxy/ HTTP/1.1\r\nUser-Agent: okhttp/4.12.0\r\nAccept-Encoding: gzip\r\nContent-Type: application/json; charset=utf-8\r\nX-Forwarded-For: 37.10.108.122\r\nX-Forwarded-Host: arrive-legible-reexamine.ngrok-free.dev\r\nX-Forwarded-Proto: https\r\nVia: 1.1 DESKTOP-MAR70HE\r\nForwarded: by="[0:0:0:0:0:0:0:1]";for="[0:0:0:0:0:0:0:1]";host="arrive-legible-reexamine.ngrok-free.dev";proto=http\r\nHost: localhost:5055\r\nContent-Length: 403\r\n\r\n
2026-06-04 13:28:14  INFO: [T7679cba9: osmand < 127.0.0.1] {"location":{"timestamp":"2026-06-04T18:28:13.994Z","coords":{"latitude":6.0996806,"longitude":-75.6378759,"accuracy":10.39,"speed":0.08,"heading":-1,"altitude":1797.3},"is_moving":true,"odometer":575.35,"battery":{"level":0.24,"is_charging":false},"activity":{"type":"in_vehicle"},"extras":{},"_":"&id=11436686&lat=6.0996806&lon=-75.6378759&timestamp=2026-06-04T18:28:13.994Z&"},"device_id":"11436686"}
2026-06-04 13:28:14  INFO: [T7679cba9: osmand > 127.0.0.1] HTTP/1.1 200 OK\r\ncontent-length: 0\r\n\r\n
2026-06-04 13:28:16  INFO: [T7679cba9] id: 11436686, time: 2026-06-04 13:28:11, lat: 6.09965, lon: -75.63785, speed: 0.9, course: 354.0, accuracy: 10.4
2026-06-04 13:28:16  INFO: [T7679cba9] id: 11436686, time: 2026-06-04 13:28:12, lat: 6.09966, lon: -75.63785, speed: 0.9, course: 355.2, accuracy: 10.9
2026-06-04 13:28:17  INFO: [T7679cba9] id: 11436686, time: 2026-06-04 13:28:13, lat: 6.09968, lon: -75.63788, speed: 0.2, course: 0.0, accuracy: 10.4
2026-06-04 13:28:19  INFO: [T7679cba9: osmand < 127.0.0.1] POST /client-proxy/ HTTP/1.1\r\nUser-Agent: okhttp/4.12.0\r\nAccept-Encoding: gzip\r\nContent-Type: application/json; charset=utf-8\r\nX-Forwarded-For: 37.10.108.122\r\nX-Forwarded-Host: arrive-legible-reexamine.ngrok-free.dev\r\nX-Forwarded-Proto: https\r\nVia: 1.1 DESKTOP-MAR70HE\r\nForwarded: by="[0:0:0:0:0:0:0:1]";for="[0:0:0:0:0:0:0:1]";host="arrive-legible-reexamine.ngrok-free.dev";proto=http\r\nHost: localhost:5055\r\nContent-Length: 400\r\n\r\n
2026-06-04 13:28:19  INFO: [T7679cba9: osmand < 127.0.0.1] {"location":{"timestamp":"2026-06-04T18:28:15.007Z","coords":{"latitude":6.099681,"longitude":-75.6378761,"accuracy":9.92,"speed":0.08,"heading":-1,"altitude":1797.3},"is_moving":true,"odometer":575.35,"battery":{"level":0.24,"is_charging":false},"activity":{"type":"in_vehicle"},"extras":{},"_":"&id=11436686&lat=6.099681&lon=-75.6378761&timestamp=2026-06-04T18:28:15.007Z&"},"device_id":"11436686"}
2026-06-04 13:28:19  INFO: [T7679cba9: osmand > 127.0.0.1] HTTP/1.1 200 OK\r\ncontent-length: 0\r\n\r\n
2026-06-04 13:28:19  INFO: [T7679cba9: osmand < 127.0.0.1] POST /client-proxy/ HTTP/1.1\r\nUser-Agent: okhttp/4.12.0\r\nAccept-Encoding: gzip\r\nContent-Type: application/json; charset=utf-8\r\nX-Forwarded-For: 37.10.108.122\r\nX-Forwarded-Host: arrive-legible-reexamine.ngrok-free.dev\r\nX-Forwarded-Proto: https\r\nVia: 1.1 DESKTOP-MAR70HE\r\nForwarded: by="[0:0:0:0:0:0:0:1]";for="[0:0:0:0:0:0:0:1]";host="arrive-legible-reexamine.ngrok-free.dev";proto=http\r\nHost: localhost:5055\r\nContent-Length: 406\r\n\r\n
2026-06-04 13:28:19  INFO: [T7679cba9: osmand < 127.0.0.1] {"location":{"timestamp":"2026-06-04T18:28:16.992Z","coords":{"latitude":6.0996845,"longitude":-75.6378787,"accuracy":8.52,"speed":0.32,"heading":344.39,"altitude":1797.3},"is_moving":true,"odometer":575.35,"battery":{"level":0.24,"is_charging":false},"activity":{"type":"in_vehicle"},"extras":{},"_":"&id=11436686&lat=6.0996845&lon=-75.6378787&timestamp=2026-06-04T18:28:16.992Z&"},"device_id":"11436686"}
2026-06-04 13:28:19  INFO: [T7679cba9: osmand > 127.0.0.1] HTTP/1.1 200 OK\r\ncontent-length: 0\r\n\r\n
2026-06-04 13:28:20  INFO: [T7679cba9: osmand < 127.0.0.1] POST /client-proxy/ HTTP/1.1\r\nUser-Agent: okhttp/4.12.0\r\nAccept-Encoding: gzip\r\nContent-Type: application/json; charset=utf-8\r\nX-Forwarded-For: 37.10.108.122\r\nX-Forwarded-Host: arrive-legible-reexamine.ngrok-free.dev\r\nX-Forwarded-Proto: https\r\nVia: 1.1 DESKTOP-MAR70HE\r\nForwarded: by="[0:0:0:0:0:0:0:1]";for="[0:0:0:0:0:0:0:1]";host="arrive-legible-reexamine.ngrok-free.dev";proto=http\r\nHost: localhost:5055\r\nContent-Length: 406\r\n\r\n
2026-06-04 13:28:20  INFO: [T7679cba9: osmand < 127.0.0.1] {"location":{"timestamp":"2026-06-04T18:28:19.188Z","coords":{"latitude":6.0996785,"longitude":-75.6378739,"accuracy":7.38,"speed":0.38,"heading":348.13,"altitude":1797.4},"is_moving":true,"odometer":575.35,"battery":{"level":0.24,"is_charging":false},"activity":{"type":"in_vehicle"},"extras":{},"_":"&id=11436686&lat=6.0996785&lon=-75.6378739&timestamp=2026-06-04T18:28:19.188Z&"},"device_id":"11436686"}
2026-06-04 13:28:20  INFO: [T7679cba9: osmand > 127.0.0.1] HTTP/1.1 200 OK\r\ncontent-length: 0\r\n\r\n
2026-06-04 13:28:22  INFO: [T7679cba9] id: 11436686, time: 2026-06-04 13:28:15, lat: 6.09968, lon: -75.63788, speed: 0.2, course: 0.0
2026-06-04 13:28:22  INFO: [T7679cba9] id: 11436686, time: 2026-06-04 13:28:16, lat: 6.09968, lon: -75.63788, speed: 0.6, course: 344.4
2026-06-04 13:28:23  INFO: [T7679cba9] id: 11436686, time: 2026-06-04 13:28:19, lat: 6.09968, lon: -75.63787, speed: 0.7, course: 348.1
2026-06-04 13:28:25  INFO: [T7679cba9: osmand < 127.0.0.1] POST /client-proxy/ HTTP/1.1\r\nUser-Agent: okhttp/4.12.0\r\nAccept-Encoding: gzip\r\nContent-Type: application/json; charset=utf-8\r\nX-Forwarded-For: 37.10.108.122\r\nX-Forwarded-Host: arrive-legible-reexamine.ngrok-free.dev\r\nX-Forwarded-Proto: https\r\nVia: 1.1 DESKTOP-MAR70HE\r\nForwarded: by="[0:0:0:0:0:0:0:1]";for="[0:0:0:0:0:0:0:1]";host="arrive-legible-reexamine.ngrok-free.dev";proto=http\r\nHost: localhost:5055\r\nContent-Length: 407\r\n\r\n
2026-06-04 13:28:25  INFO: [T7679cba9: osmand < 127.0.0.1] {"location":{"timestamp":"2026-06-04T18:28:25.101Z","coords":{"latitude":6.0996943,"longitude":-75.6378837,"accuracy":10.58,"speed":0.75,"heading":336.58,"altitude":1797.4},"is_moving":true,"odometer":575.35,"battery":{"level":0.23,"is_charging":false},"activity":{"type":"in_vehicle"},"extras":{},"_":"&id=11436686&lat=6.0996943&lon=-75.6378837&timestamp=2026-06-04T18:28:25.101Z&"},"device_id":"11436686"}
2026-06-04 13:28:25  INFO: [T7679cba9: osmand > 127.0.0.1] HTTP/1.1 200 OK\r\ncontent-length: 0\r\n\r\n
2026-06-04 13:28:27  INFO: [T7679cba9: osmand < 127.0.0.1] POST /client-proxy/ HTTP/1.1\r\nUser-Agent: okhttp/4.12.0\r\nAccept-Encoding: gzip\r\nContent-Type: application/json; charset=utf-8\r\nX-Forwarded-For: 37.10.108.122\r\nX-Forwarded-Host: arrive-legible-reexamine.ngrok-free.dev\r\nX-Forwarded-Proto: https\r\nVia: 1.1 DESKTOP-MAR70HE\r\nForwarded: by="[0:0:0:0:0:0:0:1]";for="[0:0:0:0:0:0:0:1]";host="arrive-legible-reexamine.ngrok-free.dev";proto=http\r\nHost: localhost:5055\r\nContent-Length: 405\r\n\r\n
2026-06-04 13:28:27  INFO: [T7679cba9: osmand < 127.0.0.1] {"location":{"timestamp":"2026-06-04T18:28:26.316Z","coords":{"latitude":6.0996954,"longitude":-75.637888,"accuracy":11.69,"speed":0.58,"heading":337.66,"altitude":1797.3},"is_moving":true,"odometer":575.35,"battery":{"level":0.23,"is_charging":false},"activity":{"type":"in_vehicle"},"extras":{},"_":"&id=11436686&lat=6.0996954&lon=-75.637888&timestamp=2026-06-04T18:28:26.316Z&"},"device_id":"11436686"}
2026-06-04 13:28:27  INFO: [T7679cba9: osmand > 127.0.0.1] HTTP/1.1 200 OK\r\ncontent-length: 0\r\n\r\n
2026-06-04 13:28:27  INFO: [T7679cba9: osmand < 127.0.0.1] POST /client-proxy/ HTTP/1.1\r\nUser-Agent: okhttp/4.12.0\r\nAccept-Encoding: gzip\r\nContent-Type: application/json; charset=utf-8\r\nX-Forwarded-For: 37.10.108.122\r\nX-Forwarded-Host: arrive-legible-reexamine.ngrok-free.dev\r\nX-Forwarded-Proto: https\r\nVia: 1.1 DESKTOP-MAR70HE\r\nForwarded: by="[0:0:0:0:0:0:0:1]";for="[0:0:0:0:0:0:0:1]";host="arrive-legible-reexamine.ngrok-free.dev";proto=http\r\nHost: localhost:5055\r\nContent-Length: 406\r\n\r\n
2026-06-04 13:28:27  INFO: [T7679cba9: osmand < 127.0.0.1] {"location":{"timestamp":"2026-06-04T18:28:27.060Z","coords":{"latitude":6.0996748,"longitude":-75.6378556,"accuracy":11.69,"speed":0.45,"heading":61.12,"altitude":1797.3},"is_moving":true,"odometer":575.35,"battery":{"level":0.23,"is_charging":false},"activity":{"type":"in_vehicle"},"extras":{},"_":"&id=11436686&lat=6.0996748&lon=-75.6378556&timestamp=2026-06-04T18:28:27.060Z&"},"device_id":"11436686"}
2026-06-04 13:28:27  INFO: [T7679cba9: osmand > 127.0.0.1] HTTP/1.1 200 OK\r\ncontent-length: 0\r\n\r\n
2026-06-04 13:28:28  INFO: [T7679cba9] id: 11436686, time: 2026-06-04 13:28:25, lat: 6.09969, lon: -75.63788, speed: 1.5, course: 336.6, accuracy: 10.6
2026-06-04 13:28:30  INFO: [T7679cba9] id: 11436686, time: 2026-06-04 13:28:26, lat: 6.09970, lon: -75.63789, speed: 1.1, course: 337.7, accuracy: 11.7
2026-06-04 13:28:30  INFO: [T7679cba9] id: 11436686, time: 2026-06-04 13:28:27, lat: 6.09967, lon: -75.63786, speed: 0.9, course: 61.1, accuracy: 11.7
2026-06-04 13:28:32  INFO: [T7679cba9: osmand < 127.0.0.1] POST /client-proxy/ HTTP/1.1\r\nUser-Agent: okhttp/4.12.0\r\nAccept-Encoding: gzip\r\nContent-Type: application/json; charset=utf-8\r\nX-Forwarded-For: 37.10.108.122\r\nX-Forwarded-Host: arrive-legible-reexamine.ngrok-free.dev\r\nX-Forwarded-Proto: https\r\nVia: 1.1 DESKTOP-MAR70HE\r\nForwarded: by="[0:0:0:0:0:0:0:1]";for="[0:0:0:0:0:0:0:1]";host="arrive-legible-reexamine.ngrok-free.dev";proto=http\r\nHost: localhost:5055\r\nContent-Length: 404\r\n\r\n
2026-06-04 13:28:32  INFO: [T7679cba9: osmand < 127.0.0.1] {"location":{"timestamp":"2026-06-04T18:28:28.556Z","coords":{"latitude":6.099678,"longitude":-75.6378572,"accuracy":11.44,"speed":0.59,"heading":46.53,"altitude":1797.3},"is_moving":true,"odometer":575.35,"battery":{"level":0.23,"is_charging":false},"activity":{"type":"in_vehicle"},"extras":{},"_":"&id=11436686&lat=6.099678&lon=-75.6378572&timestamp=2026-06-04T18:28:28.556Z&"},"device_id":"11436686"}
2026-06-04 13:28:32  INFO: [T7679cba9: osmand > 127.0.0.1] HTTP/1.1 200 OK\r\ncontent-length: 0\r\n\r\n
2026-06-04 13:28:32  INFO: [T7679cba9: osmand < 127.0.0.1] POST /client-proxy/ HTTP/1.1\r\nUser-Agent: okhttp/4.12.0\r\nAccept-Encoding: gzip\r\nContent-Type: application/json; charset=utf-8\r\nX-Forwarded-For: 37.10.108.122\r\nX-Forwarded-Host: arrive-legible-reexamine.ngrok-free.dev\r\nX-Forwarded-Proto: https\r\nVia: 1.1 DESKTOP-MAR70HE\r\nForwarded: by="[0:0:0:0:0:0:0:1]";for="[0:0:0:0:0:0:0:1]";host="arrive-legible-reexamine.ngrok-free.dev";proto=http\r\nHost: localhost:5055\r\nContent-Length: 405\r\n\r\n
2026-06-04 13:28:32  INFO: [T7679cba9: osmand < 127.0.0.1] {"location":{"timestamp":"2026-06-04T18:28:29.917Z","coords":{"latitude":6.0996819,"longitude":-75.6378596,"accuracy":11.31,"speed":0.7,"heading":24.18,"altitude":1797.3},"is_moving":true,"odometer":575.35,"battery":{"level":0.23,"is_charging":false},"activity":{"type":"in_vehicle"},"extras":{},"_":"&id=11436686&lat=6.0996819&lon=-75.6378596&timestamp=2026-06-04T18:28:29.917Z&"},"device_id":"11436686"}
2026-06-04 13:28:32  INFO: [T7679cba9: osmand > 127.0.0.1] HTTP/1.1 200 OK\r\ncontent-length: 0\r\n\r\n
2026-06-04 13:28:32  INFO: [T7679cba9: osmand < 127.0.0.1] POST /client-proxy/ HTTP/1.1\r\nUser-Agent: okhttp/4.12.0\r\nAccept-Encoding: gzip\r\nContent-Type: application/json; charset=utf-8\r\nX-Forwarded-For: 37.10.108.122\r\nX-Forwarded-Host: arrive-legible-reexamine.ngrok-free.dev\r\nX-Forwarded-Proto: https\r\nVia: 1.1 DESKTOP-MAR70HE\r\nForwarded: by="[0:0:0:0:0:0:0:1]";for="[0:0:0:0:0:0:0:1]";host="arrive-legible-reexamine.ngrok-free.dev";proto=http\r\nHost: localhost:5055\r\nContent-Length: 407\r\n\r\n
2026-06-04 13:28:32  INFO: [T7679cba9: osmand < 127.0.0.1] {"location":{"timestamp":"2026-06-04T18:28:31.997Z","coords":{"latitude":6.0996574,"longitude":-75.6378327,"accuracy":10.86,"speed":0.68,"heading":105.96,"altitude":1797.5},"is_moving":true,"odometer":575.35,"battery":{"level":0.23,"is_charging":false},"activity":{"type":"in_vehicle"},"extras":{},"_":"&id=11436686&lat=6.0996574&lon=-75.6378327&timestamp=2026-06-04T18:28:31.997Z&"},"device_id":"11436686"}
2026-06-04 13:28:32  INFO: [T7679cba9: osmand > 127.0.0.1] HTTP/1.1 200 OK\r\ncontent-length: 0\r\n\r\n
2026-06-04 13:28:35  INFO: [T7679cba9] id: 11436686, time: 2026-06-04 13:28:28, lat: 6.09968, lon: -75.63786, speed: 1.1, course: 46.5, accuracy: 11.4
2026-06-04 13:28:35  INFO: [T7679cba9] id: 11436686, time: 2026-06-04 13:28:29, lat: 6.09968, lon: -75.63786, speed: 1.4, course: 24.2, accuracy: 11.3
2026-06-04 13:28:35  INFO: [T7679cba9] id: 11436686, time: 2026-06-04 13:28:31, lat: 6.09966, lon: -75.63783, speed: 1.3, course: 106.0, accuracy: 10.9
2026-06-04 13:28:37  INFO: [T7679cba9: osmand < 127.0.0.1] POST /client-proxy/ HTTP/1.1\r\nUser-Agent: okhttp/4.12.0\r\nAccept-Encoding: gzip\r\nContent-Type: application/json; charset=utf-8\r\nX-Forwarded-For: 37.10.108.122\r\nX-Forwarded-Host: arrive-legible-reexamine.ngrok-free.dev\r\nX-Forwarded-Proto: https\r\nVia: 1.1 DESKTOP-MAR70HE\r\nForwarded: by="[0:0:0:0:0:0:0:1]";for="[0:0:0:0:0:0:0:1]";host="arrive-legible-reexamine.ngrok-free.dev";proto=http\r\nHost: localhost:5055\r\nContent-Length: 406\r\n\r\n
2026-06-04 13:28:37  INFO: [T7679cba9: osmand < 127.0.0.1] {"location":{"timestamp":"2026-06-04T18:28:37.009Z","coords":{"latitude":6.0996655,"longitude":-75.6378298,"accuracy":11.86,"speed":0.51,"heading":98.55,"altitude":1797.3},"is_moving":true,"odometer":575.35,"battery":{"level":0.23,"is_charging":false},"activity":{"type":"in_vehicle"},"extras":{},"_":"&id=11436686&lat=6.0996655&lon=-75.6378298&timestamp=2026-06-04T18:28:37.009Z&"},"device_id":"11436686"}
2026-06-04 13:28:37  INFO: [T7679cba9: osmand > 127.0.0.1] HTTP/1.1 200 OK\r\ncontent-length: 0\r\n\r\n
2026-06-04 13:28:40  INFO: [T7679cba9] id: 11436686, time: 2026-06-04 13:28:37, lat: 6.09967, lon: -75.63783, speed: 1.0, course: 98.6, accuracy: 11.9
2026-06-04 13:28:42  INFO: [T7679cba9: osmand < 127.0.0.1] POST /client-proxy/ HTTP/1.1\r\nUser-Agent: okhttp/4.12.0\r\nAccept-Encoding: gzip\r\nContent-Type: application/json; charset=utf-8\r\nX-Forwarded-For: 37.10.108.122\r\nX-Forwarded-Host: arrive-legible-reexamine.ngrok-free.dev\r\nX-Forwarded-Proto: https\r\nVia: 1.1 DESKTOP-MAR70HE\r\nForwarded: by="[0:0:0:0:0:0:0:1]";for="[0:0:0:0:0:0:0:1]";host="arrive-legible-reexamine.ngrok-free.dev";proto=http\r\nHost: localhost:5055\r\nContent-Length: 406\r\n\r\n
2026-06-04 13:28:42  INFO: [T7679cba9: osmand < 127.0.0.1] {"location":{"timestamp":"2026-06-04T18:28:39.098Z","coords":{"latitude":6.0996681,"longitude":-75.6378269,"accuracy":11.52,"speed":0.61,"heading":93.91,"altitude":1797.3},"is_moving":true,"odometer":575.35,"battery":{"level":0.23,"is_charging":false},"activity":{"type":"in_vehicle"},"extras":{},"_":"&id=11436686&lat=6.0996681&lon=-75.6378269&timestamp=2026-06-04T18:28:39.098Z&"},"device_id":"11436686"}
2026-06-04 13:28:42  INFO: [T7679cba9: osmand > 127.0.0.1] HTTP/1.1 200 OK\r\ncontent-length: 0\r\n\r\n
2026-06-04 13:28:43  INFO: [T7679cba9: osmand < 127.0.0.1] POST /client-proxy/ HTTP/1.1\r\nUser-Agent: okhttp/4.12.0\r\nAccept-Encoding: gzip\r\nContent-Type: application/json; charset=utf-8\r\nX-Forwarded-For: 37.10.108.122\r\nX-Forwarded-Host: arrive-legible-reexamine.ngrok-free.dev\r\nX-Forwarded-Proto: https\r\nVia: 1.1 DESKTOP-MAR70HE\r\nForwarded: by="[0:0:0:0:0:0:0:1]";for="[0:0:0:0:0:0:0:1]";host="arrive-legible-reexamine.ngrok-free.dev";proto=http\r\nHost: localhost:5055\r\nContent-Length: 404\r\n\r\n
2026-06-04 13:28:43  INFO: [T7679cba9: osmand < 127.0.0.1] {"location":{"timestamp":"2026-06-04T18:28:42.699Z","coords":{"latitude":6.099681,"longitude":-75.6378268,"accuracy":12.33,"speed":0.76,"heading":71.95,"altitude":1797.3},"is_moving":true,"odometer":575.35,"battery":{"level":0.23,"is_charging":false},"activity":{"type":"in_vehicle"},"extras":{},"_":"&id=11436686&lat=6.099681&lon=-75.6378268&timestamp=2026-06-04T18:28:42.699Z&"},"device_id":"11436686"}
2026-06-04 13:28:43  INFO: [T7679cba9: osmand > 127.0.0.1] HTTP/1.1 200 OK\r\ncontent-length: 0\r\n\r\n
2026-06-04 13:28:43  INFO: [T7679cba9: osmand < 127.0.0.1] POST /client-proxy/ HTTP/1.1\r\nUser-Agent: okhttp/4.12.0\r\nAccept-Encoding: gzip\r\nContent-Type: application/json; charset=utf-8\r\nX-Forwarded-For: 37.10.108.122\r\nX-Forwarded-Host: arrive-legible-reexamine.ngrok-free.dev\r\nX-Forwarded-Proto: https\r\nVia: 1.1 DESKTOP-MAR70HE\r\nForwarded: by="[0:0:0:0:0:0:0:1]";for="[0:0:0:0:0:0:0:1]";host="arrive-legible-reexamine.ngrok-free.dev";proto=http\r\nHost: localhost:5055\r\nContent-Length: 406\r\n\r\n
2026-06-04 13:28:43  INFO: [T7679cba9: osmand < 127.0.0.1] {"location":{"timestamp":"2026-06-04T18:28:43.048Z","coords":{"latitude":6.0996543,"longitude":-75.6378117,"accuracy":11.91,"speed":0.57,"heading":111.3,"altitude":1797.3},"is_moving":true,"odometer":575.35,"battery":{"level":0.23,"is_charging":false},"activity":{"type":"in_vehicle"},"extras":{},"_":"&id=11436686&lat=6.0996543&lon=-75.6378117&timestamp=2026-06-04T18:28:43.048Z&"},"device_id":"11436686"}
2026-06-04 13:28:43  INFO: [T7679cba9: osmand > 127.0.0.1] HTTP/1.1 200 OK\r\ncontent-length: 0\r\n\r\n
2026-06-04 13:28:46  INFO: [T7679cba9] id: 11436686, time: 2026-06-04 13:28:39, lat: 6.09967, lon: -75.63783, speed: 1.2, course: 93.9, accuracy: 11.5
2026-06-04 13:28:46  INFO: [T7679cba9] id: 11436686, time: 2026-06-04 13:28:42, lat: 6.09968, lon: -75.63783, speed: 1.5, course: 72.0, accuracy: 12.3
2026-06-04 13:28:46  INFO: [T7679cba9] id: 11436686, time: 2026-06-04 13:28:43, lat: 6.09965, lon: -75.63781, speed: 1.1, course: 111.3, accuracy: 11.9
2026-06-04 13:28:49  INFO: [T7679cba9: osmand < 127.0.0.1] POST /client-proxy/ HTTP/1.1\r\nUser-Agent: okhttp/4.12.0\r\nAccept-Encoding: gzip\r\nContent-Type: application/json; charset=utf-8\r\nX-Forwarded-For: 37.10.108.122\r\nX-Forwarded-Host: arrive-legible-reexamine.ngrok-free.dev\r\nX-Forwarded-Proto: https\r\nVia: 1.1 DESKTOP-MAR70HE\r\nForwarded: by="[0:0:0:0:0:0:0:1]";for="[0:0:0:0:0:0:0:1]";host="arrive-legible-reexamine.ngrok-free.dev";proto=http\r\nHost: localhost:5055\r\nContent-Length: 407\r\n\r\n
2026-06-04 13:28:49  INFO: [T7679cba9: osmand < 127.0.0.1] {"location":{"timestamp":"2026-06-04T18:28:49.071Z","coords":{"latitude":6.0996492,"longitude":-75.6378036,"accuracy":11.35,"speed":0.55,"heading":111.35,"altitude":1797.3},"is_moving":true,"odometer":575.35,"battery":{"level":0.23,"is_charging":false},"activity":{"type":"in_vehicle"},"extras":{},"_":"&id=11436686&lat=6.0996492&lon=-75.6378036&timestamp=2026-06-04T18:28:49.071Z&"},"device_id":"11436686"}
2026-06-04 13:28:49  INFO: [T7679cba9: osmand > 127.0.0.1] HTTP/1.1 200 OK\r\ncontent-length: 0\r\n\r\n
2026-06-04 13:28:52  INFO: [T7679cba9] id: 11436686, time: 2026-06-04 13:28:49, lat: 6.09965, lon: -75.63780, speed: 1.1, course: 111.4, accuracy: 11.4
2026-06-04 13:28:55  INFO: [T7679cba9: osmand < 127.0.0.1] POST /client-proxy/ HTTP/1.1\r\nUser-Agent: okhttp/4.12.0\r\nAccept-Encoding: gzip\r\nContent-Type: application/json; charset=utf-8\r\nX-Forwarded-For: 37.10.108.122\r\nX-Forwarded-Host: arrive-legible-reexamine.ngrok-free.dev\r\nX-Forwarded-Proto: https\r\nVia: 1.1 DESKTOP-MAR70HE\r\nForwarded: by="[0:0:0:0:0:0:0:1]";for="[0:0:0:0:0:0:0:1]";host="arrive-legible-reexamine.ngrok-free.dev";proto=http\r\nHost: localhost:5055\r\nContent-Length: 405\r\n\r\n
2026-06-04 13:28:55  INFO: [T7679cba9: osmand < 127.0.0.1] {"location":{"timestamp":"2026-06-04T18:28:54.837Z","coords":{"latitude":6.0996581,"longitude":-75.6378101,"accuracy":9.95,"speed":0.71,"heading":95.99,"altitude":1797.3},"is_moving":true,"odometer":575.35,"battery":{"level":0.23,"is_charging":false},"activity":{"type":"in_vehicle"},"extras":{},"_":"&id=11436686&lat=6.0996581&lon=-75.6378101&timestamp=2026-06-04T18:28:54.837Z&"},"device_id":"11436686"}
2026-06-04 13:28:55  INFO: [T7679cba9: osmand > 127.0.0.1] HTTP/1.1 200 OK\r\ncontent-length: 0\r\n\r\n
2026-06-04 13:28:58  INFO: [T7679cba9] id: 11436686, time: 2026-06-04 13:28:54, lat: 6.09966, lon: -75.63781, speed: 1.4, course: 96.0
2026-06-04 13:29:00  INFO: [T7679cba9: osmand < 127.0.0.1] POST /client-proxy/ HTTP/1.1\r\nUser-Agent: okhttp/4.12.0\r\nAccept-Encoding: gzip\r\nContent-Type: application/json; charset=utf-8\r\nX-Forwarded-For: 37.10.108.122\r\nX-Forwarded-Host: arrive-legible-reexamine.ngrok-free.dev\r\nX-Forwarded-Proto: https\r\nVia: 1.1 DESKTOP-MAR70HE\r\nForwarded: by="[0:0:0:0:0:0:0:1]";for="[0:0:0:0:0:0:0:1]";host="arrive-legible-reexamine.ngrok-free.dev";proto=http\r\nHost: localhost:5055\r\nContent-Length: 405\r\n\r\n
2026-06-04 13:29:00  INFO: [T7679cba9: osmand < 127.0.0.1] {"location":{"timestamp":"2026-06-04T18:28:56.204Z","coords":{"latitude":6.0996604,"longitude":-75.6378076,"accuracy":10.2,"speed":0.86,"heading":76.64,"altitude":1797.3},"is_moving":true,"odometer":575.35,"battery":{"level":0.23,"is_charging":false},"activity":{"type":"in_vehicle"},"extras":{},"_":"&id=11436686&lat=6.0996604&lon=-75.6378076&timestamp=2026-06-04T18:28:56.204Z&"},"device_id":"11436686"}
2026-06-04 13:29:00  INFO: [T7679cba9: osmand > 127.0.0.1] HTTP/1.1 200 OK\r\ncontent-length: 0\r\n\r\n
2026-06-04 13:29:00  INFO: [T7679cba9: osmand < 127.0.0.1] POST /client-proxy/ HTTP/1.1\r\nUser-Agent: okhttp/4.12.0\r\nAccept-Encoding: gzip\r\nContent-Type: application/json; charset=utf-8\r\nX-Forwarded-For: 37.10.108.122\r\nX-Forwarded-Host: arrive-legible-reexamine.ngrok-free.dev\r\nX-Forwarded-Proto: https\r\nVia: 1.1 DESKTOP-MAR70HE\r\nForwarded: by="[0:0:0:0:0:0:0:1]";for="[0:0:0:0:0:0:0:1]";host="arrive-legible-reexamine.ngrok-free.dev";proto=http\r\nHost: localhost:5055\r\nContent-Length: 406\r\n\r\n
2026-06-04 13:29:00  INFO: [T7679cba9: osmand < 127.0.0.1] {"location":{"timestamp":"2026-06-04T18:28:58.370Z","coords":{"latitude":6.0996622,"longitude":-75.6378146,"accuracy":11.24,"speed":0.81,"heading":73.89,"altitude":1797.3},"is_moving":true,"odometer":585.56,"battery":{"level":0.23,"is_charging":false},"activity":{"type":"in_vehicle"},"extras":{},"_":"&id=11436686&lat=6.0996622&lon=-75.6378146&timestamp=2026-06-04T18:28:58.370Z&"},"device_id":"11436686"}
2026-06-04 13:29:00  INFO: [T7679cba9: osmand > 127.0.0.1] HTTP/1.1 200 OK\r\ncontent-length: 0\r\n\r\n
2026-06-04 13:29:01  INFO: [T7679cba9: osmand < 127.0.0.1] POST /client-proxy/ HTTP/1.1\r\nUser-Agent: okhttp/4.12.0\r\nAccept-Encoding: gzip\r\nContent-Type: application/json; charset=utf-8\r\nX-Forwarded-For: 37.10.108.122\r\nX-Forwarded-Host: arrive-legible-reexamine.ngrok-free.dev\r\nX-Forwarded-Proto: https\r\nVia: 1.1 DESKTOP-MAR70HE\r\nForwarded: by="[0:0:0:0:0:0:0:1]";for="[0:0:0:0:0:0:0:1]";host="arrive-legible-reexamine.ngrok-free.dev";proto=http\r\nHost: localhost:5055\r\nContent-Length: 406\r\n\r\n
2026-06-04 13:29:01  INFO: [T7679cba9: osmand < 127.0.0.1] {"location":{"timestamp":"2026-06-04T18:29:00.036Z","coords":{"latitude":6.0996643,"longitude":-75.6378132,"accuracy":11.88,"speed":1.03,"heading":75.31,"altitude":1797.3},"is_moving":true,"odometer":586.96,"battery":{"level":0.23,"is_charging":false},"activity":{"type":"in_vehicle"},"extras":{},"_":"&id=11436686&lat=6.0996643&lon=-75.6378132&timestamp=2026-06-04T18:29:00.036Z&"},"device_id":"11436686"}
2026-06-04 13:29:01  INFO: [T7679cba9: osmand > 127.0.0.1] HTTP/1.1 200 OK\r\ncontent-length: 0\r\n\r\n
2026-06-04 13:29:03  INFO: [T7679cba9] id: 11436686, time: 2026-06-04 13:28:56, lat: 6.09966, lon: -75.63781, speed: 1.7, course: 76.6, accuracy: 10.2
2026-06-04 13:29:03  INFO: [T7679cba9] id: 11436686, time: 2026-06-04 13:28:58, lat: 6.09966, lon: -75.63781, speed: 1.6, course: 73.9, accuracy: 11.2
2026-06-04 13:29:04  INFO: [T7679cba9] id: 11436686, time: 2026-06-04 13:29:00, lat: 6.09966, lon: -75.63781, speed: 2.0, course: 75.3, accuracy: 11.9
2026-06-04 13:29:04  INFO: [T7679cba9: osmand < 127.0.0.1] POST /client-proxy/ HTTP/1.1\r\nUser-Agent: okhttp/4.12.0\r\nAccept-Encoding: gzip\r\nContent-Type: application/json; charset=utf-8\r\nX-Forwarded-For: 37.10.108.122\r\nX-Forwarded-Host: arrive-legible-reexamine.ngrok-free.dev\r\nX-Forwarded-Proto: https\r\nVia: 1.1 DESKTOP-MAR70HE\r\nForwarded: by="[0:0:0:0:0:0:0:1]";for="[0:0:0:0:0:0:0:1]";host="arrive-legible-reexamine.ngrok-free.dev";proto=http\r\nHost: localhost:5055\r\nContent-Length: 404\r\n\r\n
2026-06-04 13:29:04  INFO: [T7679cba9: osmand < 127.0.0.1] {"location":{"timestamp":"2026-06-04T18:29:03.993Z","coords":{"latitude":6.099686,"longitude":-75.6378216,"accuracy":17.29,"speed":1.54,"heading":37.67,"altitude":1797.3},"is_moving":true,"odometer":589.63,"battery":{"level":0.23,"is_charging":false},"activity":{"type":"in_vehicle"},"extras":{},"_":"&id=11436686&lat=6.099686&lon=-75.6378216&timestamp=2026-06-04T18:29:03.993Z&"},"device_id":"11436686"}
2026-06-04 13:29:04  INFO: [T7679cba9: osmand > 127.0.0.1] HTTP/1.1 200 OK\r\ncontent-length: 0\r\n\r\n
2026-06-04 13:29:05  INFO: [T7679cba9: osmand < 127.0.0.1] POST /client-proxy/ HTTP/1.1\r\nUser-Agent: okhttp/4.12.0\r\nAccept-Encoding: gzip\r\nContent-Type: application/json; charset=utf-8\r\nX-Forwarded-For: 37.10.108.122\r\nX-Forwarded-Host: arrive-legible-reexamine.ngrok-free.dev\r\nX-Forwarded-Proto: https\r\nVia: 1.1 DESKTOP-MAR70HE\r\nForwarded: by="[0:0:0:0:0:0:0:1]";for="[0:0:0:0:0:0:0:1]";host="arrive-legible-reexamine.ngrok-free.dev";proto=http\r\nHost: localhost:5055\r\nContent-Length: 407\r\n\r\n
2026-06-04 13:29:05  INFO: [T7679cba9: osmand < 127.0.0.1] {"location":{"timestamp":"2026-06-04T18:29:05.028Z","coords":{"latitude":6.0996569,"longitude":-75.6378158,"accuracy":17.08,"speed":0.83,"heading":127.49,"altitude":1797.3},"is_moving":true,"odometer":589.71,"battery":{"level":0.23,"is_charging":false},"activity":{"type":"in_vehicle"},"extras":{},"_":"&id=11436686&lat=6.0996569&lon=-75.6378158&timestamp=2026-06-04T18:29:05.028Z&"},"device_id":"11436686"}
2026-06-04 13:29:05  INFO: [T7679cba9: osmand > 127.0.0.1] HTTP/1.1 200 OK\r\ncontent-length: 0\r\n\r\n
2026-06-04 13:29:07  INFO: [T7679cba9] id: 11436686, time: 2026-06-04 13:29:03, lat: 6.09969, lon: -75.63782, speed: 3.0, course: 37.7, accuracy: 17.3
2026-06-04 13:29:08  INFO: [T7679cba9] id: 11436686, time: 2026-06-04 13:29:05, lat: 6.09966, lon: -75.63782, speed: 1.6, course: 127.5, accuracy: 17.1
2026-06-04 13:29:11  INFO: [T7679cba9: osmand < 127.0.0.1] POST /client-proxy/ HTTP/1.1\r\nUser-Agent: okhttp/4.12.0\r\nAccept-Encoding: gzip\r\nContent-Type: application/json; charset=utf-8\r\nX-Forwarded-For: 37.10.108.122\r\nX-Forwarded-Host: arrive-legible-reexamine.ngrok-free.dev\r\nX-Forwarded-Proto: https\r\nVia: 1.1 DESKTOP-MAR70HE\r\nForwarded: by="[0:0:0:0:0:0:0:1]";for="[0:0:0:0:0:0:0:1]";host="arrive-legible-reexamine.ngrok-free.dev";proto=http\r\nHost: localhost:5055\r\nContent-Length: 407\r\n\r\n
2026-06-04 13:29:11  INFO: [T7679cba9: osmand < 127.0.0.1] {"location":{"timestamp":"2026-06-04T18:29:11.068Z","coords":{"latitude":6.0996465,"longitude":-75.6378325,"accuracy":13.81,"speed":0.68,"heading":210.91,"altitude":1797.3},"is_moving":true,"odometer":593.89,"battery":{"level":0.23,"is_charging":false},"activity":{"type":"in_vehicle"},"extras":{},"_":"&id=11436686&lat=6.0996465&lon=-75.6378325&timestamp=2026-06-04T18:29:11.068Z&"},"device_id":"11436686"}
2026-06-04 13:29:11  INFO: [T7679cba9: osmand > 127.0.0.1] HTTP/1.1 200 OK\r\ncontent-length: 0\r\n\r\n
2026-06-04 13:29:14  INFO: [T7679cba9] id: 11436686, time: 2026-06-04 13:29:11, lat: 6.09965, lon: -75.63783, speed: 1.3, course: 210.9, accuracy: 13.8
2026-06-04 13:29:16  INFO: [T7679cba9: osmand < 127.0.0.1] POST /client-proxy/ HTTP/1.1\r\nUser-Agent: okhttp/4.12.0\r\nAccept-Encoding: gzip\r\nContent-Type: application/json; charset=utf-8\r\nX-Forwarded-For: 37.10.108.122\r\nX-Forwarded-Host: arrive-legible-reexamine.ngrok-free.dev\r\nX-Forwarded-Proto: https\r\nVia: 1.1 DESKTOP-MAR70HE\r\nForwarded: by="[0:0:0:0:0:0:0:1]";for="[0:0:0:0:0:0:0:1]";host="arrive-legible-reexamine.ngrok-free.dev";proto=http\r\nHost: localhost:5055\r\nContent-Length: 407\r\n\r\n
2026-06-04 13:29:16  INFO: [T7679cba9: osmand < 127.0.0.1] {"location":{"timestamp":"2026-06-04T18:29:15.028Z","coords":{"latitude":6.0996496,"longitude":-75.6378427,"accuracy":14.01,"speed":0.79,"heading":233.54,"altitude":1797.3},"is_moving":true,"odometer":593.89,"battery":{"level":0.23,"is_charging":false},"activity":{"type":"in_vehicle"},"extras":{},"_":"&id=11436686&lat=6.0996496&lon=-75.6378427&timestamp=2026-06-04T18:29:15.028Z&"},"device_id":"11436686"}
2026-06-04 13:29:17  INFO: [T7679cba9: osmand > 127.0.0.1] HTTP/1.1 200 OK\r\ncontent-length: 0\r\n\r\n
2026-06-04 13:29:17  INFO: [T7679cba9: osmand < 127.0.0.1] POST /client-proxy/ HTTP/1.1\r\nUser-Agent: okhttp/4.12.0\r\nAccept-Encoding: gzip\r\nContent-Type: application/json; charset=utf-8\r\nX-Forwarded-For: 37.10.108.122\r\nX-Forwarded-Host: arrive-legible-reexamine.ngrok-free.dev\r\nX-Forwarded-Proto: https\r\nVia: 1.1 DESKTOP-MAR70HE\r\nForwarded: by="[0:0:0:0:0:0:0:1]";for="[0:0:0:0:0:0:0:1]";host="arrive-legible-reexamine.ngrok-free.dev";proto=http\r\nHost: localhost:5055\r\nContent-Length: 407\r\n\r\n
2026-06-04 13:29:17  INFO: [T7679cba9: osmand < 127.0.0.1] {"location":{"timestamp":"2026-06-04T18:29:16.163Z","coords":{"latitude":6.0996372,"longitude":-75.6378317,"accuracy":13.83,"speed":0.52,"heading":238.16,"altitude":1798.1},"is_moving":true,"odometer":593.89,"battery":{"level":0.23,"is_charging":false},"activity":{"type":"in_vehicle"},"extras":{},"_":"&id=11436686&lat=6.0996372&lon=-75.6378317&timestamp=2026-06-04T18:29:16.163Z&"},"device_id":"11436686"}
2026-06-04 13:29:17  INFO: [T7679cba9: osmand > 127.0.0.1] HTTP/1.1 200 OK\r\ncontent-length: 0\r\n\r\n
2026-06-04 13:29:20  INFO: [T7679cba9] id: 11436686, time: 2026-06-04 13:29:15, lat: 6.09965, lon: -75.63784, speed: 1.5, course: 233.5, accuracy: 14.0
2026-06-04 13:29:20  INFO: [T7679cba9] id: 11436686, time: 2026-06-04 13:29:16, lat: 6.09964, lon: -75.63783, speed: 1.0, course: 238.2, accuracy: 13.8
2026-06-04 13:29:22  INFO: [T7679cba9: osmand < 127.0.0.1] POST /client-proxy/ HTTP/1.1\r\nUser-Agent: okhttp/4.12.0\r\nAccept-Encoding: gzip\r\nContent-Type: application/json; charset=utf-8\r\nX-Forwarded-For: 37.10.108.122\r\nX-Forwarded-Host: arrive-legible-reexamine.ngrok-free.dev\r\nX-Forwarded-Proto: https\r\nVia: 1.1 DESKTOP-MAR70HE\r\nForwarded: by="[0:0:0:0:0:0:0:1]";for="[0:0:0:0:0:0:0:1]";host="arrive-legible-reexamine.ngrok-free.dev";proto=http\r\nHost: localhost:5055\r\nContent-Length: 407\r\n\r\n
2026-06-04 13:29:22  INFO: [T7679cba9: osmand < 127.0.0.1] {"location":{"timestamp":"2026-06-04T18:29:17.992Z","coords":{"latitude":6.0996378,"longitude":-75.6378389,"accuracy":13.58,"speed":1.18,"heading":224.32,"altitude":1798.1},"is_moving":true,"odometer":597.25,"battery":{"level":0.23,"is_charging":false},"activity":{"type":"in_vehicle"},"extras":{},"_":"&id=11436686&lat=6.0996378&lon=-75.6378389&timestamp=2026-06-04T18:29:17.992Z&"},"device_id":"11436686"}
2026-06-04 13:29:22  INFO: [T7679cba9: osmand > 127.0.0.1] HTTP/1.1 200 OK\r\ncontent-length: 0\r\n\r\n
2026-06-04 13:29:22  INFO: [T7679cba9: osmand < 127.0.0.1] POST /client-proxy/ HTTP/1.1\r\nUser-Agent: okhttp/4.12.0\r\nAccept-Encoding: gzip\r\nContent-Type: application/json; charset=utf-8\r\nX-Forwarded-For: 37.10.108.122\r\nX-Forwarded-Host: arrive-legible-reexamine.ngrok-free.dev\r\nX-Forwarded-Proto: https\r\nVia: 1.1 DESKTOP-MAR70HE\r\nForwarded: by="[0:0:0:0:0:0:0:1]";for="[0:0:0:0:0:0:0:1]";host="arrive-legible-reexamine.ngrok-free.dev";proto=http\r\nHost: localhost:5055\r\nContent-Length: 407\r\n\r\n
2026-06-04 13:29:22  INFO: [T7679cba9: osmand < 127.0.0.1] {"location":{"timestamp":"2026-06-04T18:29:21.991Z","coords":{"latitude":6.0996294,"longitude":-75.6378308,"accuracy":13.07,"speed":1.39,"heading":198.68,"altitude":1797.6},"is_moving":true,"odometer":600.05,"battery":{"level":0.23,"is_charging":false},"activity":{"type":"in_vehicle"},"extras":{},"_":"&id=11436686&lat=6.0996294&lon=-75.6378308&timestamp=2026-06-04T18:29:21.991Z&"},"device_id":"11436686"}
2026-06-04 13:29:22  INFO: [T7679cba9: osmand > 127.0.0.1] HTTP/1.1 200 OK\r\ncontent-length: 0\r\n\r\n
2026-06-04 13:29:25  INFO: [T7679cba9] id: 11436686, time: 2026-06-04 13:29:17, lat: 6.09964, lon: -75.63784, speed: 2.3, course: 224.3, accuracy: 13.6
2026-06-04 13:29:25  INFO: [T7679cba9] id: 11436686, time: 2026-06-04 13:29:21, lat: 6.09963, lon: -75.63783, speed: 2.7, course: 198.7, accuracy: 13.1
2026-06-04 13:29:27  INFO: [T7679cba9: osmand < 127.0.0.1] POST /client-proxy/ HTTP/1.1\r\nUser-Agent: okhttp/4.12.0\r\nAccept-Encoding: gzip\r\nContent-Type: application/json; charset=utf-8\r\nX-Forwarded-For: 37.10.108.122\r\nX-Forwarded-Host: arrive-legible-reexamine.ngrok-free.dev\r\nX-Forwarded-Proto: https\r\nVia: 1.1 DESKTOP-MAR70HE\r\nForwarded: by="[0:0:0:0:0:0:0:1]";for="[0:0:0:0:0:0:0:1]";host="arrive-legible-reexamine.ngrok-free.dev";proto=http\r\nHost: localhost:5055\r\nContent-Length: 406\r\n\r\n
2026-06-04 13:29:27  INFO: [T7679cba9: osmand < 127.0.0.1] {"location":{"timestamp":"2026-06-04T18:29:27.063Z","coords":{"latitude":6.0996286,"longitude":-75.6378257,"accuracy":20.8,"speed":1.36,"heading":192.01,"altitude":1797.6},"is_moving":true,"odometer":601.43,"battery":{"level":0.23,"is_charging":false},"activity":{"type":"in_vehicle"},"extras":{},"_":"&id=11436686&lat=6.0996286&lon=-75.6378257&timestamp=2026-06-04T18:29:27.063Z&"},"device_id":"11436686"}
2026-06-04 13:29:27  INFO: [T7679cba9: osmand > 127.0.0.1] HTTP/1.1 200 OK\r\ncontent-length: 0\r\n\r\n
2026-06-04 13:29:30  INFO: [T7679cba9] id: 11436686, time: 2026-06-04 13:29:27, lat: 6.09963, lon: -75.63783, speed: 2.6, course: 192.0, accuracy: 20.8
2026-06-04 13:29:33  INFO: [T7679cba9: osmand < 127.0.0.1] POST /client-proxy/ HTTP/1.1\r\nUser-Agent: okhttp/4.12.0\r\nAccept-Encoding: gzip\r\nContent-Type: application/json; charset=utf-8\r\nX-Forwarded-For: 37.10.108.122\r\nX-Forwarded-Host: arrive-legible-reexamine.ngrok-free.dev\r\nX-Forwarded-Proto: https\r\nVia: 1.1 DESKTOP-MAR70HE\r\nForwarded: by="[0:0:0:0:0:0:0:1]";for="[0:0:0:0:0:0:0:1]";host="arrive-legible-reexamine.ngrok-free.dev";proto=http\r\nHost: localhost:5055\r\nContent-Length: 403\r\n\r\n
2026-06-04 13:29:33  INFO: [T7679cba9: osmand < 127.0.0.1] {"location":{"timestamp":"2026-06-04T18:29:33.050Z","coords":{"latitude":6.0996417,"longitude":-75.6378266,"accuracy":15.91,"speed":0.78,"heading":90,"altitude":1797.3},"is_moving":true,"odometer":601.43,"battery":{"level":0.23,"is_charging":false},"activity":{"type":"in_vehicle"},"extras":{},"_":"&id=11436686&lat=6.0996417&lon=-75.6378266&timestamp=2026-06-04T18:29:33.050Z&"},"device_id":"11436686"}
2026-06-04 13:29:33  INFO: [T7679cba9: osmand > 127.0.0.1] HTTP/1.1 200 OK\r\ncontent-length: 0\r\n\r\n
2026-06-04 13:29:33  INFO: [T7679cba9: osmand < 127.0.0.1] POST /client-proxy/ HTTP/1.1\r\nUser-Agent: okhttp/4.12.0\r\nAccept-Encoding: gzip\r\nContent-Type: application/json; charset=utf-8\r\nX-Forwarded-For: 37.10.108.122\r\nX-Forwarded-Host: arrive-legible-reexamine.ngrok-free.dev\r\nX-Forwarded-Proto: https\r\nVia: 1.1 DESKTOP-MAR70HE\r\nForwarded: by="[0:0:0:0:0:0:0:1]";for="[0:0:0:0:0:0:0:1]";host="arrive-legible-reexamine.ngrok-free.dev";proto=http\r\nHost: localhost:5055\r\nContent-Length: 402\r\n\r\n
2026-06-04 13:29:33  INFO: [T7679cba9: osmand < 127.0.0.1] {"location":{"timestamp":"2026-06-04T18:29:33.477Z","coords":{"latitude":6.0996434,"longitude":-75.6378256,"accuracy":14.9,"speed":0.95,"heading":90,"altitude":1797.3},"is_moving":true,"odometer":601.43,"battery":{"level":0.23,"is_charging":false},"activity":{"type":"in_vehicle"},"extras":{},"_":"&id=11436686&lat=6.0996434&lon=-75.6378256&timestamp=2026-06-04T18:29:33.477Z&"},"device_id":"11436686"}
2026-06-04 13:29:33  INFO: [T7679cba9: osmand > 127.0.0.1] HTTP/1.1 200 OK\r\ncontent-length: 0\r\n\r\n
2026-06-04 13:29:36  INFO: [T7679cba9] id: 11436686, time: 2026-06-04 13:29:33, lat: 6.09964, lon: -75.63783, speed: 1.5, course: 90.0, accuracy: 15.9
2026-06-04 13:29:37  INFO: [T7679cba9] id: 11436686, time: 2026-06-04 13:29:33, lat: 6.09964, lon: -75.63783, speed: 1.8, course: 90.0, accuracy: 14.9
2026-06-04 13:29:38  INFO: [T7679cba9: osmand < 127.0.0.1] POST /client-proxy/ HTTP/1.1\r\nUser-Agent: okhttp/4.12.0\r\nAccept-Encoding: gzip\r\nContent-Type: application/json; charset=utf-8\r\nX-Forwarded-For: 37.10.108.122\r\nX-Forwarded-Host: arrive-legible-reexamine.ngrok-free.dev\r\nX-Forwarded-Proto: https\r\nVia: 1.1 DESKTOP-MAR70HE\r\nForwarded: by="[0:0:0:0:0:0:0:1]";for="[0:0:0:0:0:0:0:1]";host="arrive-legible-reexamine.ngrok-free.dev";proto=http\r\nHost: localhost:5055\r\nContent-Length: 403\r\n\r\n
2026-06-04 13:29:38  INFO: [T7679cba9: osmand < 127.0.0.1] {"location":{"timestamp":"2026-06-04T18:29:33.993Z","coords":{"latitude":6.0996434,"longitude":-75.6378258,"accuracy":15.21,"speed":0.96,"heading":90,"altitude":1797.3},"is_moving":true,"odometer":601.43,"battery":{"level":0.23,"is_charging":false},"activity":{"type":"in_vehicle"},"extras":{},"_":"&id=11436686&lat=6.0996434&lon=-75.6378258&timestamp=2026-06-04T18:29:33.993Z&"},"device_id":"11436686"}
2026-06-04 13:29:38  INFO: [T7679cba9: osmand > 127.0.0.1] HTTP/1.1 200 OK\r\ncontent-length: 0\r\n\r\n
2026-06-04 13:29:38  INFO: [T7679cba9: osmand < 127.0.0.1] POST /client-proxy/ HTTP/1.1\r\nUser-Agent: okhttp/4.12.0\r\nAccept-Encoding: gzip\r\nContent-Type: application/json; charset=utf-8\r\nX-Forwarded-For: 37.10.108.122\r\nX-Forwarded-Host: arrive-legible-reexamine.ngrok-free.dev\r\nX-Forwarded-Proto: https\r\nVia: 1.1 DESKTOP-MAR70HE\r\nForwarded: by="[0:0:0:0:0:0:0:1]";for="[0:0:0:0:0:0:0:1]";host="arrive-legible-reexamine.ngrok-free.dev";proto=http\r\nHost: localhost:5055\r\nContent-Length: 401\r\n\r\n
2026-06-04 13:29:38  INFO: [T7679cba9: osmand < 127.0.0.1] {"location":{"timestamp":"2026-06-04T18:29:34.109Z","coords":{"latitude":6.099645,"longitude":-75.6378253,"accuracy":15.85,"speed":1.27,"heading":90,"altitude":1797.4},"is_moving":true,"odometer":603.45,"battery":{"level":0.23,"is_charging":false},"activity":{"type":"in_vehicle"},"extras":{},"_":"&id=11436686&lat=6.099645&lon=-75.6378253&timestamp=2026-06-04T18:29:34.109Z&"},"device_id":"11436686"}
2026-06-04 13:29:38  INFO: [T7679cba9: osmand > 127.0.0.1] HTTP/1.1 200 OK\r\ncontent-length: 0\r\n\r\n
2026-06-04 13:29:38  INFO: [T7679cba9: osmand < 127.0.0.1] POST /client-proxy/ HTTP/1.1\r\nUser-Agent: okhttp/4.12.0\r\nAccept-Encoding: gzip\r\nContent-Type: application/json; charset=utf-8\r\nX-Forwarded-For: 37.10.108.122\r\nX-Forwarded-Host: arrive-legible-reexamine.ngrok-free.dev\r\nX-Forwarded-Proto: https\r\nVia: 1.1 DESKTOP-MAR70HE\r\nForwarded: by="[0:0:0:0:0:0:0:1]";for="[0:0:0:0:0:0:0:1]";host="arrive-legible-reexamine.ngrok-free.dev";proto=http\r\nHost: localhost:5055\r\nContent-Length: 407\r\n\r\n
2026-06-04 13:29:38  INFO: [T7679cba9: osmand < 127.0.0.1] {"location":{"timestamp":"2026-06-04T18:29:38.056Z","coords":{"latitude":6.0996543,"longitude":-75.6378371,"accuracy":16.35,"speed":1.63,"heading":287.53,"altitude":1797.4},"is_moving":true,"odometer":605.24,"battery":{"level":0.23,"is_charging":false},"activity":{"type":"in_vehicle"},"extras":{},"_":"&id=11436686&lat=6.0996543&lon=-75.6378371&timestamp=2026-06-04T18:29:38.056Z&"},"device_id":"11436686"}
2026-06-04 13:29:38  INFO: [T7679cba9: osmand > 127.0.0.1] HTTP/1.1 200 OK\r\ncontent-length: 0\r\n\r\n
2026-06-04 13:29:41  INFO: [T7679cba9] id: 11436686, time: 2026-06-04 13:29:33, lat: 6.09964, lon: -75.63783, speed: 1.9, course: 90.0, accuracy: 15.2
2026-06-04 13:29:41  INFO: [T7679cba9] id: 11436686, time: 2026-06-04 13:29:34, lat: 6.09965, lon: -75.63783, speed: 2.5, course: 90.0, accuracy: 15.9
2026-06-04 13:29:41  INFO: [T7679cba9] id: 11436686, time: 2026-06-04 13:29:38, lat: 6.09965, lon: -75.63784, speed: 3.2, course: 287.5, accuracy: 16.4
2026-06-04 13:29:44  INFO: [T7679cba9: osmand < 127.0.0.1] POST /client-proxy/ HTTP/1.1\r\nUser-Agent: okhttp/4.12.0\r\nAccept-Encoding: gzip\r\nContent-Type: application/json; charset=utf-8\r\nX-Forwarded-For: 37.10.108.122\r\nX-Forwarded-Host: arrive-legible-reexamine.ngrok-free.dev\r\nX-Forwarded-Proto: https\r\nVia: 1.1 DESKTOP-MAR70HE\r\nForwarded: by="[0:0:0:0:0:0:0:1]";for="[0:0:0:0:0:0:0:1]";host="arrive-legible-reexamine.ngrok-free.dev";proto=http\r\nHost: localhost:5055\r\nContent-Length: 406\r\n\r\n
2026-06-04 13:29:44  INFO: [T7679cba9: osmand < 127.0.0.1] {"location":{"timestamp":"2026-06-04T18:29:43.051Z","coords":{"latitude":6.0996607,"longitude":-75.6378408,"accuracy":16.64,"speed":1.29,"heading":294.2,"altitude":1797.3},"is_moving":true,"odometer":607.73,"battery":{"level":0.23,"is_charging":false},"activity":{"type":"in_vehicle"},"extras":{},"_":"&id=11436686&lat=6.0996607&lon=-75.6378408&timestamp=2026-06-04T18:29:43.051Z&"},"device_id":"11436686"}
2026-06-04 13:29:44  INFO: [T7679cba9: osmand > 127.0.0.1] HTTP/1.1 200 OK\r\ncontent-length: 0\r\n\r\n
2026-06-04 13:29:44  INFO: [T7679cba9: osmand < 127.0.0.1] POST /client-proxy/ HTTP/1.1\r\nUser-Agent: okhttp/4.12.0\r\nAccept-Encoding: gzip\r\nContent-Type: application/json; charset=utf-8\r\nX-Forwarded-For: 37.10.108.122\r\nX-Forwarded-Host: arrive-legible-reexamine.ngrok-free.dev\r\nX-Forwarded-Proto: https\r\nVia: 1.1 DESKTOP-MAR70HE\r\nForwarded: by="[0:0:0:0:0:0:0:1]";for="[0:0:0:0:0:0:0:1]";host="arrive-legible-reexamine.ngrok-free.dev";proto=http\r\nHost: localhost:5055\r\nContent-Length: 405\r\n\r\n
2026-06-04 13:29:44  INFO: [T7679cba9: osmand < 127.0.0.1] {"location":{"timestamp":"2026-06-04T18:29:43.995Z","coords":{"latitude":6.0996657,"longitude":-75.6378395,"accuracy":16.81,"speed":1.34,"heading":311.5,"altitude":1797.3},"is_moving":true,"odometer":608.3,"battery":{"level":0.23,"is_charging":false},"activity":{"type":"in_vehicle"},"extras":{},"_":"&id=11436686&lat=6.0996657&lon=-75.6378395&timestamp=2026-06-04T18:29:43.995Z&"},"device_id":"11436686"}
2026-06-04 13:29:44  INFO: [T7679cba9: osmand > 127.0.0.1] HTTP/1.1 200 OK\r\ncontent-length: 0\r\n\r\n
2026-06-04 13:29:47  INFO: [T7679cba9] id: 11436686, time: 2026-06-04 13:29:43, lat: 6.09966, lon: -75.63784, speed: 2.5, course: 294.2, accuracy: 16.6
2026-06-04 13:29:47  INFO: [T7679cba9] id: 11436686, time: 2026-06-04 13:29:43, lat: 6.09967, lon: -75.63784, speed: 2.6, course: 311.5, accuracy: 16.8
2026-06-04 13:29:50  INFO: [T7679cba9: osmand < 127.0.0.1] POST /client-proxy/ HTTP/1.1\r\nUser-Agent: okhttp/4.12.0\r\nAccept-Encoding: gzip\r\nContent-Type: application/json; charset=utf-8\r\nX-Forwarded-For: 37.10.108.122\r\nX-Forwarded-Host: arrive-legible-reexamine.ngrok-free.dev\r\nX-Forwarded-Proto: https\r\nVia: 1.1 DESKTOP-MAR70HE\r\nForwarded: by="[0:0:0:0:0:0:0:1]";for="[0:0:0:0:0:0:0:1]";host="arrive-legible-reexamine.ngrok-free.dev";proto=http\r\nHost: localhost:5055\r\nContent-Length: 398\r\n\r\n
2026-06-04 13:29:50  INFO: [T7679cba9: osmand < 127.0.0.1] {"location":{"timestamp":"2026-06-04T18:29:49.697Z","coords":{"latitude":6.0996561,"longitude":-75.6378398,"accuracy":11.95,"speed":0.77,"heading":90,"altitude":1797.3},"is_moving":true,"odometer":609.32,"battery":{"level":0.23,"is_charging":false},"activity":{"type":"still"},"extras":{},"_":"&id=11436686&lat=6.0996561&lon=-75.6378398&timestamp=2026-06-04T18:29:49.697Z&"},"device_id":"11436686"}
2026-06-04 13:29:50  INFO: [T7679cba9: osmand > 127.0.0.1] HTTP/1.1 200 OK\r\ncontent-length: 0\r\n\r\n
2026-06-04 13:29:53  INFO: [T7679cba9] id: 11436686, time: 2026-06-04 13:29:49, lat: 6.09966, lon: -75.63784, speed: 1.5, course: 90.0, accuracy: 12.0
2026-06-04 13:29:55  INFO: [T7679cba9: osmand < 127.0.0.1] POST /client-proxy/ HTTP/1.1\r\nUser-Agent: okhttp/4.12.0\r\nAccept-Encoding: gzip\r\nContent-Type: application/json; charset=utf-8\r\nX-Forwarded-For: 37.10.108.122\r\nX-Forwarded-Host: arrive-legible-reexamine.ngrok-free.dev\r\nX-Forwarded-Proto: https\r\nVia: 1.1 DESKTOP-MAR70HE\r\nForwarded: by="[0:0:0:0:0:0:0:1]";for="[0:0:0:0:0:0:0:1]";host="arrive-legible-reexamine.ngrok-free.dev";proto=http\r\nHost: localhost:5055\r\nContent-Length: 398\r\n\r\n
2026-06-04 13:29:55  INFO: [T7679cba9: osmand < 127.0.0.1] {"location":{"timestamp":"2026-06-04T18:29:54.102Z","coords":{"latitude":6.0996512,"longitude":-75.6378324,"accuracy":12.02,"speed":1.08,"heading":90,"altitude":1797.3},"is_moving":true,"odometer":611.87,"battery":{"level":0.23,"is_charging":false},"activity":{"type":"still"},"extras":{},"_":"&id=11436686&lat=6.0996512&lon=-75.6378324&timestamp=2026-06-04T18:29:54.102Z&"},"device_id":"11436686"}
2026-06-04 13:29:55  INFO: [T7679cba9: osmand > 127.0.0.1] HTTP/1.1 200 OK\r\ncontent-length: 0\r\n\r\n
2026-06-04 13:29:55  INFO: [T7679cba9: osmand < 127.0.0.1] POST /client-proxy/ HTTP/1.1\r\nUser-Agent: okhttp/4.12.0\r\nAccept-Encoding: gzip\r\nContent-Type: application/json; charset=utf-8\r\nX-Forwarded-For: 37.10.108.122\r\nX-Forwarded-Host: arrive-legible-reexamine.ngrok-free.dev\r\nX-Forwarded-Proto: https\r\nVia: 1.1 DESKTOP-MAR70HE\r\nForwarded: by="[0:0:0:0:0:0:0:1]";for="[0:0:0:0:0:0:0:1]";host="arrive-legible-reexamine.ngrok-free.dev";proto=http\r\nHost: localhost:5055\r\nContent-Length: 402\r\n\r\n
2026-06-04 13:29:55  INFO: [T7679cba9: osmand < 127.0.0.1] {"location":{"timestamp":"2026-06-04T18:29:55.031Z","coords":{"latitude":6.0996492,"longitude":-75.6378267,"accuracy":13.99,"speed":1.17,"heading":105.49,"altitude":1797.3},"is_moving":true,"odometer":612.54,"battery":{"level":0.23,"is_charging":false},"activity":{"type":"still"},"extras":{},"_":"&id=11436686&lat=6.0996492&lon=-75.6378267&timestamp=2026-06-04T18:29:55.031Z&"},"device_id":"11436686"}
2026-06-04 13:29:55  INFO: [T7679cba9: osmand > 127.0.0.1] HTTP/1.1 200 OK\r\ncontent-length: 0\r\n\r\n
2026-06-04 13:29:58  INFO: Event id: 11436686, time: 2026-06-04 13:29:54, type: deviceStopped, notifications: 0
2026-06-04 13:29:58  INFO: [T7679cba9] id: 11436686, time: 2026-06-04 13:29:54, lat: 6.09965, lon: -75.63783, speed: 2.1, course: 90.0, accuracy: 12.0
2026-06-04 13:29:58  INFO: [T7679cba9] id: 11436686, time: 2026-06-04 13:29:55, lat: 6.09965, lon: -75.63783, speed: 2.3, course: 105.5, accuracy: 14.0
2026-06-04 13:29:59  INFO: [T7679cba9: osmand < 127.0.0.1] POST /client-proxy/ HTTP/1.1\r\nUser-Agent: okhttp/4.12.0\r\nAccept-Encoding: gzip\r\nContent-Type: application/json; charset=utf-8\r\nX-Forwarded-For: 37.10.108.122\r\nX-Forwarded-Host: arrive-legible-reexamine.ngrok-free.dev\r\nX-Forwarded-Proto: https\r\nVia: 1.1 DESKTOP-MAR70HE\r\nForwarded: by="[0:0:0:0:0:0:0:1]";for="[0:0:0:0:0:0:0:1]";host="arrive-legible-reexamine.ngrok-free.dev";proto=http\r\nHost: localhost:5055\r\nContent-Length: 399\r\n\r\n
2026-06-04 13:29:59  INFO: [T7679cba9: osmand < 127.0.0.1] {"location":{"timestamp":"2026-06-04T18:29:58.994Z","coords":{"latitude":6.099648,"longitude":-75.6378077,"accuracy":14.75,"speed":1.2,"heading":101.34,"altitude":1797.3},"is_moving":true,"odometer":614.93,"battery":{"level":0.23,"is_charging":false},"activity":{"type":"still"},"extras":{},"_":"&id=11436686&lat=6.099648&lon=-75.6378077&timestamp=2026-06-04T18:29:58.994Z&"},"device_id":"11436686"}
2026-06-04 13:29:59  INFO: [T7679cba9: osmand > 127.0.0.1] HTTP/1.1 200 OK\r\ncontent-length: 0\r\n\r\n
2026-06-04 13:30:02  INFO: [T7679cba9] id: 11436686, time: 2026-06-04 13:29:58, lat: 6.09965, lon: -75.63781, speed: 2.3, course: 101.3, accuracy: 14.8
2026-06-04 13:30:04  INFO: [T7679cba9: osmand < 127.0.0.1] POST /client-proxy/ HTTP/1.1\r\nUser-Agent: okhttp/4.12.0\r\nAccept-Encoding: gzip\r\nContent-Type: application/json; charset=utf-8\r\nX-Forwarded-For: 37.10.108.122\r\nX-Forwarded-Host: arrive-legible-reexamine.ngrok-free.dev\r\nX-Forwarded-Proto: https\r\nVia: 1.1 DESKTOP-MAR70HE\r\nForwarded: by="[0:0:0:0:0:0:0:1]";for="[0:0:0:0:0:0:0:1]";host="arrive-legible-reexamine.ngrok-free.dev";proto=http\r\nHost: localhost:5055\r\nContent-Length: 401\r\n\r\n
2026-06-04 13:30:04  INFO: [T7679cba9: osmand < 127.0.0.1] {"location":{"timestamp":"2026-06-04T18:30:04.088Z","coords":{"latitude":6.0996492,"longitude":-75.6378057,"accuracy":14.4,"speed":0.85,"heading":107.78,"altitude":1797.3},"is_moving":true,"odometer":616.08,"battery":{"level":0.23,"is_charging":false},"activity":{"type":"still"},"extras":{},"_":"&id=11436686&lat=6.0996492&lon=-75.6378057&timestamp=2026-06-04T18:30:04.088Z&"},"device_id":"11436686"}
2026-06-04 13:30:04  INFO: [T7679cba9: osmand > 127.0.0.1] HTTP/1.1 200 OK\r\ncontent-length: 0\r\n\r\n
2026-06-04 13:30:06  INFO: [T7679cba9: osmand < 127.0.0.1] POST /client-proxy/ HTTP/1.1\r\nUser-Agent: okhttp/4.12.0\r\nAccept-Encoding: gzip\r\nContent-Type: application/json; charset=utf-8\r\nX-Forwarded-For: 37.10.108.122\r\nX-Forwarded-Host: arrive-legible-reexamine.ngrok-free.dev\r\nX-Forwarded-Proto: https\r\nVia: 1.1 DESKTOP-MAR70HE\r\nForwarded: by="[0:0:0:0:0:0:0:1]";for="[0:0:0:0:0:0:0:1]";host="arrive-legible-reexamine.ngrok-free.dev";proto=http\r\nHost: localhost:5055\r\nContent-Length: 399\r\n\r\n
2026-06-04 13:30:06  INFO: [T7679cba9: osmand < 127.0.0.1] {"location":{"timestamp":"2026-06-04T18:30:05.830Z","coords":{"latitude":6.0996411,"longitude":-75.6377858,"accuracy":13.77,"speed":1,"heading":110.14,"altitude":1797.4},"is_moving":true,"odometer":617.49,"battery":{"level":0.23,"is_charging":false},"activity":{"type":"still"},"extras":{},"_":"&id=11436686&lat=6.0996411&lon=-75.6377858&timestamp=2026-06-04T18:30:05.830Z&"},"device_id":"11436686"}
2026-06-04 13:30:06  INFO: [T7679cba9: osmand > 127.0.0.1] HTTP/1.1 200 OK\r\ncontent-length: 0\r\n\r\n
2026-06-04 13:30:06  INFO: [T7679cba9: osmand < 127.0.0.1] POST /client-proxy/ HTTP/1.1\r\nUser-Agent: okhttp/4.12.0\r\nAccept-Encoding: gzip\r\nContent-Type: application/json; charset=utf-8\r\nX-Forwarded-For: 37.10.108.122\r\nX-Forwarded-Host: arrive-legible-reexamine.ngrok-free.dev\r\nX-Forwarded-Proto: https\r\nVia: 1.1 DESKTOP-MAR70HE\r\nForwarded: by="[0:0:0:0:0:0:0:1]";for="[0:0:0:0:0:0:0:1]";host="arrive-legible-reexamine.ngrok-free.dev";proto=http\r\nHost: localhost:5055\r\nContent-Length: 401\r\n\r\n
2026-06-04 13:30:06  INFO: [T7679cba9: osmand < 127.0.0.1] {"location":{"timestamp":"2026-06-04T18:30:06.061Z","coords":{"latitude":6.0996334,"longitude":-75.6378049,"accuracy":13.16,"speed":0.6,"heading":136.61,"altitude":1797.4},"is_moving":true,"odometer":617.49,"battery":{"level":0.23,"is_charging":false},"activity":{"type":"still"},"extras":{},"_":"&id=11436686&lat=6.0996334&lon=-75.6378049&timestamp=2026-06-04T18:30:06.061Z&"},"device_id":"11436686"}
2026-06-04 13:30:06  INFO: [T7679cba9: osmand > 127.0.0.1] HTTP/1.1 200 OK\r\ncontent-length: 0\r\n\r\n
2026-06-04 13:30:07  INFO: [T7679cba9] id: 11436686, time: 2026-06-04 13:30:04, lat: 6.09965, lon: -75.63781, speed: 1.7, course: 107.8, accuracy: 14.4
2026-06-04 13:30:09  INFO: [T7679cba9] id: 11436686, time: 2026-06-04 13:30:05, lat: 6.09964, lon: -75.63779, speed: 1.9, course: 110.1, accuracy: 13.8
2026-06-04 13:30:09  INFO: [T7679cba9: osmand < 127.0.0.1] POST /client-proxy/ HTTP/1.1\r\nUser-Agent: okhttp/4.12.0\r\nAccept-Encoding: gzip\r\nContent-Type: application/json; charset=utf-8\r\nX-Forwarded-For: 37.10.108.122\r\nX-Forwarded-Host: arrive-legible-reexamine.ngrok-free.dev\r\nX-Forwarded-Proto: https\r\nVia: 1.1 DESKTOP-MAR70HE\r\nForwarded: by="[0:0:0:0:0:0:0:1]";for="[0:0:0:0:0:0:0:1]";host="arrive-legible-reexamine.ngrok-free.dev";proto=http\r\nHost: localhost:5055\r\nContent-Length: 400\r\n\r\n
2026-06-04 13:30:09  INFO: [T7679cba9: osmand < 127.0.0.1] {"location":{"timestamp":"2026-06-04T18:30:09.081Z","coords":{"latitude":6.0996247,"longitude":-75.637786,"accuracy":13.19,"speed":0.81,"heading":124.29,"altitude":1797.4},"is_moving":true,"odometer":617.49,"battery":{"level":0.23,"is_charging":false},"activity":{"type":"still"},"extras":{},"_":"&id=11436686&lat=6.0996247&lon=-75.637786&timestamp=2026-06-04T18:30:09.081Z&"},"device_id":"11436686"}
2026-06-04 13:30:09  INFO: [T7679cba9: osmand > 127.0.0.1] HTTP/1.1 200 OK\r\ncontent-length: 0\r\n\r\n
2026-06-04 13:30:09  INFO: [T7679cba9] id: 11436686, time: 2026-06-04 13:30:06, lat: 6.09963, lon: -75.63780, speed: 1.2, course: 136.6, accuracy: 13.2
2026-06-04 13:30:12  INFO: [T7679cba9] id: 11436686, time: 2026-06-04 13:30:09, lat: 6.09962, lon: -75.63779, speed: 1.6, course: 124.3, accuracy: 13.2
2026-06-04 13:30:15  INFO: [T7679cba9: osmand < 127.0.0.1] POST /client-proxy/ HTTP/1.1\r\nUser-Agent: okhttp/4.12.0\r\nAccept-Encoding: gzip\r\nContent-Type: application/json; charset=utf-8\r\nX-Forwarded-For: 37.10.108.122\r\nX-Forwarded-Host: arrive-legible-reexamine.ngrok-free.dev\r\nX-Forwarded-Proto: https\r\nVia: 1.1 DESKTOP-MAR70HE\r\nForwarded: by="[0:0:0:0:0:0:0:1]";for="[0:0:0:0:0:0:0:1]";host="arrive-legible-reexamine.ngrok-free.dev";proto=http\r\nHost: localhost:5055\r\nContent-Length: 398\r\n\r\n
2026-06-04 13:30:15  INFO: [T7679cba9: osmand < 127.0.0.1] {"location":{"timestamp":"2026-06-04T18:30:15.004Z","coords":{"latitude":6.0996158,"longitude":-75.63777,"accuracy":11.32,"speed":0.46,"heading":119.81,"altitude":1797.3},"is_moving":true,"odometer":617.49,"battery":{"level":0.23,"is_charging":false},"activity":{"type":"still"},"extras":{},"_":"&id=11436686&lat=6.0996158&lon=-75.63777&timestamp=2026-06-04T18:30:15.004Z&"},"device_id":"11436686"}
2026-06-04 13:30:15  INFO: [T7679cba9: osmand > 127.0.0.1] HTTP/1.1 200 OK\r\ncontent-length: 0\r\n\r\n
2026-06-04 13:30:18  INFO: [T7679cba9] id: 11436686, time: 2026-06-04 13:30:15, lat: 6.09962, lon: -75.63777, speed: 0.9, course: 119.8, accuracy: 11.3
2026-06-04 13:30:21  INFO: [T7679cba9: osmand < 127.0.0.1] POST /client-proxy/ HTTP/1.1\r\nUser-Agent: okhttp/4.12.0\r\nAccept-Encoding: gzip\r\nContent-Type: application/json; charset=utf-8\r\nX-Forwarded-For: 37.10.108.122\r\nX-Forwarded-Host: arrive-legible-reexamine.ngrok-free.dev\r\nX-Forwarded-Proto: https\r\nVia: 1.1 DESKTOP-MAR70HE\r\nForwarded: by="[0:0:0:0:0:0:0:1]";for="[0:0:0:0:0:0:0:1]";host="arrive-legible-reexamine.ngrok-free.dev";proto=http\r\nHost: localhost:5055\r\nContent-Length: 401\r\n\r\n
2026-06-04 13:30:21  INFO: [T7679cba9: osmand < 127.0.0.1] {"location":{"timestamp":"2026-06-04T18:30:21.041Z","coords":{"latitude":6.0996126,"longitude":-75.6377562,"accuracy":9.59,"speed":0.66,"heading":115.33,"altitude":1797.3},"is_moving":true,"odometer":617.49,"battery":{"level":0.23,"is_charging":false},"activity":{"type":"still"},"extras":{},"_":"&id=11436686&lat=6.0996126&lon=-75.6377562&timestamp=2026-06-04T18:30:21.041Z&"},"device_id":"11436686"}
2026-06-04 13:30:21  INFO: [T7679cba9: osmand > 127.0.0.1] HTTP/1.1 200 OK\r\ncontent-length: 0\r\n\r\n
2026-06-04 13:30:22  INFO: [T7679cba9: osmand < 127.0.0.1] POST /client-proxy/ HTTP/1.1\r\nUser-Agent: okhttp/4.12.0\r\nAccept-Encoding: gzip\r\nContent-Type: application/json; charset=utf-8\r\nX-Forwarded-For: 37.10.108.122\r\nX-Forwarded-Host: arrive-legible-reexamine.ngrok-free.dev\r\nX-Forwarded-Proto: https\r\nVia: 1.1 DESKTOP-MAR70HE\r\nForwarded: by="[0:0:0:0:0:0:0:1]";for="[0:0:0:0:0:0:0:1]";host="arrive-legible-reexamine.ngrok-free.dev";proto=http\r\nHost: localhost:5055\r\nContent-Length: 401\r\n\r\n
2026-06-04 13:30:22  INFO: [T7679cba9: osmand < 127.0.0.1] {"location":{"timestamp":"2026-06-04T18:30:22.086Z","coords":{"latitude":6.0996141,"longitude":-75.6377743,"accuracy":9.72,"speed":0.52,"heading":127.46,"altitude":1797.5},"is_moving":true,"odometer":617.49,"battery":{"level":0.23,"is_charging":false},"activity":{"type":"still"},"extras":{},"_":"&id=11436686&lat=6.0996141&lon=-75.6377743&timestamp=2026-06-04T18:30:22.086Z&"},"device_id":"11436686"}
2026-06-04 13:30:22  INFO: [T7679cba9: osmand > 127.0.0.1] HTTP/1.1 200 OK\r\ncontent-length: 0\r\n\r\n
2026-06-04 13:30:24  INFO: [T7679cba9] id: 11436686, time: 2026-06-04 13:30:21, lat: 6.09961, lon: -75.63776, speed: 1.3, course: 115.3
2026-06-04 13:30:25  INFO: [T7679cba9: osmand < 127.0.0.1] POST /client-proxy/ HTTP/1.1\r\nUser-Agent: okhttp/4.12.0\r\nAccept-Encoding: gzip\r\nContent-Type: application/json; charset=utf-8\r\nX-Forwarded-For: 37.10.108.122\r\nX-Forwarded-Host: arrive-legible-reexamine.ngrok-free.dev\r\nX-Forwarded-Proto: https\r\nVia: 1.1 DESKTOP-MAR70HE\r\nForwarded: by="[0:0:0:0:0:0:0:1]";for="[0:0:0:0:0:0:0:1]";host="arrive-legible-reexamine.ngrok-free.dev";proto=http\r\nHost: localhost:5055\r\nContent-Length: 402\r\n\r\n
2026-06-04 13:30:25  INFO: [T7679cba9: osmand < 127.0.0.1] {"location":{"timestamp":"2026-06-04T18:30:24.993Z","coords":{"latitude":6.0996113,"longitude":-75.6377564,"accuracy":10.56,"speed":0.71,"heading":115.52,"altitude":1797.5},"is_moving":true,"odometer":617.49,"battery":{"level":0.23,"is_charging":false},"activity":{"type":"still"},"extras":{},"_":"&id=11436686&lat=6.0996113&lon=-75.6377564&timestamp=2026-06-04T18:30:24.993Z&"},"device_id":"11436686"}
2026-06-04 13:30:25  INFO: [T7679cba9: osmand > 127.0.0.1] HTTP/1.1 200 OK\r\ncontent-length: 0\r\n\r\n
2026-06-04 13:30:25  INFO: [T7679cba9] id: 11436686, time: 2026-06-04 13:30:22, lat: 6.09961, lon: -75.63777, speed: 1.0, course: 127.5
2026-06-04 13:30:28  INFO: [T7679cba9] id: 11436686, time: 2026-06-04 13:30:24, lat: 6.09961, lon: -75.63776, speed: 1.4, course: 115.5, accuracy: 10.6
2026-06-04 13:30:29  INFO: [T7679cba9: osmand < 127.0.0.1] POST /client-proxy/ HTTP/1.1\r\nUser-Agent: okhttp/4.12.0\r\nAccept-Encoding: gzip\r\nContent-Type: application/json; charset=utf-8\r\nX-Forwarded-For: 37.10.108.122\r\nX-Forwarded-Host: arrive-legible-reexamine.ngrok-free.dev\r\nX-Forwarded-Proto: https\r\nVia: 1.1 DESKTOP-MAR70HE\r\nForwarded: by="[0:0:0:0:0:0:0:1]";for="[0:0:0:0:0:0:0:1]";host="arrive-legible-reexamine.ngrok-free.dev";proto=http\r\nHost: localhost:5055\r\nContent-Length: 401\r\n\r\n
2026-06-04 13:30:29  INFO: [T7679cba9: osmand < 127.0.0.1] {"location":{"timestamp":"2026-06-04T18:30:29.053Z","coords":{"latitude":6.0996116,"longitude":-75.6377309,"accuracy":13.2,"speed":0.89,"heading":102.13,"altitude":1797.5},"is_moving":true,"odometer":617.49,"battery":{"level":0.23,"is_charging":false},"activity":{"type":"still"},"extras":{},"_":"&id=11436686&lat=6.0996116&lon=-75.6377309&timestamp=2026-06-04T18:30:29.053Z&"},"device_id":"11436686"}
2026-06-04 13:30:29  INFO: [T7679cba9: osmand > 127.0.0.1] HTTP/1.1 200 OK\r\ncontent-length: 0\r\n\r\n
2026-06-04 13:30:30  INFO: [T7679cba9: osmand < 127.0.0.1] POST /client-proxy/ HTTP/1.1\r\nUser-Agent: okhttp/4.12.0\r\nAccept-Encoding: gzip\r\nContent-Type: application/json; charset=utf-8\r\nX-Forwarded-For: 37.10.108.122\r\nX-Forwarded-Host: arrive-legible-reexamine.ngrok-free.dev\r\nX-Forwarded-Proto: https\r\nVia: 1.1 DESKTOP-MAR70HE\r\nForwarded: by="[0:0:0:0:0:0:0:1]";for="[0:0:0:0:0:0:0:1]";host="arrive-legible-reexamine.ngrok-free.dev";proto=http\r\nHost: localhost:5055\r\nContent-Length: 401\r\n\r\n
2026-06-04 13:30:30  INFO: [T7679cba9: osmand < 127.0.0.1] {"location":{"timestamp":"2026-06-04T18:30:30.098Z","coords":{"latitude":6.0996138,"longitude":-75.6377684,"accuracy":13.6,"speed":0.52,"heading":116.96,"altitude":1798.1},"is_moving":true,"odometer":617.49,"battery":{"level":0.23,"is_charging":false},"activity":{"type":"still"},"extras":{},"_":"&id=11436686&lat=6.0996138&lon=-75.6377684&timestamp=2026-06-04T18:30:30.098Z&"},"device_id":"11436686"}
2026-06-04 13:30:30  INFO: [T7679cba9: osmand > 127.0.0.1] HTTP/1.1 200 OK\r\ncontent-length: 0\r\n\r\n
2026-06-04 13:30:32  INFO: [T7679cba9] id: 11436686, time: 2026-06-04 13:30:29, lat: 6.09961, lon: -75.63773, speed: 1.7, course: 102.1, accuracy: 13.2
2026-06-04 13:30:33  INFO: [T7679cba9] id: 11436686, time: 2026-06-04 13:30:30, lat: 6.09961, lon: -75.63777, speed: 1.0, course: 117.0, accuracy: 13.6
2026-06-04 13:30:34  INFO: [T7679cba9: osmand < 127.0.0.1] POST /client-proxy/ HTTP/1.1\r\nUser-Agent: okhttp/4.12.0\r\nAccept-Encoding: gzip\r\nContent-Type: application/json; charset=utf-8\r\nX-Forwarded-For: 37.10.108.122\r\nX-Forwarded-Host: arrive-legible-reexamine.ngrok-free.dev\r\nX-Forwarded-Proto: https\r\nVia: 1.1 DESKTOP-MAR70HE\r\nForwarded: by="[0:0:0:0:0:0:0:1]";for="[0:0:0:0:0:0:0:1]";host="arrive-legible-reexamine.ngrok-free.dev";proto=http\r\nHost: localhost:5055\r\nContent-Length: 402\r\n\r\n
2026-06-04 13:30:34  INFO: [T7679cba9: osmand < 127.0.0.1] {"location":{"timestamp":"2026-06-04T18:30:34.046Z","coords":{"latitude":6.0996132,"longitude":-75.6377496,"accuracy":12.24,"speed":0.71,"heading":104.13,"altitude":1798.1},"is_moving":true,"odometer":617.49,"battery":{"level":0.23,"is_charging":false},"activity":{"type":"still"},"extras":{},"_":"&id=11436686&lat=6.0996132&lon=-75.6377496&timestamp=2026-06-04T18:30:34.046Z&"},"device_id":"11436686"}
2026-06-04 13:30:34  INFO: [T7679cba9: osmand > 127.0.0.1] HTTP/1.1 200 OK\r\ncontent-length: 0\r\n\r\n
2026-06-04 13:30:36  INFO: [T7679cba9: osmand < 127.0.0.1] POST /client-proxy/ HTTP/1.1\r\nUser-Agent: okhttp/4.12.0\r\nAccept-Encoding: gzip\r\nContent-Type: application/json; charset=utf-8\r\nX-Forwarded-For: 37.10.108.122\r\nX-Forwarded-Host: arrive-legible-reexamine.ngrok-free.dev\r\nX-Forwarded-Proto: https\r\nVia: 1.1 DESKTOP-MAR70HE\r\nForwarded: by="[0:0:0:0:0:0:0:1]";for="[0:0:0:0:0:0:0:1]";host="arrive-legible-reexamine.ngrok-free.dev";proto=http\r\nHost: localhost:5055\r\nContent-Length: 397\r\n\r\n
2026-06-04 13:30:36  INFO: [T7679cba9: osmand < 127.0.0.1] {"location":{"timestamp":"2026-06-04T18:30:36.021Z","coords":{"latitude":6.09962,"longitude":-75.6377725,"accuracy":12.26,"speed":0.52,"heading":70.66,"altitude":1797.5},"is_moving":true,"odometer":617.49,"battery":{"level":0.23,"is_charging":false},"activity":{"type":"still"},"extras":{},"_":"&id=11436686&lat=6.09962&lon=-75.6377725&timestamp=2026-06-04T18:30:36.021Z&"},"device_id":"11436686"}
2026-06-04 13:30:36  INFO: [T7679cba9: osmand > 127.0.0.1] HTTP/1.1 200 OK\r\ncontent-length: 0\r\n\r\n
2026-06-04 13:30:37  INFO: [T7679cba9] id: 11436686, time: 2026-06-04 13:30:34, lat: 6.09961, lon: -75.63775, speed: 1.4, course: 104.1, accuracy: 12.2
2026-06-04 13:30:39  INFO: [T7679cba9] id: 11436686, time: 2026-06-04 13:30:36, lat: 6.09962, lon: -75.63777, speed: 1.0, course: 70.7, accuracy: 12.3
2026-06-04 13:30:40  INFO: [T7679cba9: osmand < 127.0.0.1] POST /client-proxy/ HTTP/1.1\r\nUser-Agent: okhttp/4.12.0\r\nAccept-Encoding: gzip\r\nContent-Type: application/json; charset=utf-8\r\nX-Forwarded-For: 37.10.108.122\r\nX-Forwarded-Host: arrive-legible-reexamine.ngrok-free.dev\r\nX-Forwarded-Proto: https\r\nVia: 1.1 DESKTOP-MAR70HE\r\nForwarded: by="[0:0:0:0:0:0:0:1]";for="[0:0:0:0:0:0:0:1]";host="arrive-legible-reexamine.ngrok-free.dev";proto=http\r\nHost: localhost:5055\r\nContent-Length: 400\r\n\r\n
2026-06-04 13:30:40  INFO: [T7679cba9: osmand < 127.0.0.1] {"location":{"timestamp":"2026-06-04T18:30:39.993Z","coords":{"latitude":6.0996226,"longitude":-75.6377485,"accuracy":12.27,"speed":0.83,"heading":82.9,"altitude":1797.5},"is_moving":true,"odometer":617.49,"battery":{"level":0.23,"is_charging":false},"activity":{"type":"still"},"extras":{},"_":"&id=11436686&lat=6.0996226&lon=-75.6377485&timestamp=2026-06-04T18:30:39.993Z&"},"device_id":"11436686"}
2026-06-04 13:30:40  INFO: [T7679cba9: osmand > 127.0.0.1] HTTP/1.1 200 OK\r\ncontent-length: 0\r\n\r\n
2026-06-04 13:30:40  INFO: [T7679cba9: osmand < 127.0.0.1] POST /client-proxy/ HTTP/1.1\r\nUser-Agent: okhttp/4.12.0\r\nAccept-Encoding: gzip\r\nContent-Type: application/json; charset=utf-8\r\nX-Forwarded-For: 37.10.108.122\r\nX-Forwarded-Host: arrive-legible-reexamine.ngrok-free.dev\r\nX-Forwarded-Proto: https\r\nVia: 1.1 DESKTOP-MAR70HE\r\nForwarded: by="[0:0:0:0:0:0:0:1]";for="[0:0:0:0:0:0:0:1]";host="arrive-legible-reexamine.ngrok-free.dev";proto=http\r\nHost: localhost:5055\r\nContent-Length: 398\r\n\r\n
2026-06-04 13:30:40  INFO: [T7679cba9: osmand < 127.0.0.1] {"location":{"timestamp":"2026-06-04T18:30:40.450Z","coords":{"latitude":6.0996215,"longitude":-75.6377766,"accuracy":11.56,"speed":0.52,"heading":90,"altitude":1798.1},"is_moving":true,"odometer":617.49,"battery":{"level":0.23,"is_charging":false},"activity":{"type":"still"},"extras":{},"_":"&id=11436686&lat=6.0996215&lon=-75.6377766&timestamp=2026-06-04T18:30:40.450Z&"},"device_id":"11436686"}
2026-06-04 13:30:40  INFO: [T7679cba9: osmand > 127.0.0.1] HTTP/1.1 200 OK\r\ncontent-length: 0\r\n\r\n
2026-06-04 13:30:43  INFO: [T7679cba9] id: 11436686, time: 2026-06-04 13:30:39, lat: 6.09962, lon: -75.63775, speed: 1.6, course: 82.9, accuracy: 12.3
2026-06-04 13:30:43  INFO: [T7679cba9] id: 11436686, time: 2026-06-04 13:30:40, lat: 6.09962, lon: -75.63778, speed: 1.0, course: 90.0, accuracy: 11.6
2026-06-04 13:30:45  INFO: [T7679cba9: osmand < 127.0.0.1] POST /client-proxy/ HTTP/1.1\r\nUser-Agent: okhttp/4.12.0\r\nAccept-Encoding: gzip\r\nContent-Type: application/json; charset=utf-8\r\nX-Forwarded-For: 37.10.108.122\r\nX-Forwarded-Host: arrive-legible-reexamine.ngrok-free.dev\r\nX-Forwarded-Proto: https\r\nVia: 1.1 DESKTOP-MAR70HE\r\nForwarded: by="[0:0:0:0:0:0:0:1]";for="[0:0:0:0:0:0:0:1]";host="arrive-legible-reexamine.ngrok-free.dev";proto=http\r\nHost: localhost:5055\r\nContent-Length: 401\r\n\r\n
2026-06-04 13:30:45  INFO: [T7679cba9: osmand < 127.0.0.1] {"location":{"timestamp":"2026-06-04T18:30:45.078Z","coords":{"latitude":6.0996209,"longitude":-75.6377579,"accuracy":11.71,"speed":0.55,"heading":85.68,"altitude":1798.1},"is_moving":true,"odometer":617.49,"battery":{"level":0.23,"is_charging":false},"activity":{"type":"still"},"extras":{},"_":"&id=11436686&lat=6.0996209&lon=-75.6377579&timestamp=2026-06-04T18:30:45.078Z&"},"device_id":"11436686"}
2026-06-04 13:30:45  INFO: [T7679cba9: osmand > 127.0.0.1] HTTP/1.1 200 OK\r\ncontent-length: 0\r\n\r\n
2026-06-04 13:30:48  INFO: [T7679cba9] id: 11436686, time: 2026-06-04 13:30:45, lat: 6.09962, lon: -75.63776, speed: 1.1, course: 85.7, accuracy: 11.7
2026-06-04 13:30:51  INFO: [T7679cba9: osmand < 127.0.0.1] POST /client-proxy/ HTTP/1.1\r\nUser-Agent: okhttp/4.12.0\r\nAccept-Encoding: gzip\r\nContent-Type: application/json; charset=utf-8\r\nX-Forwarded-For: 37.10.108.122\r\nX-Forwarded-Host: arrive-legible-reexamine.ngrok-free.dev\r\nX-Forwarded-Proto: https\r\nVia: 1.1 DESKTOP-MAR70HE\r\nForwarded: by="[0:0:0:0:0:0:0:1]";for="[0:0:0:0:0:0:0:1]";host="arrive-legible-reexamine.ngrok-free.dev";proto=http\r\nHost: localhost:5055\r\nContent-Length: 402\r\n\r\n
2026-06-04 13:30:51  INFO: [T7679cba9: osmand < 127.0.0.1] {"location":{"timestamp":"2026-06-04T18:30:51.001Z","coords":{"latitude":6.0996191,"longitude":-75.6377608,"accuracy":10.26,"speed":0.46,"heading":100.29,"altitude":1797.4},"is_moving":true,"odometer":617.49,"battery":{"level":0.23,"is_charging":false},"activity":{"type":"still"},"extras":{},"_":"&id=11436686&lat=6.0996191&lon=-75.6377608&timestamp=2026-06-04T18:30:51.001Z&"},"device_id":"11436686"}
2026-06-04 13:30:51  INFO: [T7679cba9: osmand > 127.0.0.1] HTTP/1.1 200 OK\r\ncontent-length: 0\r\n\r\n
2026-06-04 13:30:52  INFO: [T7679cba9: osmand < 127.0.0.1] POST /client-proxy/ HTTP/1.1\r\nUser-Agent: okhttp/4.12.0\r\nAccept-Encoding: gzip\r\nContent-Type: application/json; charset=utf-8\r\nX-Forwarded-For: 37.10.108.122\r\nX-Forwarded-Host: arrive-legible-reexamine.ngrok-free.dev\r\nX-Forwarded-Proto: https\r\nVia: 1.1 DESKTOP-MAR70HE\r\nForwarded: by="[0:0:0:0:0:0:0:1]";for="[0:0:0:0:0:0:0:1]";host="arrive-legible-reexamine.ngrok-free.dev";proto=http\r\nHost: localhost:5055\r\nContent-Length: 397\r\n\r\n
2026-06-04 13:30:52  INFO: [T7679cba9: osmand < 127.0.0.1] {"location":{"timestamp":"2026-06-04T18:30:52.046Z","coords":{"latitude":6.0996196,"longitude":-75.6377809,"accuracy":9.83,"speed":0.35,"heading":90,"altitude":1797.4},"is_moving":true,"odometer":617.49,"battery":{"level":0.23,"is_charging":false},"activity":{"type":"still"},"extras":{},"_":"&id=11436686&lat=6.0996196&lon=-75.6377809&timestamp=2026-06-04T18:30:52.046Z&"},"device_id":"11436686"}
2026-06-04 13:30:52  INFO: [T7679cba9: osmand > 127.0.0.1] HTTP/1.1 200 OK\r\ncontent-length: 0\r\n\r\n
2026-06-04 13:30:54  INFO: [T7679cba9] id: 11436686, time: 2026-06-04 13:30:51, lat: 6.09962, lon: -75.63776, speed: 0.9, course: 100.3, accuracy: 10.3
2026-06-04 13:30:55  INFO: [T7679cba9] id: 11436686, time: 2026-06-04 13:30:52, lat: 6.09962, lon: -75.63778, speed: 0.7, course: 90.0
2026-06-04 13:30:58  INFO: [T7679cba9: osmand < 127.0.0.1] POST /client-proxy/ HTTP/1.1\r\nUser-Agent: okhttp/4.12.0\r\nAccept-Encoding: gzip\r\nContent-Type: application/json; charset=utf-8\r\nX-Forwarded-For: 37.10.108.122\r\nX-Forwarded-Host: arrive-legible-reexamine.ngrok-free.dev\r\nX-Forwarded-Proto: https\r\nVia: 1.1 DESKTOP-MAR70HE\r\nForwarded: by="[0:0:0:0:0:0:0:1]";for="[0:0:0:0:0:0:0:1]";host="arrive-legible-reexamine.ngrok-free.dev";proto=http\r\nHost: localhost:5055\r\nContent-Length: 399\r\n\r\n
2026-06-04 13:30:58  INFO: [T7679cba9: osmand < 127.0.0.1] {"location":{"timestamp":"2026-06-04T18:30:58.083Z","coords":{"latitude":6.0996231,"longitude":-75.6377791,"accuracy":9.3,"speed":0.45,"heading":85.23,"altitude":1797.6},"is_moving":true,"odometer":617.49,"battery":{"level":0.23,"is_charging":false},"activity":{"type":"still"},"extras":{},"_":"&id=11436686&lat=6.0996231&lon=-75.6377791&timestamp=2026-06-04T18:30:58.083Z&"},"device_id":"11436686"}
2026-06-04 13:30:58  INFO: [T7679cba9: osmand > 127.0.0.1] HTTP/1.1 200 OK\r\ncontent-length: 0\r\n\r\n
2026-06-04 13:31:01  INFO: [T7679cba9] id: 11436686, time: 2026-06-04 13:30:58, lat: 6.09962, lon: -75.63778, speed: 0.9, course: 85.2
2026-06-04 13:31:04  INFO: [T7679cba9: osmand < 127.0.0.1] POST /client-proxy/ HTTP/1.1\r\nUser-Agent: okhttp/4.12.0\r\nAccept-Encoding: gzip\r\nContent-Type: application/json; charset=utf-8\r\nX-Forwarded-For: 37.10.108.122\r\nX-Forwarded-Host: arrive-legible-reexamine.ngrok-free.dev\r\nX-Forwarded-Proto: https\r\nVia: 1.1 DESKTOP-MAR70HE\r\nForwarded: by="[0:0:0:0:0:0:0:1]";for="[0:0:0:0:0:0:0:1]";host="arrive-legible-reexamine.ngrok-free.dev";proto=http\r\nHost: localhost:5055\r\nContent-Length: 400\r\n\r\n
2026-06-04 13:31:04  INFO: [T7679cba9: osmand < 127.0.0.1] {"location":{"timestamp":"2026-06-04T18:31:04.007Z","coords":{"latitude":6.0996228,"longitude":-75.6377726,"accuracy":8.81,"speed":0.38,"heading":82.47,"altitude":1797.6},"is_moving":true,"odometer":617.49,"battery":{"level":0.23,"is_charging":false},"activity":{"type":"still"},"extras":{},"_":"&id=11436686&lat=6.0996228&lon=-75.6377726&timestamp=2026-06-04T18:31:04.007Z&"},"device_id":"11436686"}
2026-06-04 13:31:04  INFO: [T7679cba9: osmand > 127.0.0.1] HTTP/1.1 200 OK\r\ncontent-length: 0\r\n\r\n
2026-06-04 13:31:07  INFO: [T7679cba9] id: 11436686, time: 2026-06-04 13:31:04, lat: 6.09962, lon: -75.63777, speed: 0.7, course: 82.5
2026-06-04 13:31:10  INFO: [T7679cba9: osmand < 127.0.0.1] POST /client-proxy/ HTTP/1.1\r\nUser-Agent: okhttp/4.12.0\r\nAccept-Encoding: gzip\r\nContent-Type: application/json; charset=utf-8\r\nX-Forwarded-For: 37.10.108.122\r\nX-Forwarded-Host: arrive-legible-reexamine.ngrok-free.dev\r\nX-Forwarded-Proto: https\r\nVia: 1.1 DESKTOP-MAR70HE\r\nForwarded: by="[0:0:0:0:0:0:0:1]";for="[0:0:0:0:0:0:0:1]";host="arrive-legible-reexamine.ngrok-free.dev";proto=http\r\nHost: localhost:5055\r\nContent-Length: 400\r\n\r\n
2026-06-04 13:31:10  INFO: [T7679cba9: osmand < 127.0.0.1] {"location":{"timestamp":"2026-06-04T18:31:10.045Z","coords":{"latitude":6.0996325,"longitude":-75.6377782,"accuracy":9.28,"speed":0.37,"heading":10.01,"altitude":1797.3},"is_moving":true,"odometer":617.49,"battery":{"level":0.23,"is_charging":false},"activity":{"type":"still"},"extras":{},"_":"&id=11436686&lat=6.0996325&lon=-75.6377782&timestamp=2026-06-04T18:31:10.045Z&"},"device_id":"11436686"}
2026-06-04 13:31:10  INFO: [T7679cba9: osmand > 127.0.0.1] HTTP/1.1 200 OK\r\ncontent-length: 0\r\n\r\n
2026-06-04 13:31:13  INFO: [T7679cba9: osmand < 127.0.0.1] POST /client-proxy/ HTTP/1.1\r\nUser-Agent: okhttp/4.12.0\r\nAccept-Encoding: gzip\r\nContent-Type: application/json; charset=utf-8\r\nX-Forwarded-For: 37.10.108.122\r\nX-Forwarded-Host: arrive-legible-reexamine.ngrok-free.dev\r\nX-Forwarded-Proto: https\r\nVia: 1.1 DESKTOP-MAR70HE\r\nForwarded: by="[0:0:0:0:0:0:0:1]";for="[0:0:0:0:0:0:0:1]";host="arrive-legible-reexamine.ngrok-free.dev";proto=http\r\nHost: localhost:5055\r\nContent-Length: 399\r\n\r\n
2026-06-04 13:31:13  INFO: [T7679cba9: osmand < 127.0.0.1] {"location":{"timestamp":"2026-06-04T18:31:13.063Z","coords":{"latitude":6.099641,"longitude":-75.6377946,"accuracy":9.15,"speed":0.37,"heading":306.95,"altitude":1797.3},"is_moving":true,"odometer":617.49,"battery":{"level":0.23,"is_charging":false},"activity":{"type":"still"},"extras":{},"_":"&id=11436686&lat=6.099641&lon=-75.6377946&timestamp=2026-06-04T18:31:13.063Z&"},"device_id":"11436686"}
2026-06-04 13:31:13  INFO: [T7679cba9: osmand > 127.0.0.1] HTTP/1.1 200 OK\r\ncontent-length: 0\r\n\r\n
2026-06-04 13:31:13  INFO: [T7679cba9] id: 11436686, time: 2026-06-04 13:31:10, lat: 6.09963, lon: -75.63778, speed: 0.7, course: 10.0
2026-06-04 13:31:16  INFO: [T7679cba9] id: 11436686, time: 2026-06-04 13:31:13, lat: 6.09964, lon: -75.63779, speed: 0.7, course: 307.0
2026-06-04 13:31:18  INFO: [T7679cba9: osmand < 127.0.0.1] POST /client-proxy/ HTTP/1.1\r\nUser-Agent: okhttp/4.12.0\r\nAccept-Encoding: gzip\r\nContent-Type: application/json; charset=utf-8\r\nX-Forwarded-For: 37.10.108.122\r\nX-Forwarded-Host: arrive-legible-reexamine.ngrok-free.dev\r\nX-Forwarded-Proto: https\r\nVia: 1.1 DESKTOP-MAR70HE\r\nForwarded: by="[0:0:0:0:0:0:0:1]";for="[0:0:0:0:0:0:0:1]";host="arrive-legible-reexamine.ngrok-free.dev";proto=http\r\nHost: localhost:5055\r\nContent-Length: 401\r\n\r\n{"location":{"timestamp":"2026-06-04T18:31:18.056Z","coords":{"latitude":6.09964
2026-06-04 13:31:18  INFO: [T7679cba9: osmand < 127.0.0.1] 36,"longitude":-75.6377798,"accuracy":9.89,"speed":0.47,"heading":352.68,"altitude":1797.3},"is_moving":true,"odometer":617.49,"battery":{"level":0.23,"is_charging":false},"activity":{"type":"still"},"extras":{},"_":"&id=11436686&lat=6.0996436&lon=-75.6377798&timestamp=2026-06-04T18:31:18.056Z&"},"device_id":"11436686"}
2026-06-04 13:31:18  INFO: [T7679cba9: osmand > 127.0.0.1] HTTP/1.1 200 OK\r\ncontent-length: 0\r\n\r\n
2026-06-04 13:31:18  INFO: [T7679cba9: osmand < 127.0.0.1] POST /client-proxy/ HTTP/1.1\r\nUser-Agent: okhttp/4.12.0\r\nAccept-Encoding: gzip\r\nContent-Type: application/json; charset=utf-8\r\nX-Forwarded-For: 37.10.108.122\r\nX-Forwarded-Host: arrive-legible-reexamine.ngrok-free.dev\r\nX-Forwarded-Proto: https\r\nVia: 1.1 DESKTOP-MAR70HE\r\nForwarded: by="[0:0:0:0:0:0:0:1]";for="[0:0:0:0:0:0:0:1]";host="arrive-legible-reexamine.ngrok-free.dev";proto=http\r\nHost: localhost:5055\r\nContent-Length: 398\r\n\r\n
2026-06-04 13:31:18  INFO: [T7679cba9: osmand < 127.0.0.1] {"location":{"timestamp":"2026-06-04T18:31:18.173Z","coords":{"latitude":6.099643,"longitude":-75.6377768,"accuracy":10.25,"speed":0.43,"heading":2.15,"altitude":1797.3},"is_moving":true,"odometer":617.49,"battery":{"level":0.23,"is_charging":false},"activity":{"type":"still"},"extras":{},"_":"&id=11436686&lat=6.099643&lon=-75.6377768&timestamp=2026-06-04T18:31:18.173Z&"},"device_id":"11436686"}
2026-06-04 13:31:18  INFO: [T7679cba9: osmand > 127.0.0.1] HTTP/1.1 200 OK\r\ncontent-length: 0\r\n\r\n
2026-06-04 13:31:19  INFO: [T7679cba9: osmand < 127.0.0.1] POST /client-proxy/ HTTP/1.1\r\nUser-Agent: okhttp/4.12.0\r\nAccept-Encoding: gzip\r\nContent-Type: application/json; charset=utf-8\r\nX-Forwarded-For: 37.10.108.122\r\nX-Forwarded-Host: arrive-legible-reexamine.ngrok-free.dev\r\nX-Forwarded-Proto: https\r\nVia: 1.1 DESKTOP-MAR70HE\r\nForwarded: by="[0:0:0:0:0:0:0:1]";for="[0:0:0:0:0:0:0:1]";host="arrive-legible-reexamine.ngrok-free.dev";proto=http\r\nHost: localhost:5055\r\nContent-Length: 402\r\n\r\n
2026-06-04 13:31:19  INFO: [T7679cba9: osmand < 127.0.0.1] {"location":{"timestamp":"2026-06-04T18:31:19.101Z","coords":{"latitude":6.0996409,"longitude":-75.6377966,"accuracy":10.08,"speed":0.37,"heading":292.82,"altitude":1797.3},"is_moving":true,"odometer":617.49,"battery":{"level":0.23,"is_charging":false},"activity":{"type":"still"},"extras":{},"_":"&id=11436686&lat=6.0996409&lon=-75.6377966&timestamp=2026-06-04T18:31:19.101Z&"},"device_id":"11436686"}
2026-06-04 13:31:19  INFO: [T7679cba9: osmand > 127.0.0.1] HTTP/1.1 200 OK\r\ncontent-length: 0\r\n\r\n
2026-06-04 13:31:21  INFO: [T7679cba9] id: 11436686, time: 2026-06-04 13:31:18, lat: 6.09964, lon: -75.63778, speed: 0.9, course: 352.7
2026-06-04 13:31:21  INFO: [T7679cba9] id: 11436686, time: 2026-06-04 13:31:18, lat: 6.09964, lon: -75.63778, speed: 0.8, course: 2.2, accuracy: 10.3
2026-06-04 13:31:22  INFO: [T7679cba9] id: 11436686, time: 2026-06-04 13:31:19, lat: 6.09964, lon: -75.63780, speed: 0.7, course: 292.8, accuracy: 10.1
2026-06-04 13:31:25  INFO: [T7679cba9: osmand < 127.0.0.1] POST /client-proxy/ HTTP/1.1\r\nUser-Agent: okhttp/4.12.0\r\nAccept-Encoding: gzip\r\nContent-Type: application/json; charset=utf-8\r\nX-Forwarded-For: 37.10.108.122\r\nX-Forwarded-Host: arrive-legible-reexamine.ngrok-free.dev\r\nX-Forwarded-Proto: https\r\nVia: 1.1 DESKTOP-MAR70HE\r\nForwarded: by="[0:0:0:0:0:0:0:1]";for="[0:0:0:0:0:0:0:1]";host="arrive-legible-reexamine.ngrok-free.dev";proto=http\r\nHost: localhost:5055\r\nContent-Length: 400\r\n\r\n
2026-06-04 13:31:25  INFO: [T7679cba9: osmand < 127.0.0.1] {"location":{"timestamp":"2026-06-04T18:31:25.024Z","coords":{"latitude":6.0996393,"longitude":-75.637803,"accuracy":10.29,"speed":0.57,"heading":276.26,"altitude":1797.3},"is_moving":true,"odometer":617.49,"battery":{"level":0.23,"is_charging":false},"activity":{"type":"still"},"extras":{},"_":"&id=11436686&lat=6.0996393&lon=-75.637803&timestamp=2026-06-04T18:31:25.024Z&"},"device_id":"11436686"}
2026-06-04 13:31:25  INFO: [T7679cba9: osmand > 127.0.0.1] HTTP/1.1 200 OK\r\ncontent-length: 0\r\n\r\n
2026-06-04 13:31:28  INFO: [T7679cba9] id: 11436686, time: 2026-06-04 13:31:25, lat: 6.09964, lon: -75.63780, speed: 1.1, course: 276.3, accuracy: 10.3
2026-06-04 13:31:31  INFO: [T7679cba9: osmand < 127.0.0.1] POST /client-proxy/ HTTP/1.1\r\nUser-Agent: okhttp/4.12.0\r\nAccept-Encoding: gzip\r\nContent-Type: application/json; charset=utf-8\r\nX-Forwarded-For: 37.10.108.122\r\nX-Forwarded-Host: arrive-legible-reexamine.ngrok-free.dev\r\nX-Forwarded-Proto: https\r\nVia: 1.1 DESKTOP-MAR70HE\r\nForwarded: by="[0:0:0:0:0:0:0:1]";for="[0:0:0:0:0:0:0:1]";host="arrive-legible-reexamine.ngrok-free.dev";proto=http\r\nHost: localhost:5055\r\nContent-Length: 402\r\n\r\n
2026-06-04 13:31:31  INFO: [T7679cba9: osmand < 127.0.0.1] {"location":{"timestamp":"2026-06-04T18:31:31.061Z","coords":{"latitude":6.0996465,"longitude":-75.6377944,"accuracy":14.94,"speed":0.78,"heading":301.37,"altitude":1797.3},"is_moving":true,"odometer":617.49,"battery":{"level":0.23,"is_charging":false},"activity":{"type":"still"},"extras":{},"_":"&id=11436686&lat=6.0996465&lon=-75.6377944&timestamp=2026-06-04T18:31:31.061Z&"},"device_id":"11436686"}
2026-06-04 13:31:31  INFO: [T7679cba9: osmand > 127.0.0.1] HTTP/1.1 200 OK\r\ncontent-length: 0\r\n\r\n
2026-06-04 13:31:32  INFO: [T7679cba9: osmand < 127.0.0.1] POST /client-proxy/ HTTP/1.1\r\nUser-Agent: okhttp/4.12.0\r\nAccept-Encoding: gzip\r\nContent-Type: application/json; charset=utf-8\r\nX-Forwarded-For: 37.10.108.122\r\nX-Forwarded-Host: arrive-legible-reexamine.ngrok-free.dev\r\nX-Forwarded-Proto: https\r\nVia: 1.1 DESKTOP-MAR70HE\r\nForwarded: by="[0:0:0:0:0:0:0:1]";for="[0:0:0:0:0:0:0:1]";host="arrive-legible-reexamine.ngrok-free.dev";proto=http\r\nHost: localhost:5055\r\nContent-Length: 401\r\n\r\n
2026-06-04 13:31:32  INFO: [T7679cba9: osmand < 127.0.0.1] {"location":{"timestamp":"2026-06-04T18:31:32.107Z","coords":{"latitude":6.0996391,"longitude":-75.6378165,"accuracy":15.1,"speed":0.49,"heading":258.28,"altitude":1797.3},"is_moving":true,"odometer":617.49,"battery":{"level":0.23,"is_charging":false},"activity":{"type":"still"},"extras":{},"_":"&id=11436686&lat=6.0996391&lon=-75.6378165&timestamp=2026-06-04T18:31:32.107Z&"},"device_id":"11436686"}
2026-06-04 13:31:32  INFO: [T7679cba9: osmand > 127.0.0.1] HTTP/1.1 200 OK\r\ncontent-length: 0\r\n\r\n
2026-06-04 13:31:34  INFO: [T7679cba9] id: 11436686, time: 2026-06-04 13:31:31, lat: 6.09965, lon: -75.63779, speed: 1.5, course: 301.4, accuracy: 14.9
2026-06-04 13:31:35  INFO: [T7679cba9] id: 11436686, time: 2026-06-04 13:31:32, lat: 6.09964, lon: -75.63782, speed: 1.0, course: 258.3, accuracy: 15.1
2026-06-04 13:31:38  INFO: [T7679cba9: osmand < 127.0.0.1] POST /client-proxy/ HTTP/1.1\r\nUser-Agent: okhttp/4.12.0\r\nAccept-Encoding: gzip\r\nContent-Type: application/json; charset=utf-8\r\nX-Forwarded-For: 37.10.108.122\r\nX-Forwarded-Host: arrive-legible-reexamine.ngrok-free.dev\r\nX-Forwarded-Proto: https\r\nVia: 1.1 DESKTOP-MAR70HE\r\nForwarded: by="[0:0:0:0:0:0:0:1]";for="[0:0:0:0:0:0:0:1]";host="arrive-legible-reexamine.ngrok-free.dev";proto=http\r\nHost: localhost:5055\r\nContent-Length: 400\r\n\r\n
2026-06-04 13:31:38  INFO: [T7679cba9: osmand < 127.0.0.1] {"location":{"timestamp":"2026-06-04T18:31:37.680Z","coords":{"latitude":6.099644,"longitude":-75.6378087,"accuracy":12.34,"speed":0.65,"heading":261.73,"altitude":1797.3},"is_moving":true,"odometer":617.49,"battery":{"level":0.23,"is_charging":false},"activity":{"type":"still"},"extras":{},"_":"&id=11436686&lat=6.099644&lon=-75.6378087&timestamp=2026-06-04T18:31:37.680Z&"},"device_id":"11436686"}
2026-06-04 13:31:38  INFO: [T7679cba9: osmand > 127.0.0.1] HTTP/1.1 200 OK\r\ncontent-length: 0\r\n\r\n
2026-06-04 13:31:41  INFO: [T7679cba9] id: 11436686, time: 2026-06-04 13:31:37, lat: 6.09964, lon: -75.63781, speed: 1.3, course: 261.7, accuracy: 12.3
2026-06-04 13:31:43  INFO: [T7679cba9: osmand < 127.0.0.1] POST /client-proxy/ HTTP/1.1\r\nUser-Agent: okhttp/4.12.0\r\nAccept-Encoding: gzip\r\nContent-Type: application/json; charset=utf-8\r\nX-Forwarded-For: 37.10.108.122\r\nX-Forwarded-Host: arrive-legible-reexamine.ngrok-free.dev\r\nX-Forwarded-Proto: https\r\nVia: 1.1 DESKTOP-MAR70HE\r\nForwarded: by="[0:0:0:0:0:0:0:1]";for="[0:0:0:0:0:0:0:1]";host="arrive-legible-reexamine.ngrok-free.dev";proto=http\r\nHost: localhost:5055\r\nContent-Length: 402\r\n\r\n{"location":{"timestamp":"2026-06-04T18:31:43.02
2026-06-04 13:31:43  INFO: [T7679cba9: osmand < 127.0.0.1] 1Z","coords":{"latitude":6.0996328,"longitude":-75.6378257,"accuracy":11.44,"speed":0.53,"heading":249.33,"altitude":1797.3},"is_moving":true,"odometer":617.49,"battery":{"level":0.23,"is_charging":false},"activity":{"type":"still"},"extras":{},"_":"&id=11436686&lat=6.0996328&lon=-75.6378257&timestamp=2026-06-04T18:31:43.021Z&"},"device_id":"11436686"}
2026-06-04 13:31:43  INFO: [T7679cba9: osmand > 127.0.0.1] HTTP/1.1 200 OK\r\ncontent-length: 0\r\n\r\n
2026-06-04 13:31:46  INFO: [T7679cba9] id: 11436686, time: 2026-06-04 13:31:43, lat: 6.09963, lon: -75.63783, speed: 1.0, course: 249.3, accuracy: 11.4
2026-06-04 13:31:48  INFO: [T7679cba9: osmand < 127.0.0.1] POST /client-proxy/ HTTP/1.1\r\nUser-Agent: okhttp/4.12.0\r\nAccept-Encoding: gzip\r\nContent-Type: application/json; charset=utf-8\r\nX-Forwarded-For: 37.10.108.122\r\nX-Forwarded-Host: arrive-legible-reexamine.ngrok-free.dev\r\nX-Forwarded-Proto: https\r\nVia: 1.1 DESKTOP-MAR70HE\r\nForwarded: by="[0:0:0:0:0:0:0:1]";for="[0:0:0:0:0:0:0:1]";host="arrive-legible-reexamine.ngrok-free.dev";proto=http\r\nHost: localhost:5055\r\nContent-Length: 402\r\n\r\n
2026-06-04 13:31:48  INFO: [T7679cba9: osmand < 127.0.0.1] {"location":{"timestamp":"2026-06-04T18:31:48.480Z","coords":{"latitude":6.0996375,"longitude":-75.6378189,"accuracy":10.28,"speed":0.37,"heading":253.99,"altitude":1797.5},"is_moving":true,"odometer":617.49,"battery":{"level":0.23,"is_charging":false},"activity":{"type":"still"},"extras":{},"_":"&id=11436686&lat=6.0996375&lon=-75.6378189&timestamp=2026-06-04T18:31:48.480Z&"},"device_id":"11436686"}
2026-06-04 13:31:48  INFO: [T7679cba9: osmand > 127.0.0.1] HTTP/1.1 200 OK\r\ncontent-length: 0\r\n\r\n
2026-06-04 13:31:51  INFO: [T7679cba9] id: 11436686, time: 2026-06-04 13:31:48, lat: 6.09964, lon: -75.63782, speed: 0.7, course: 254.0, accuracy: 10.3
2026-06-04 13:31:54  INFO: [T7679cba9: osmand < 127.0.0.1] POST /client-proxy/ HTTP/1.1\r\nUser-Agent: okhttp/4.12.0\r\nAccept-Encoding: gzip\r\nContent-Type: application/json; charset=utf-8\r\nX-Forwarded-For: 37.10.108.122\r\nX-Forwarded-Host: arrive-legible-reexamine.ngrok-free.dev\r\nX-Forwarded-Proto: https\r\nVia: 1.1 DESKTOP-MAR70HE\r\nForwarded: by="[0:0:0:0:0:0:0:1]";for="[0:0:0:0:0:0:0:1]";host="arrive-legible-reexamine.ngrok-free.dev";proto=http\r\nHost: localhost:5055\r\nContent-Length: 401\r\n\r\n
2026-06-04 13:31:54  INFO: [T7679cba9: osmand < 127.0.0.1] {"location":{"timestamp":"2026-06-04T18:31:53.007Z","coords":{"latitude":6.0996492,"longitude":-75.6378255,"accuracy":9.06,"speed":0.38,"heading":293.04,"altitude":1797.5},"is_moving":true,"odometer":617.49,"battery":{"level":0.23,"is_charging":false},"activity":{"type":"still"},"extras":{},"_":"&id=11436686&lat=6.0996492&lon=-75.6378255&timestamp=2026-06-04T18:31:53.007Z&"},"device_id":"11436686"}
2026-06-04 13:31:54  INFO: [T7679cba9: osmand > 127.0.0.1] HTTP/1.1 200 OK\r\ncontent-length: 0\r\n\r\n
2026-06-04 13:31:54  INFO: [T7679cba9: osmand < 127.0.0.1] POST /client-proxy/ HTTP/1.1\r\nUser-Agent: okhttp/4.12.0\r\nAccept-Encoding: gzip\r\nContent-Type: application/json; charset=utf-8\r\nX-Forwarded-For: 37.10.108.122\r\nX-Forwarded-Host: arrive-legible-reexamine.ngrok-free.dev\r\nX-Forwarded-Proto: https\r\nVia: 1.1 DESKTOP-MAR70HE\r\nForwarded: by="[0:0:0:0:0:0:0:1]";for="[0:0:0:0:0:0:0:1]";host="arrive-legible-reexamine.ngrok-free.dev";proto=http\r\nHost: localhost:5055\r\nContent-Length: 401\r\n\r\n
2026-06-04 13:31:54  INFO: [T7679cba9: osmand < 127.0.0.1] {"location":{"timestamp":"2026-06-04T18:31:53.506Z","coords":{"latitude":6.0996522,"longitude":-75.6378314,"accuracy":8.58,"speed":0.39,"heading":293.34,"altitude":1797.5},"is_moving":true,"odometer":617.49,"battery":{"level":0.23,"is_charging":false},"activity":{"type":"still"},"extras":{},"_":"&id=11436686&lat=6.0996522&lon=-75.6378314&timestamp=2026-06-04T18:31:53.506Z&"},"device_id":"11436686"}
2026-06-04 13:31:54  INFO: [T7679cba9: osmand > 127.0.0.1] HTTP/1.1 200 OK\r\ncontent-length: 0\r\n\r\n
2026-06-04 13:31:57  INFO: [T7679cba9] id: 11436686, time: 2026-06-04 13:31:53, lat: 6.09965, lon: -75.63783, speed: 0.7, course: 293.0
2026-06-04 13:31:57  INFO: [T7679cba9] id: 11436686, time: 2026-06-04 13:31:53, lat: 6.09965, lon: -75.63783, speed: 0.8, course: 293.3
2026-06-04 13:31:59  INFO: [T7679cba9: osmand < 127.0.0.1] POST /client-proxy/ HTTP/1.1\r\nUser-Agent: okhttp/4.12.0\r\nAccept-Encoding: gzip\r\nContent-Type: application/json; charset=utf-8\r\nX-Forwarded-For: 37.10.108.122\r\nX-Forwarded-Host: arrive-legible-reexamine.ngrok-free.dev\r\nX-Forwarded-Proto: https\r\nVia: 1.1 DESKTOP-MAR70HE\r\nForwarded: by="[0:0:0:0:0:0:0:1]";for="[0:0:0:0:0:0:0:1]";host="arrive-legible-reexamine.ngrok-free.dev";proto=http\r\nHost: localhost:5055\r\nContent-Length: 401\r\n\r\n
2026-06-04 13:31:59  INFO: [T7679cba9: osmand < 127.0.0.1] {"location":{"timestamp":"2026-06-04T18:31:59.046Z","coords":{"latitude":6.0996564,"longitude":-75.6378264,"accuracy":9.04,"speed":0.37,"heading":310.45,"altitude":1797.5},"is_moving":true,"odometer":617.49,"battery":{"level":0.23,"is_charging":false},"activity":{"type":"still"},"extras":{},"_":"&id=11436686&lat=6.0996564&lon=-75.6378264&timestamp=2026-06-04T18:31:59.046Z&"},"device_id":"11436686"}
2026-06-04 13:31:59  INFO: [T7679cba9: osmand > 127.0.0.1] HTTP/1.1 200 OK\r\ncontent-length: 0\r\n\r\n
2026-06-04 13:32:02  INFO: [T7679cba9] id: 11436686, time: 2026-06-04 13:31:59, lat: 6.09966, lon: -75.63783, speed: 0.7, course: 310.5
2026-06-04 13:32:04  INFO: [T7679cba9: osmand < 127.0.0.1] POST /client-proxy/ HTTP/1.1\r\nUser-Agent: okhttp/4.12.0\r\nAccept-Encoding: gzip\r\nContent-Type: application/json; charset=utf-8\r\nX-Forwarded-For: 37.10.108.122\r\nX-Forwarded-Host: arrive-legible-reexamine.ngrok-free.dev\r\nX-Forwarded-Proto: https\r\nVia: 1.1 DESKTOP-MAR70HE\r\nForwarded: by="[0:0:0:0:0:0:0:1]";for="[0:0:0:0:0:0:0:1]";host="arrive-legible-reexamine.ngrok-free.dev";proto=http\r\nHost: localhost:5055\r\nContent-Length: 401\r\n\r\n
2026-06-04 13:32:04  INFO: [T7679cba9: osmand < 127.0.0.1] {"location":{"timestamp":"2026-06-04T18:32:04.388Z","coords":{"latitude":6.0996638,"longitude":-75.6378272,"accuracy":9.47,"speed":0.65,"heading":334.07,"altitude":1797.4},"is_moving":true,"odometer":617.49,"battery":{"level":0.23,"is_charging":false},"activity":{"type":"still"},"extras":{},"_":"&id=11436686&lat=6.0996638&lon=-75.6378272&timestamp=2026-06-04T18:32:04.388Z&"},"device_id":"11436686"}
2026-06-04 13:32:04  INFO: [T7679cba9: osmand > 127.0.0.1] HTTP/1.1 200 OK\r\ncontent-length: 0\r\n\r\n
2026-06-04 13:32:07  INFO: [T7679cba9] id: 11436686, time: 2026-06-04 13:32:04, lat: 6.09966, lon: -75.63783, speed: 1.3, course: 334.1
2026-06-04 13:32:10  INFO: [T7679cba9: osmand < 127.0.0.1] POST /client-proxy/ HTTP/1.1\r\nUser-Agent: okhttp/4.12.0\r\nAccept-Encoding: gzip\r\nContent-Type: application/json; charset=utf-8\r\nX-Forwarded-For: 37.10.108.122\r\nX-Forwarded-Host: arrive-legible-reexamine.ngrok-free.dev\r\nX-Forwarded-Proto: https\r\nVia: 1.1 DESKTOP-MAR70HE\r\nForwarded: by="[0:0:0:0:0:0:0:1]";for="[0:0:0:0:0:0:0:1]";host="arrive-legible-reexamine.ngrok-free.dev";proto=http\r\nHost: localhost:5055\r\nContent-Length: 401\r\n\r\n
2026-06-04 13:32:10  INFO: [T7679cba9: osmand < 127.0.0.1] {"location":{"timestamp":"2026-06-04T18:32:09.032Z","coords":{"latitude":6.0996644,"longitude":-75.6378343,"accuracy":10.8,"speed":0.79,"heading":333.46,"altitude":1797.4},"is_moving":true,"odometer":617.49,"battery":{"level":0.23,"is_charging":false},"activity":{"type":"still"},"extras":{},"_":"&id=11436686&lat=6.0996644&lon=-75.6378343&timestamp=2026-06-04T18:32:09.032Z&"},"device_id":"11436686"}
2026-06-04 13:32:10  INFO: [T7679cba9: osmand > 127.0.0.1] HTTP/1.1 200 OK\r\ncontent-length: 0\r\n\r\n
2026-06-04 13:32:10  INFO: [T7679cba9: osmand < 127.0.0.1] POST /client-proxy/ HTTP/1.1\r\nUser-Agent: okhttp/4.12.0\r\nAccept-Encoding: gzip\r\nContent-Type: application/json; charset=utf-8\r\nX-Forwarded-For: 37.10.108.122\r\nX-Forwarded-Host: arrive-legible-reexamine.ngrok-free.dev\r\nX-Forwarded-Proto: https\r\nVia: 1.1 DESKTOP-MAR70HE\r\nForwarded: by="[0:0:0:0:0:0:0:1]";for="[0:0:0:0:0:0:0:1]";host="arrive-legible-reexamine.ngrok-free.dev";proto=http\r\nHost: localhost:5055\r\nContent-Length: 402\r\n\r\n
2026-06-04 13:32:10  INFO: [T7679cba9: osmand < 127.0.0.1] {"location":{"timestamp":"2026-06-04T18:32:10.076Z","coords":{"latitude":6.0996664,"longitude":-75.6378312,"accuracy":11.86,"speed":0.82,"heading":345.02,"altitude":1797.4},"is_moving":true,"odometer":617.49,"battery":{"level":0.23,"is_charging":false},"activity":{"type":"still"},"extras":{},"_":"&id=11436686&lat=6.0996664&lon=-75.6378312&timestamp=2026-06-04T18:32:10.076Z&"},"device_id":"11436686"}
2026-06-04 13:32:10  INFO: [T7679cba9: osmand > 127.0.0.1] HTTP/1.1 200 OK\r\ncontent-length: 0\r\n\r\n
2026-06-04 13:32:13  INFO: [T7679cba9] id: 11436686, time: 2026-06-04 13:32:09, lat: 6.09966, lon: -75.63783, speed: 1.5, course: 333.5, accuracy: 10.8
2026-06-04 13:32:13  INFO: [T7679cba9] id: 11436686, time: 2026-06-04 13:32:10, lat: 6.09967, lon: -75.63783, speed: 1.6, course: 345.0, accuracy: 11.9
2026-06-04 13:32:15  INFO: [T7679cba9: osmand < 127.0.0.1] POST /client-proxy/ HTTP/1.1\r\nUser-Agent: okhttp/4.12.0\r\nAccept-Encoding: gzip\r\nContent-Type: application/json; charset=utf-8\r\nX-Forwarded-For: 37.10.108.122\r\nX-Forwarded-Host: arrive-legible-reexamine.ngrok-free.dev\r\nX-Forwarded-Proto: https\r\nVia: 1.1 DESKTOP-MAR70HE\r\nForwarded: by="[0:0:0:0:0:0:0:1]";for="[0:0:0:0:0:0:0:1]";host="arrive-legible-reexamine.ngrok-free.dev";proto=http\r\nHost: localhost:5055\r\nContent-Length: 401\r\n\r\n
2026-06-04 13:32:15  INFO: [T7679cba9: osmand < 127.0.0.1] {"location":{"timestamp":"2026-06-04T18:32:15.323Z","coords":{"latitude":6.0996627,"longitude":-75.6378218,"accuracy":11.57,"speed":0.36,"heading":28.31,"altitude":1797.3},"is_moving":true,"odometer":617.49,"battery":{"level":0.23,"is_charging":false},"activity":{"type":"still"},"extras":{},"_":"&id=11436686&lat=6.0996627&lon=-75.6378218&timestamp=2026-06-04T18:32:15.323Z&"},"device_id":"11436686"}
2026-06-04 13:32:15  INFO: [T7679cba9: osmand > 127.0.0.1] HTTP/1.1 200 OK\r\ncontent-length: 0\r\n\r\n
2026-06-04 13:32:18  INFO: [T7679cba9] id: 11436686, time: 2026-06-04 13:32:15, lat: 6.09966, lon: -75.63782, speed: 0.7, course: 28.3, accuracy: 11.6
2026-06-04 13:32:21  INFO: [T7679cba9: osmand < 127.0.0.1] POST /client-proxy/ HTTP/1.1\r\nUser-Agent: okhttp/4.12.0\r\nAccept-Encoding: gzip\r\nContent-Type: application/json; charset=utf-8\r\nX-Forwarded-For: 37.10.108.122\r\nX-Forwarded-Host: arrive-legible-reexamine.ngrok-free.dev\r\nX-Forwarded-Proto: https\r\nVia: 1.1 DESKTOP-MAR70HE\r\nForwarded: by="[0:0:0:0:0:0:0:1]";for="[0:0:0:0:0:0:0:1]";host="arrive-legible-reexamine.ngrok-free.dev";proto=http\r\nHost: localhost:5055\r\nContent-Length: 400\r\n\r\n
2026-06-04 13:32:21  INFO: [T7679cba9: osmand < 127.0.0.1] {"location":{"timestamp":"2026-06-04T18:32:17.991Z","coords":{"latitude":6.0996645,"longitude":-75.6378151,"accuracy":10.8,"speed":0.36,"heading":46.35,"altitude":1797.3},"is_moving":true,"odometer":617.49,"battery":{"level":0.23,"is_charging":false},"activity":{"type":"still"},"extras":{},"_":"&id=11436686&lat=6.0996645&lon=-75.6378151&timestamp=2026-06-04T18:32:17.991Z&"},"device_id":"11436686"}
2026-06-04 13:32:21  INFO: [T7679cba9: osmand > 127.0.0.1] HTTP/1.1 200 OK\r\ncontent-length: 0\r\n\r\n
2026-06-04 13:32:21  INFO: [T7679cba9: osmand < 127.0.0.1] POST /client-proxy/ HTTP/1.1\r\nUser-Agent: okhttp/4.12.0\r\nAccept-Encoding: gzip\r\nContent-Type: application/json; charset=utf-8\r\nX-Forwarded-For: 37.10.108.122\r\nX-Forwarded-Host: arrive-legible-reexamine.ngrok-free.dev\r\nX-Forwarded-Proto: https\r\nVia: 1.1 DESKTOP-MAR70HE\r\nForwarded: by="[0:0:0:0:0:0:0:1]";for="[0:0:0:0:0:0:0:1]";host="arrive-legible-reexamine.ngrok-free.dev";proto=http\r\nHost: localhost:5055\r\nContent-Length: 400\r\n\r\n
2026-06-04 13:32:21  INFO: [T7679cba9: osmand < 127.0.0.1] {"location":{"timestamp":"2026-06-04T18:32:20.993Z","coords":{"latitude":6.0996657,"longitude":-75.6378059,"accuracy":9.84,"speed":0.57,"heading":61.18,"altitude":1797.3},"is_moving":true,"odometer":617.49,"battery":{"level":0.23,"is_charging":false},"activity":{"type":"still"},"extras":{},"_":"&id=11436686&lat=6.0996657&lon=-75.6378059&timestamp=2026-06-04T18:32:20.993Z&"},"device_id":"11436686"}
2026-06-04 13:32:21  INFO: [T7679cba9: osmand > 127.0.0.1] HTTP/1.1 200 OK\r\ncontent-length: 0\r\n\r\n
2026-06-04 13:32:24  INFO: [T7679cba9] id: 11436686, time: 2026-06-04 13:32:17, lat: 6.09966, lon: -75.63782, speed: 0.7, course: 46.4, accuracy: 10.8
2026-06-04 13:32:24  INFO: [T7679cba9] id: 11436686, time: 2026-06-04 13:32:20, lat: 6.09967, lon: -75.63781, speed: 1.1, course: 61.2
2026-06-04 13:32:26  INFO: [T7679cba9: osmand < 127.0.0.1] POST /client-proxy/ HTTP/1.1\r\nUser-Agent: okhttp/4.12.0\r\nAccept-Encoding: gzip\r\nContent-Type: application/json; charset=utf-8\r\nX-Forwarded-For: 37.10.108.122\r\nX-Forwarded-Host: arrive-legible-reexamine.ngrok-free.dev\r\nX-Forwarded-Proto: https\r\nVia: 1.1 DESKTOP-MAR70HE\r\nForwarded: by="[0:0:0:0:0:0:0:1]";for="[0:0:0:0:0:0:0:1]";host="arrive-legible-reexamine.ngrok-free.dev";proto=http\r\nHost: localhost:5055\r\nContent-Length: 401\r\n\r\n
2026-06-04 13:32:26  INFO: [T7679cba9: osmand < 127.0.0.1] {"location":{"timestamp":"2026-06-04T18:32:26.221Z","coords":{"latitude":6.0996527,"longitude":-75.6378019,"accuracy":10.78,"speed":0.64,"heading":93.48,"altitude":1797.3},"is_moving":true,"odometer":617.49,"battery":{"level":0.23,"is_charging":false},"activity":{"type":"still"},"extras":{},"_":"&id=11436686&lat=6.0996527&lon=-75.6378019&timestamp=2026-06-04T18:32:26.221Z&"},"device_id":"11436686"}
2026-06-04 13:32:26  INFO: [T7679cba9: osmand > 127.0.0.1] HTTP/1.1 200 OK\r\ncontent-length: 0\r\n\r\n
2026-06-04 13:32:29  INFO: [T7679cba9] id: 11436686, time: 2026-06-04 13:32:26, lat: 6.09965, lon: -75.63780, speed: 1.2, course: 93.5, accuracy: 10.8
2026-06-04 13:32:31  INFO: [T7679cba9: osmand < 127.0.0.1] POST /client-proxy/ HTTP/1.1\r\nUser-Agent: okhttp/4.12.0\r\nAccept-Encoding: gzip\r\nContent-Type: application/json; charset=utf-8\r\nX-Forwarded-For: 37.10.108.122\r\nX-Forwarded-Host: arrive-legible-reexamine.ngrok-free.dev\r\nX-Forwarded-Proto: https\r\nVia: 1.1 DESKTOP-MAR70HE\r\nForwarded: by="[0:0:0:0:0:0:0:1]";for="[0:0:0:0:0:0:0:1]";host="arrive-legible-reexamine.ngrok-free.dev";proto=http\r\nHost: localhost:5055\r\nContent-Length: 401\r\n\r\n
2026-06-04 13:32:31  INFO: [T7679cba9: osmand < 127.0.0.1] {"location":{"timestamp":"2026-06-04T18:32:30.993Z","coords":{"latitude":6.0996543,"longitude":-75.6377808,"accuracy":12.75,"speed":0.87,"heading":90.92,"altitude":1797.3},"is_moving":true,"odometer":617.49,"battery":{"level":0.23,"is_charging":false},"activity":{"type":"still"},"extras":{},"_":"&id=11436686&lat=6.0996543&lon=-75.6377808&timestamp=2026-06-04T18:32:30.993Z&"},"device_id":"11436686"}
2026-06-04 13:32:31  INFO: [T7679cba9: osmand > 127.0.0.1] HTTP/1.1 200 OK\r\ncontent-length: 0\r\n\r\n
2026-06-04 13:32:34  INFO: [T7679cba9] id: 11436686, time: 2026-06-04 13:32:30, lat: 6.09965, lon: -75.63778, speed: 1.7, course: 90.9, accuracy: 12.8
2026-06-04 13:32:34  INFO: [T7679cba9: osmand < 127.0.0.1] POST /client-proxy/ HTTP/1.1\r\nUser-Agent: okhttp/4.12.0\r\nAccept-Encoding: gzip\r\nContent-Type: application/json; charset=utf-8\r\nX-Forwarded-For: 37.10.108.122\r\nX-Forwarded-Host: arrive-legible-reexamine.ngrok-free.dev\r\nX-Forwarded-Proto: https\r\nVia: 1.1 DESKTOP-MAR70HE\r\nForwarded: by="[0:0:0:0:0:0:0:1]";for="[0:0:0:0:0:0:0:1]";host="arrive-legible-reexamine.ngrok-free.dev";proto=http\r\nHost: localhost:5055\r\nContent-Length: 402\r\n\r\n
2026-06-04 13:32:34  INFO: [T7679cba9: osmand < 127.0.0.1] {"location":{"timestamp":"2026-06-04T18:32:34.624Z","coords":{"latitude":6.0996333,"longitude":-75.6377846,"accuracy":15.65,"speed":0.55,"heading":125.36,"altitude":1797.5},"is_moving":true,"odometer":617.49,"battery":{"level":0.23,"is_charging":false},"activity":{"type":"still"},"extras":{},"_":"&id=11436686&lat=6.0996333&lon=-75.6377846&timestamp=2026-06-04T18:32:34.624Z&"},"device_id":"11436686"}
2026-06-04 13:32:34  INFO: [T7679cba9: osmand > 127.0.0.1] HTTP/1.1 200 OK\r\ncontent-length: 0\r\n\r\n
2026-06-04 13:32:37  INFO: [T7679cba9] id: 11436686, time: 2026-06-04 13:32:34, lat: 6.09963, lon: -75.63778, speed: 1.1, course: 125.4, accuracy: 15.7
2026-06-04 13:32:39  INFO: [T7679cba9: osmand < 127.0.0.1] POST /client-proxy/ HTTP/1.1\r\nUser-Agent: okhttp/4.12.0\r\nAccept-Encoding: gzip\r\nContent-Type: application/json; charset=utf-8\r\nX-Forwarded-For: 37.10.108.122\r\nX-Forwarded-Host: arrive-legible-reexamine.ngrok-free.dev\r\nX-Forwarded-Proto: https\r\nVia: 1.1 DESKTOP-MAR70HE\r\nForwarded: by="[0:0:0:0:0:0:0:1]";for="[0:0:0:0:0:0:0:1]";host="arrive-legible-reexamine.ngrok-free.dev";proto=http\r\nHost: localhost:5055\r\nContent-Length: 401\r\n\r\n
2026-06-04 13:32:39  INFO: [T7679cba9: osmand < 127.0.0.1] {"location":{"timestamp":"2026-06-04T18:32:38.992Z","coords":{"latitude":6.0996347,"longitude":-75.6377663,"accuracy":12.9,"speed":0.76,"heading":110.74,"altitude":1797.5},"is_moving":true,"odometer":617.49,"battery":{"level":0.23,"is_charging":false},"activity":{"type":"still"},"extras":{},"_":"&id=11436686&lat=6.0996347&lon=-75.6377663&timestamp=2026-06-04T18:32:38.992Z&"},"device_id":"11436686"}
2026-06-04 13:32:39  INFO: [T7679cba9: osmand > 127.0.0.1] HTTP/1.1 200 OK\r\ncontent-length: 0\r\n\r\n
2026-06-04 13:32:41  INFO: [T7679cba9: osmand < 127.0.0.1] POST /client-proxy/ HTTP/1.1\r\nUser-Agent: okhttp/4.12.0\r\nAccept-Encoding: gzip\r\nContent-Type: application/json; charset=utf-8\r\nX-Forwarded-For: 37.10.108.122\r\nX-Forwarded-Host: arrive-legible-reexamine.ngrok-free.dev\r\nX-Forwarded-Proto: https\r\nVia: 1.1 DESKTOP-MAR70HE\r\nForwarded: by="[0:0:0:0:0:0:0:1]";for="[0:0:0:0:0:0:0:1]";host="arrive-legible-reexamine.ngrok-free.dev";proto=http\r\nHost: localhost:5055\r\nContent-Length: 402\r\n\r\n
2026-06-04 13:32:41  INFO: [T7679cba9: osmand < 127.0.0.1] {"location":{"timestamp":"2026-06-04T18:32:40.034Z","coords":{"latitude":6.0996339,"longitude":-75.6377634,"accuracy":13.08,"speed":0.76,"heading":106.84,"altitude":1797.5},"is_moving":true,"odometer":617.49,"battery":{"level":0.23,"is_charging":false},"activity":{"type":"still"},"extras":{},"_":"&id=11436686&lat=6.0996339&lon=-75.6377634&timestamp=2026-06-04T18:32:40.034Z&"},"device_id":"11436686"}
2026-06-04 13:32:41  INFO: [T7679cba9: osmand > 127.0.0.1] HTTP/1.1 200 OK\r\ncontent-length: 0\r\n\r\n
2026-06-04 13:32:41  INFO: [T7679cba9: osmand < 127.0.0.1] POST /client-proxy/ HTTP/1.1\r\nUser-Agent: okhttp/4.12.0\r\nAccept-Encoding: gzip\r\nContent-Type: application/json; charset=utf-8\r\nX-Forwarded-For: 37.10.108.122\r\nX-Forwarded-Host: arrive-legible-reexamine.ngrok-free.dev\r\nX-Forwarded-Proto: https\r\nVia: 1.1 DESKTOP-MAR70HE\r\nForwarded: by="[0:0:0:0:0:0:0:1]";for="[0:0:0:0:0:0:0:1]";host="arrive-legible-reexamine.ngrok-free.dev";proto=http\r\nHost: localhost:5055\r\nContent-Length: 402\r\n\r\n
2026-06-04 13:32:41  INFO: [T7679cba9: osmand < 127.0.0.1] {"location":{"timestamp":"2026-06-04T18:32:41.080Z","coords":{"latitude":6.0996287,"longitude":-75.6377851,"accuracy":13.14,"speed":0.51,"heading":146.64,"altitude":1797.5},"is_moving":true,"odometer":617.49,"battery":{"level":0.23,"is_charging":false},"activity":{"type":"still"},"extras":{},"_":"&id=11436686&lat=6.0996287&lon=-75.6377851&timestamp=2026-06-04T18:32:41.080Z&"},"device_id":"11436686"}
2026-06-04 13:32:41  INFO: [T7679cba9: osmand > 127.0.0.1] HTTP/1.1 200 OK\r\ncontent-length: 0\r\n\r\n
2026-06-04 13:32:42  INFO: [T7679cba9] id: 11436686, time: 2026-06-04 13:32:38, lat: 6.09963, lon: -75.63777, speed: 1.5, course: 110.7, accuracy: 12.9
2026-06-04 13:32:44  INFO: [T7679cba9] id: 11436686, time: 2026-06-04 13:32:40, lat: 6.09963, lon: -75.63776, speed: 1.5, course: 106.8, accuracy: 13.1
2026-06-04 13:32:44  INFO: [T7679cba9] id: 11436686, time: 2026-06-04 13:32:41, lat: 6.09963, lon: -75.63779, speed: 1.0, course: 146.6, accuracy: 13.1
2026-06-04 13:32:47  INFO: [T7679cba9: osmand < 127.0.0.1] POST /client-proxy/ HTTP/1.1\r\nUser-Agent: okhttp/4.12.0\r\nAccept-Encoding: gzip\r\nContent-Type: application/json; charset=utf-8\r\nX-Forwarded-For: 37.10.108.122\r\nX-Forwarded-Host: arrive-legible-reexamine.ngrok-free.dev\r\nX-Forwarded-Proto: https\r\nVia: 1.1 DESKTOP-MAR70HE\r\nForwarded: by="[0:0:0:0:0:0:0:1]";for="[0:0:0:0:0:0:0:1]";host="arrive-legible-reexamine.ngrok-free.dev";proto=http\r\nHost: localhost:5055\r\nContent-Length: 401\r\n\r\n
2026-06-04 13:32:47  INFO: [T7679cba9: osmand < 127.0.0.1] {"location":{"timestamp":"2026-06-04T18:32:46.073Z","coords":{"latitude":6.0996231,"longitude":-75.6377914,"accuracy":10.7,"speed":0.51,"heading":179.17,"altitude":1797.5},"is_moving":true,"odometer":617.49,"battery":{"level":0.23,"is_charging":false},"activity":{"type":"still"},"extras":{},"_":"&id=11436686&lat=6.0996231&lon=-75.6377914&timestamp=2026-06-04T18:32:46.073Z&"},"device_id":"11436686"}
2026-06-04 13:32:47  INFO: [T7679cba9: osmand > 127.0.0.1] HTTP/1.1 200 OK\r\ncontent-length: 0\r\n\r\n
2026-06-04 13:32:48  INFO: [T7679cba9: osmand < 127.0.0.1] POST /client-proxy/ HTTP/1.1\r\nUser-Agent: okhttp/4.12.0\r\nAccept-Encoding: gzip\r\nContent-Type: application/json; charset=utf-8\r\nX-Forwarded-For: 37.10.108.122\r\nX-Forwarded-Host: arrive-legible-reexamine.ngrok-free.dev\r\nX-Forwarded-Proto: https\r\nVia: 1.1 DESKTOP-MAR70HE\r\nForwarded: by="[0:0:0:0:0:0:0:1]";for="[0:0:0:0:0:0:0:1]";host="arrive-legible-reexamine.ngrok-free.dev";proto=http\r\nHost: localhost:5055\r\nContent-Length: 401\r\n\r\n
2026-06-04 13:32:48  INFO: [T7679cba9: osmand < 127.0.0.1] {"location":{"timestamp":"2026-06-04T18:32:47.002Z","coords":{"latitude":6.0996225,"longitude":-75.6377897,"accuracy":10.93,"speed":0.58,"heading":174.5,"altitude":1797.5},"is_moving":true,"odometer":617.49,"battery":{"level":0.23,"is_charging":false},"activity":{"type":"still"},"extras":{},"_":"&id=11436686&lat=6.0996225&lon=-75.6377897&timestamp=2026-06-04T18:32:47.002Z&"},"device_id":"11436686"}
2026-06-04 13:32:48  INFO: [T7679cba9: osmand > 127.0.0.1] HTTP/1.1 200 OK\r\ncontent-length: 0\r\n\r\n
2026-06-04 13:32:50  INFO: [T7679cba9] id: 11436686, time: 2026-06-04 13:32:46, lat: 6.09962, lon: -75.63779, speed: 1.0, course: 179.2, accuracy: 10.7
2026-06-04 13:32:51  INFO: [T7679cba9] id: 11436686, time: 2026-06-04 13:32:47, lat: 6.09962, lon: -75.63779, speed: 1.1, course: 174.5, accuracy: 10.9
2026-06-04 13:32:53  INFO: [T7679cba9: osmand < 127.0.0.1] POST /client-proxy/ HTTP/1.1\r\nUser-Agent: okhttp/4.12.0\r\nAccept-Encoding: gzip\r\nContent-Type: application/json; charset=utf-8\r\nX-Forwarded-For: 37.10.108.122\r\nX-Forwarded-Host: arrive-legible-reexamine.ngrok-free.dev\r\nX-Forwarded-Proto: https\r\nVia: 1.1 DESKTOP-MAR70HE\r\nForwarded: by="[0:0:0:0:0:0:0:1]";for="[0:0:0:0:0:0:0:1]";host="arrive-legible-reexamine.ngrok-free.dev";proto=http\r\nHost: localhost:5055\r\nContent-Length: 401\r\n\r\n
2026-06-04 13:32:53  INFO: [T7679cba9: osmand < 127.0.0.1] {"location":{"timestamp":"2026-06-04T18:32:53.039Z","coords":{"latitude":6.0996327,"longitude":-75.6377976,"accuracy":9.84,"speed":0.39,"heading":240.99,"altitude":1797.3},"is_moving":true,"odometer":617.49,"battery":{"level":0.23,"is_charging":false},"activity":{"type":"still"},"extras":{},"_":"&id=11436686&lat=6.0996327&lon=-75.6377976&timestamp=2026-06-04T18:32:53.039Z&"},"device_id":"11436686"}
2026-06-04 13:32:53  INFO: [T7679cba9: osmand > 127.0.0.1] HTTP/1.1 200 OK\r\ncontent-length: 0\r\n\r\n
2026-06-04 13:32:56  INFO: [T7679cba9] id: 11436686, time: 2026-06-04 13:32:53, lat: 6.09963, lon: -75.63780, speed: 0.8, course: 241.0
2026-06-04 13:32:59  INFO: [T7679cba9: osmand < 127.0.0.1] POST /client-proxy/ HTTP/1.1\r\nUser-Agent: okhttp/4.12.0\r\nAccept-Encoding: gzip\r\nContent-Type: application/json; charset=utf-8\r\nX-Forwarded-For: 37.10.108.122\r\nX-Forwarded-Host: arrive-legible-reexamine.ngrok-free.dev\r\nX-Forwarded-Proto: https\r\nVia: 1.1 DESKTOP-MAR70HE\r\nForwarded: by="[0:0:0:0:0:0:0:1]";for="[0:0:0:0:0:0:0:1]";host="arrive-legible-reexamine.ngrok-free.dev";proto=http\r\nHost: localhost:5055\r\nContent-Length: 399\r\n\r\n
2026-06-04 13:32:59  INFO: [T7679cba9: osmand < 127.0.0.1] {"location":{"timestamp":"2026-06-04T18:32:59.078Z","coords":{"latitude":6.099643,"longitude":-75.6378041,"accuracy":9.23,"speed":0.34,"heading":305.48,"altitude":1797.4},"is_moving":true,"odometer":617.49,"battery":{"level":0.23,"is_charging":false},"activity":{"type":"still"},"extras":{},"_":"&id=11436686&lat=6.099643&lon=-75.6378041&timestamp=2026-06-04T18:32:59.078Z&"},"device_id":"11436686"}
2026-06-04 13:32:59  INFO: [T7679cba9: osmand > 127.0.0.1] HTTP/1.1 200 OK\r\ncontent-length: 0\r\n\r\n
2026-06-04 13:33:02  INFO: [T7679cba9] id: 11436686, time: 2026-06-04 13:32:59, lat: 6.09964, lon: -75.63780, speed: 0.7, course: 305.5
2026-06-04 13:33:05  INFO: [T7679cba9: osmand < 127.0.0.1] POST /client-proxy/ HTTP/1.1\r\nUser-Agent: okhttp/4.12.0\r\nAccept-Encoding: gzip\r\nContent-Type: application/json; charset=utf-8\r\nX-Forwarded-For: 37.10.108.122\r\nX-Forwarded-Host: arrive-legible-reexamine.ngrok-free.dev\r\nX-Forwarded-Proto: https\r\nVia: 1.1 DESKTOP-MAR70HE\r\nForwarded: by="[0:0:0:0:0:0:0:1]";for="[0:0:0:0:0:0:0:1]";host="arrive-legible-reexamine.ngrok-free.dev";proto=http\r\nHost: localhost:5055\r\nContent-Length: 401\r\n\r\n
2026-06-04 13:33:05  INFO: [T7679cba9: osmand < 127.0.0.1] {"location":{"timestamp":"2026-06-04T18:33:04.999Z","coords":{"latitude":6.0996493,"longitude":-75.6378086,"accuracy":9.99,"speed":0.62,"heading":322.51,"altitude":1797.4},"is_moving":true,"odometer":617.49,"battery":{"level":0.23,"is_charging":false},"activity":{"type":"still"},"extras":{},"_":"&id=11436686&lat=6.0996493&lon=-75.6378086&timestamp=2026-06-04T18:33:04.999Z&"},"device_id":"11436686"}
2026-06-04 13:33:05  INFO: [T7679cba9: osmand > 127.0.0.1] HTTP/1.1 200 OK\r\ncontent-length: 0\r\n\r\n
2026-06-04 13:33:08  INFO: [T7679cba9] id: 11436686, time: 2026-06-04 13:33:04, lat: 6.09965, lon: -75.63781, speed: 1.2, course: 322.5
2026-06-04 13:33:09  INFO: [T7679cba9: osmand < 127.0.0.1] POST /client-proxy/ HTTP/1.1\r\nUser-Agent: okhttp/4.12.0\r\nAccept-Encoding: gzip\r\nContent-Type: application/json; charset=utf-8\r\nX-Forwarded-For: 37.10.108.122\r\nX-Forwarded-Host: arrive-legible-reexamine.ngrok-free.dev\r\nX-Forwarded-Proto: https\r\nVia: 1.1 DESKTOP-MAR70HE\r\nForwarded: by="[0:0:0:0:0:0:0:1]";for="[0:0:0:0:0:0:0:1]";host="arrive-legible-reexamine.ngrok-free.dev";proto=http\r\nHost: localhost:5055\r\nContent-Length: 424\r\n\r\n
2026-06-04 13:33:09  INFO: [T7679cba9: osmand < 127.0.0.1] {"location":{"timestamp":"2026-06-04T18:33:09.063Z","coords":{"latitude":6.0996514,"longitude":-75.6378117,"accuracy":11.3,"speed":0.47,"heading":323.7,"altitude":1797.4},"is_moving":false,"odometer":617.49,"event":"motionchange","battery":{"level":0.23,"is_charging":false},"activity":{"type":"still"},"extras":{},"_":"&id=11436686&lat=6.0996514&lon=-75.6378117&timestamp=2026-06-04T18:33:09.063Z&"},"device_id":"11436686"}
2026-06-04 13:33:09  INFO: [T7679cba9: osmand > 127.0.0.1] HTTP/1.1 200 OK\r\ncontent-length: 0\r\n\r\n
2026-06-04 13:33:12  INFO: [T7679cba9] id: 11436686, time: 2026-06-04 13:33:09, lat: 6.09965, lon: -75.63781, speed: 0.9, course: 323.7, accuracy: 11.3
2026-06-04 13:33:39  INFO: [T7679cba9] disconnected
2026-06-04 13:38:13  INFO: [T31f7e6d7] connected
2026-06-04 13:38:13  INFO: [T31f7e6d7: osmand < 127.0.0.1] POST /client-proxy/ HTTP/1.1\r\nUser-Agent: okhttp/4.12.0\r\nAccept-Encoding: gzip\r\nContent-Type: application/json; charset=utf-8\r\nX-Forwarded-For: 37.10.108.122\r\nX-Forwarded-Host: arrive-legible-reexamine.ngrok-free.dev\r\nX-Forwarded-Proto: https\r\nVia: 1.1 DESKTOP-MAR70HE\r\nForwarded: by="[0:0:0:0:0:0:0:1]";for="[0:0:0:0:0:0:0:1]";host="arrive-legible-reexamine.ngrok-free.dev";proto=http\r\nHost: localhost:5055\r\nContent-Length: 411\r\n\r\n{"location":{"timestamp":"2026-06-04T18:38:12.777Z","coords":{"latitude":6.0996369,"longitude":-75.637839,"accuracy":13.2,"speed":-1,"heading":-1,"altitude":1797.3},"is_moving":false,"odometer":617.49,"battery":{"level":0.23,"is_charging":false},"activity":{"type":"still"},"extras":{},"_":"&id=11436686&lat=6.0996369&lon=-75.637839&timestamp=2026-06-04T18:38:12.777Z&","heartbeat":true},"device_id":"11436686"}
2026-06-04 13:38:13  INFO: [T31f7e6d7: osmand > 127.0.0.1] HTTP/1.1 200 OK\r\ncontent-length: 0\r\n\r\n
2026-06-04 13:38:16  INFO: [T31f7e6d7] id: 11436686, time: 2026-06-04 13:38:12, lat: 6.09964, lon: -75.63784, course: 0.0, accuracy: 13.2
2026-06-04 13:38:43  INFO: [T31f7e6d7] disconnected
2026-06-04 13:43:12  INFO: [Tb73c67b0] connected
2026-06-04 13:43:12  INFO: [Tb73c67b0: osmand < 127.0.0.1] POST /client-proxy/ HTTP/1.1\r\nUser-Agent: okhttp/4.12.0\r\nAccept-Encoding: gzip\r\nContent-Type: application/json; charset=utf-8\r\nX-Forwarded-For: 37.10.108.122\r\nX-Forwarded-Host: arrive-legible-reexamine.ngrok-free.dev\r\nX-Forwarded-Proto: https\r\nVia: 1.1 DESKTOP-MAR70HE\r\nForwarded: by="[0:0:0:0:0:0:0:1]";for="[0:0:0:0:0:0:0:1]";host="arrive-legible-reexamine.ngrok-free.dev";proto=http\r\nHost: localhost:5055\r\nContent-Length: 414\r\n\r\n{"location":{"timestamp":"2026-06-04T18:43:11.263Z","coords":{"latitude":6.0996378,"longitude":-75.6378132,"accuracy":16.24,"speed":-1,"heading":-1,"altitude":1797.3},"is_moving":false,"odometer":617.49,"battery":{"level":0.22,"is_charging":false},"activity":{"type":"still"},"extras":{},"_":"&id=11436686&lat=6.0996378&lon=-75.6378132&timestamp=2026-06-04T18:43:11.263Z&","heartbeat":true},"device_id":"11436686"}
2026-06-04 13:43:12  INFO: [Tb73c67b0: osmand > 127.0.0.1] HTTP/1.1 200 OK\r\ncontent-length: 0\r\n\r\n
2026-06-04 13:43:12  INFO: Event id: 11436686, time: 2026-06-04 13:43:12, type: deviceOnline, notifications: 0
2026-06-04 13:43:15  INFO: [Tb73c67b0] id: 11436686, time: 2026-06-04 13:43:11, lat: 6.09964, lon: -75.63781, course: 0.0, accuracy: 16.2
2026-06-04 13:43:42  INFO: [Tb73c67b0] disconnected
2026-06-04 13:44:56  INFO: [T283e21b8] connected
2026-06-04 13:44:56  INFO: [T283e21b8: osmand < 127.0.0.1] POST /client-proxy/ HTTP/1.1\r\nUser-Agent: okhttp/4.12.0\r\nAccept-Encoding: gzip\r\nContent-Type: application/json; charset=utf-8\r\nX-Forwarded-For: 37.10.108.122\r\nX-Forwarded-Host: arrive-legible-reexamine.ngrok-free.dev\r\nX-Forwarded-Proto: https\r\nVia: 1.1 DESKTOP-MAR70HE\r\nForwarded: by="[0:0:0:0:0:0:0:1]";for="[0:0:0:0:0:0:0:1]";host="arrive-legible-reexamine.ngrok-free.dev";proto=http\r\nHost: localhost:5055\r\nContent-Length: 414\r\n\r\n{"location":{"timestamp":"2026-06-04T18:44:56.410Z","coords":{"latitude":6.0996301,"longitude":-75.6378019,"accuracy":12.24,"speed":-1,"heading":-1,"altitude":1797.6},"is_moving":false,"odometer":617.49,"battery":{"level":0.22,"is_charging":false},"activity":{"type":"still"},"extras":{},"_":"&id=11436686&lat=6.0996301&lon=-75.6378019&timestamp=2026-06-04T18:44:56.410Z&","heartbeat":true},"device_id":"11436686"}
2026-06-04 13:44:56  INFO: [T283e21b8: osmand > 127.0.0.1] HTTP/1.1 200 OK\r\ncontent-length: 0\r\n\r\n
2026-06-04 13:44:59  INFO: [T283e21b8] id: 11436686, time: 2026-06-04 13:44:56, lat: 6.09963, lon: -75.63780, course: 0.0, accuracy: 12.2
2026-06-04 13:45:26  INFO: [T283e21b8] disconnected
2026-06-04 13:53:08  INFO: Stopping server...
